family	comparison_family	contrast	point_ratio	low_ratio	high_ratio	classification	critical_value	sample_sd	variance_miss	client_sensitivity	session_sensitivity
fixed_treatment_server|bidi|loopback|validated_body_bits_per_second|iouring	baseline	lsperf/ngtcp2perf	2.4829801734071486	2.399173748202025	2.5697140718354707	inconclusive	2.9558235237276556	0.04023931963166015	1	reference_client_sensitive	sensitivity_unresolved
fixed_treatment_server|bidi|loopback|validated_body_bits_per_second|iouring	baseline	mvfstperf/ngtcp2perf	0.96697352402096926	0.9260770431082167	1.0096760341010509	inconclusive	2.9558235237276556	0.050644631871686607	1	reference_client_sensitive	sensitivity_unresolved
fixed_treatment_server|bidi|loopback|validated_body_bits_per_second|iouring	baseline	neqoperf/ngtcp2perf	0.80645793214740058	0.77805771783442812	0.83589479471221184	inconclusive	2.9558235237276556	0.042015904262261455	1	reference_client_sensitive	sensitivity_unresolved
fixed_treatment_server|bidi|loopback|validated_body_bits_per_second|iouring	baseline	noqperf/ngtcp2perf	0.50442537834750056	0.4901214128043867	0.51914679847413858	inconclusive	2.9558235237276556	0.033713457967970352	1	reference_client_sensitive	sensitivity_unresolved
fixed_treatment_server|bidi|loopback|validated_body_bits_per_second|iouring	baseline	picoperf/ngtcp2perf	1.7240065033141665	1.6672341923298482	1.7827120131911949	inconclusive	2.9558235237276556	0.039242860055423635	1	reference_client_sensitive	sensitivity_unresolved
fixed_treatment_server|bidi|loopback|validated_body_bits_per_second|iouring	baseline	quicheperf/ngtcp2perf	1.0046542409465073	0.95256745453947578	1.0595891545966887	inconclusive	2.9558235237276556	0.062392475688465489	1	reference_client_sensitive	sensitivity_unresolved
fixed_treatment_server|bidi|loopback|validated_body_bits_per_second|iouring	baseline	quiczigperf/ngtcp2perf	1.2740904372796906	1.2297863156430189	1.319990653432157	inconclusive	2.9558235237276556	0.041478078593818718	1	sensitivity_unresolved	sensitivity_unresolved
fixed_treatment_server|bidi|loopback|validated_body_bits_per_second|iouring	baseline	quinnperf/ngtcp2perf	0.78733727939811693	0.76090155933534065	0.81469144585735986	inconclusive	2.9558235237276556	0.040025569034755439	1	reference_client_sensitive	sensitivity_unresolved
fixed_treatment_server|bidi|loopback|validated_body_bits_per_second|iouring	baseline	s2nperf/ngtcp2perf	1.6907692517374702	1.6239438873000356	1.7603444829450063	inconclusive	2.9558235237276556	0.047260286655512677	1	reference_client_sensitive	sensitivity_unresolved
fixed_treatment_server|bidi|loopback|validated_body_bits_per_second|iouring	baseline	tquicperf/ngtcp2perf	0.76335197043665404	0.72260117238795518	0.80640089310106311	inconclusive	2.9558235237276556	0.064295715060724248	1	sensitivity_unresolved	sensitivity_unresolved
fixed_treatment_server|bidi|loopback|validated_body_bits_per_second|iouring	baseline	xquicperf/ngtcp2perf	0.51897121472832264	0.4900034965938615	0.54965142818118562	inconclusive	2.9558235237276556	0.067312464217921517	1	reference_client_sensitive	sensitivity_unresolved
fixed_treatment_server|bidi|loopback|validated_body_bits_per_second|iouring	all_pairs	lsperf/mvfstperf	2.5677850651816856	2.4961860757362562	2.641437753804206	inconclusive	4.0092676497562163	0.024434315757491196	1	descriptive_only	descriptive_only
fixed_treatment_server|bidi|loopback|validated_body_bits_per_second|iouring	all_pairs	lsperf/neqoperf	3.078871289411933	3.0313203069568968	3.1271681831212992	superior	4.0092676497562163	0.013448349971882856	0	descriptive_only	descriptive_only
fixed_treatment_server|bidi|loopback|validated_body_bits_per_second|iouring	all_pairs	lsperf/ngtcp2perf	2.4829801734071486	2.3699941899679948	2.6013525972467684	inconclusive	4.0092676497562163	0.04023931963166015	1	reference_client_sensitive	sensitivity_unresolved
fixed_treatment_server|bidi|loopback|validated_body_bits_per_second|iouring	all_pairs	lsperf/noqperf	4.9223934401187357	4.8016266370286402	5.046197676526976	inconclusive	4.0092676497562163	0.021462466107100928	1	descriptive_only	descriptive_only
fixed_treatment_server|bidi|loopback|validated_body_bits_per_second|iouring	all_pairs	lsperf/picoperf	1.4402382871723274	1.4170708133488756	1.4637845224791886	superior	4.0092676497562163	0.014011561679191419	0	descriptive_only	descriptive_only
fixed_treatment_server|bidi|loopback|validated_body_bits_per_second|iouring	all_pairs	lsperf/quicheperf	2.4714773224546156	2.3912105619278621	2.5544384307515067	inconclusive	4.0092676497562163	0.028526885466849422	1	descriptive_only	descriptive_only
fixed_treatment_server|bidi|loopback|validated_body_bits_per_second|iouring	all_pairs	lsperf/quiczigperf	1.9488256883149968	1.9187402304621355	1.9793828800481645	superior	4.0092676497562163	0.01344259857035269	0	descriptive_only	descriptive_only
fixed_treatment_server|bidi|loopback|validated_body_bits_per_second|iouring	all_pairs	lsperf/quinnperf	3.1536423314100821	3.1101328145309397	3.1977605290665245	superior	4.0092676497562163	0.012003576254788923	0	descriptive_only	descriptive_only
fixed_treatment_server|bidi|loopback|validated_body_bits_per_second|iouring	all_pairs	lsperf/s2nperf	1.4685505848036837	1.4358619010373717	1.5019834557690583	superior	4.0092676497562163	0.019449706233034342	0	descriptive_only	descriptive_only
fixed_treatment_server|bidi|loopback|validated_body_bits_per_second|iouring	all_pairs	lsperf/tquicperf	3.2527330374045271	3.0299543581377972	3.4918916135507372	inconclusive	4.0092676497562163	0.061300760432434327	1	descriptive_only	descriptive_only
fixed_treatment_server|bidi|loopback|validated_body_bits_per_second|iouring	all_pairs	lsperf/xquicperf	4.7844275423001452	4.4321088982572627	5.1647528147426645	inconclusive	4.0092676497562163	0.06608990496666825	1	descriptive_only	descriptive_only
fixed_treatment_server|bidi|loopback|validated_body_bits_per_second|iouring	all_pairs	mvfstperf/neqoperf	1.1990377742905385	1.1590953301986924	1.2403566356609848	inconclusive	4.0092676497562163	0.029272743559314862	1	descriptive_only	descriptive_only
fixed_treatment_server|bidi|loopback|validated_body_bits_per_second|iouring	all_pairs	mvfstperf/ngtcp2perf	0.96697352402096926	0.91192362338232147	1.0253466103767332	inconclusive	4.0092676497562163	0.050644631871686607	1	reference_client_sensitive	sensitivity_unresolved
fixed_treatment_server|bidi|loopback|validated_body_bits_per_second|iouring	all_pairs	mvfstperf/noqperf	1.916980321626121	1.8367236331406387	2.0007438719662862	inconclusive	4.0092676497562163	0.036952427790387765	1	descriptive_only	descriptive_only
fixed_treatment_server|bidi|loopback|validated_body_bits_per_second|iouring	all_pairs	mvfstperf/picoperf	0.56088739930046383	0.54255990710220736	0.57983398805539577	inconclusive	4.0092676497562163	0.028704299597762023	1	descriptive_only	descriptive_only
fixed_treatment_server|bidi|loopback|validated_body_bits_per_second|iouring	all_pairs	mvfstperf/quicheperf	0.96249384575330299	0.92275535650189833	1.0039436743286758	inconclusive	4.0092676497562163	0.036430278251768228	1	descriptive_only	descriptive_only
fixed_treatment_server|bidi|loopback|validated_body_bits_per_second|iouring	all_pairs	mvfstperf/quiczigperf	0.75895203019147806	0.73327818926576327	0.78552477431318024	inconclusive	4.0092676497562163	0.029734007176169516	1	descriptive_only	descriptive_only
fixed_treatment_server|bidi|loopback|validated_body_bits_per_second|iouring	all_pairs	mvfstperf/quinnperf	1.2281566608406707	1.1911547716208668	1.2663079723173081	inconclusive	4.0092676497562163	0.026431484550180288	1	descriptive_only	descriptive_only
fixed_treatment_server|bidi|loopback|validated_body_bits_per_second|iouring	all_pairs	mvfstperf/s2nperf	0.5719133601627111	0.55085229047497142	0.5937796705003705	inconclusive	4.0092676497562163	0.032418866254819906	1	descriptive_only	descriptive_only
fixed_treatment_server|bidi|loopback|validated_body_bits_per_second|iouring	all_pairs	mvfstperf/tquicperf	1.2667466142359458	1.1808492018542056	1.3588923819896446	inconclusive	4.0092676497562163	0.06067004821065719	1	descriptive_only	descriptive_only
fixed_treatment_server|bidi|loopback|validated_body_bits_per_second|iouring	all_pairs	mvfstperf/xquicperf	1.8632507865145711	1.7253315400305353	2.0121949972500501	inconclusive	4.0092676497562163	0.066446406217926038	1	descriptive_only	descriptive_only
fixed_treatment_server|bidi|loopback|validated_body_bits_per_second|iouring	all_pairs	neqoperf/ngtcp2perf	0.80645793214740058	0.76817958549631371	0.8466436867145597	inconclusive	4.0092676497562163	0.042015904262261455	1	reference_client_sensitive	sensitivity_unresolved
fixed_treatment_server|bidi|loopback|validated_body_bits_per_second|iouring	all_pairs	neqoperf/noqperf	1.5987655791414774	1.5641851300009397	1.6341105205660968	superior	4.0092676497562163	0.018893441762281402	0	descriptive_only	descriptive_only
fixed_treatment_server|bidi|loopback|validated_body_bits_per_second|iouring	all_pairs	neqoperf/picoperf	0.46778125871166704	0.46268287508059075	0.47293582232486414	inferior	4.0092676497562163	0.0094687530328503005	0	descriptive_only	descriptive_only
fixed_treatment_server|bidi|loopback|validated_body_bits_per_second|iouring	all_pairs	neqoperf/quicheperf	0.80272187114605564	0.77566052662549922	0.83072733534541809	inconclusive	4.0092676497562163	0.029630246838035272	1	descriptive_only	descriptive_only
fixed_treatment_server|bidi|loopback|validated_body_bits_per_second|iouring	all_pairs	neqoperf/quiczigperf	0.63296757321973784	0.62897722120834565	0.63698324078889268	inferior	4.0092676497562163	0.0054642161283948608	0	descriptive_only	descriptive_only
fixed_treatment_server|bidi|loopback|validated_body_bits_per_second|iouring	all_pairs	neqoperf/quinnperf	1.0242852120045687	1.0160590871766439	1.0325779364333816	inconclusive	4.0092676497562163	0.0069670633362543203	0	descriptive_only	descriptive_only
fixed_treatment_server|bidi|loopback|validated_body_bits_per_second|iouring	all_pairs	neqoperf/s2nperf	0.47697693302540684	0.4696191847764043	0.48444995863327933	inferior	4.0092676497562163	0.013432118683395795	0	descriptive_only	descriptive_only
fixed_treatment_server|bidi|loopback|validated_body_bits_per_second|iouring	all_pairs	neqoperf/tquicperf	1.0564693134755243	0.98040854666240529	1.1384309266938426	inconclusive	4.0092676497562163	0.064558475279623301	1	descriptive_only	descriptive_only
fixed_treatment_server|bidi|loopback|validated_body_bits_per_second|iouring	all_pairs	neqoperf/xquicperf	1.5539550350004965	1.4340481952213779	1.6838877932067118	inconclusive	4.0092676497562163	0.069382788655220295	1	descriptive_only	descriptive_only
fixed_treatment_server|bidi|loopback|validated_body_bits_per_second|iouring	all_pairs	ngtcp2perf/noqperf	1.9824537838996203	1.906589834259133	2.0613363895465739	inconclusive	4.0092676497562163	0.03371345796797038	1	descriptive_only	descriptive_only
fixed_treatment_server|bidi|loopback|validated_body_bits_per_second|iouring	all_pairs	ngtcp2perf/picoperf	0.58004421565558884	0.55428865828975493	0.60699652984713781	inconclusive	4.0092676497562163	0.039242860055423656	1	descriptive_only	descriptive_only
fixed_treatment_server|bidi|loopback|validated_body_bits_per_second|iouring	all_pairs	ngtcp2perf/quicheperf	0.99536732065937183	0.92602412680197721	1.0699031206219123	inconclusive	4.0092676497562163	0.062392475688465447	1	descriptive_only	descriptive_only
fixed_treatment_server|bidi|loopback|validated_body_bits_per_second|iouring	all_pairs	ngtcp2perf/quiczigperf	0.78487364063033005	0.74808530068997603	0.82347110842591498	inconclusive	4.0092676497562163	0.041478078593818725	1	descriptive_only	descriptive_only
fixed_treatment_server|bidi|loopback|validated_body_bits_per_second|iouring	all_pairs	ngtcp2perf/quinnperf	1.2701037105272774	1.2126086291257312	1.3303248853327225	inconclusive	4.0092676497562163	0.040025569034755452	1	descriptive_only	descriptive_only
fixed_treatment_server|bidi|loopback|validated_body_bits_per_second|iouring	all_pairs	ngtcp2perf/s2nperf	0.59144676245583416	0.55996470742301574	0.62469878580263893	inconclusive	4.0092676497562163	0.047260286655512677	1	descriptive_only	descriptive_only
fixed_treatment_server|bidi|loopback|validated_body_bits_per_second|iouring	all_pairs	ngtcp2perf/tquicperf	1.3100116836378612	1.2160668365283298	1.4112140547858156	inconclusive	4.0092676497562163	0.064295715060724262	1	descriptive_only	descriptive_only
fixed_treatment_server|bidi|loopback|validated_body_bits_per_second|iouring	all_pairs	ngtcp2perf/xquicperf	1.9268891445616929	1.7824717736166391	2.0830073330677243	inconclusive	4.0092676497562163	0.067312464217921475	1	descriptive_only	descriptive_only
fixed_treatment_server|bidi|loopback|validated_body_bits_per_second|iouring	all_pairs	noqperf/picoperf	0.29258902294034966	0.28723330038648576	0.29804460774568425	inferior	4.0092676497562163	0.015962137945033344	0	descriptive_only	descriptive_only
fixed_treatment_server|bidi|loopback|validated_body_bits_per_second|iouring	all_pairs	noqperf/quicheperf	0.50208853731834158	0.4784486318084869	0.52689647863258848	inconclusive	4.0092676497562163	0.041669799424568214	1	descriptive_only	descriptive_only
fixed_treatment_server|bidi|loopback|validated_body_bits_per_second|iouring	all_pairs	noqperf/quiczigperf	0.39591018312993431	0.38826640964898473	0.4037044390414421	inferior	4.0092676497562163	0.016844699118377365	0	descriptive_only	descriptive_only
fixed_treatment_server|bidi|loopback|validated_body_bits_per_second|iouring	all_pairs	noqperf/quinnperf	0.64067254472328616	0.62636953934434625	0.65530215596349473	inferior	4.0092676497562163	0.019507889161280854	0	descriptive_only	descriptive_only
fixed_treatment_server|bidi|loopback|validated_body_bits_per_second|iouring	all_pairs	noqperf/s2nperf	0.29834075692418843	0.28960925685927835	0.30733550511248492	inconclusive	4.0092676497562163	0.025664686038444968	1	descriptive_only	descriptive_only
fixed_treatment_server|bidi|loopback|validated_body_bits_per_second|iouring	all_pairs	noqperf/tquicperf	0.66080313915867428	0.610109765039204	0.715708572036869	inconclusive	4.0092676497562163	0.068963843604898697	1	descriptive_only	descriptive_only
fixed_treatment_server|bidi|loopback|validated_body_bits_per_second|iouring	all_pairs	noqperf/xquicperf	0.9719717857792235	0.89676552715967894	1.053485134897066	inconclusive	4.0092676497562163	0.069581842317921194	1	descriptive_only	descriptive_only
fixed_treatment_server|bidi|loopback|validated_body_bits_per_second|iouring	all_pairs	picoperf/quicheperf	1.7160197340031542	1.6543691920342698	1.7799677010832884	inconclusive	4.0092676497562163	0.03161264923630501	1	descriptive_only	descriptive_only
fixed_treatment_server|bidi|loopback|validated_body_bits_per_second|iouring	all_pairs	picoperf/quiczigperf	1.3531272607265548	1.343490776875877	1.3628328643825955	superior	4.0092676497562163	0.0061752789504466244	0	descriptive_only	descriptive_only
fixed_treatment_server|bidi|loopback|validated_body_bits_per_second|iouring	all_pairs	picoperf/quinnperf	2.1896670568324801	2.1690907784740969	2.2104385244541631	superior	4.0092676497562163	0.0081576089057902364	0	descriptive_only	descriptive_only
fixed_treatment_server|bidi|loopback|validated_body_bits_per_second|iouring	all_pairs	picoperf/s2nperf	1.0196580648379672	1.001886055942333	1.037745323455177	inconclusive	4.0092676497562163	0.015192178529605449	0	descriptive_only	descriptive_only
fixed_treatment_server|bidi|loopback|validated_body_bits_per_second|iouring	all_pairs	picoperf/tquicperf	2.2584686620092134	2.0926164657682689	2.4374656229253442	inconclusive	4.0092676497562163	0.065900647627194178	1	descriptive_only	descriptive_only
fixed_treatment_server|bidi|loopback|validated_body_bits_per_second|iouring	all_pairs	picoperf/xquicperf	3.321969416389829	3.0779520733042296	3.5853322405967876	inconclusive	4.0092676497562163	0.065919241637406076	1	descriptive_only	descriptive_only
fixed_treatment_server|bidi|loopback|validated_body_bits_per_second|iouring	all_pairs	quicheperf/quiczigperf	0.78852663166638592	0.76188347993209282	0.8161014974396813	inconclusive	4.0092676497562163	0.029698692580712463	1	descriptive_only	descriptive_only
fixed_treatment_server|bidi|loopback|validated_body_bits_per_second|iouring	all_pairs	quicheperf/quinnperf	1.2760150792231244	1.2336632171132387	1.3198208877580093	inconclusive	4.0092676497562163	0.029164279731939701	1	descriptive_only	descriptive_only
fixed_treatment_server|bidi|loopback|validated_body_bits_per_second|iouring	all_pairs	quicheperf/s2nperf	0.59419949819533535	0.57121598625906067	0.61810777735387268	inconclusive	4.0092676497562163	0.034083759197913142	1	descriptive_only	descriptive_only
fixed_treatment_server|bidi|loopback|validated_body_bits_per_second|iouring	all_pairs	quicheperf/tquicperf	1.3161087936562514	1.2181989085803393	1.421887956506144	inconclusive	4.0092676497562163	0.066794234602108121	1	descriptive_only	descriptive_only
fixed_treatment_server|bidi|loopback|validated_body_bits_per_second|iouring	all_pairs	quicheperf/xquicperf	1.9358573509176924	1.7607809452929211	2.1283417980642843	inconclusive	4.0092676497562163	0.081903274448333827	1	descriptive_only	descriptive_only
fixed_treatment_server|bidi|loopback|validated_body_bits_per_second|iouring	all_pairs	quiczigperf/quinnperf	1.6182269919362566	1.6053722980160514	1.6311846172176088	superior	4.0092676497562163	0.0068909414478116743	0	descriptive_only	descriptive_only
fixed_treatment_server|bidi|loopback|validated_body_bits_per_second|iouring	all_pairs	quiczigperf/s2nperf	0.75355666420501122	0.74165302986166093	0.76565135353617242	inferior	4.0092676497562163	0.013757585422278068	0	descriptive_only	descriptive_only
fixed_treatment_server|bidi|loopback|validated_body_bits_per_second|iouring	all_pairs	quiczigperf/tquicperf	1.6690733588476665	1.5493784212124813	1.7980151518019543	inconclusive	4.0092676497562163	0.064296108935286034	1	descriptive_only	descriptive_only
fixed_treatment_server|bidi|loopback|validated_body_bits_per_second|iouring	all_pairs	quiczigperf/xquicperf	2.4550310327840963	2.2674144426684726	2.6581719065173139	inconclusive	4.0092676497562163	0.06868920720430316	1	descriptive_only	descriptive_only
fixed_treatment_server|bidi|loopback|validated_body_bits_per_second|iouring	all_pairs	quinnperf/s2nperf	0.46566808486080075	0.45868918943394665	0.47275316325969979	inferior	4.0092676497562163	0.013046999586911714	0	descriptive_only	descriptive_only
fixed_treatment_server|bidi|loopback|validated_body_bits_per_second|iouring	all_pairs	quinnperf/tquicperf	1.0314210349751802	0.95831150934992781	1.1101080817770019	inconclusive	4.0092676497562163	0.063522910675031491	1	descriptive_only	descriptive_only
fixed_treatment_server|bidi|loopback|validated_body_bits_per_second|iouring	all_pairs	quinnperf/xquicperf	1.5171116567809679	1.4056581859382391	1.6374021808185315	inconclusive	4.0092676497562163	0.065927284233427474	1	descriptive_only	descriptive_only
fixed_treatment_server|bidi|loopback|validated_body_bits_per_second|iouring	all_pairs	s2nperf/tquicperf	2.2149274741117297	2.0415642925600648	2.4030121086331802	inconclusive	4.0092676497562163	0.070420800476391585	1	descriptive_only	descriptive_only
fixed_treatment_server|bidi|loopback|validated_body_bits_per_second|iouring	all_pairs	s2nperf/xquicperf	3.2579249171316276	3.0181727342647333	3.5167221031346472	inconclusive	4.0092676497562163	0.066044983534209845	1	descriptive_only	descriptive_only
fixed_treatment_server|bidi|loopback|validated_body_bits_per_second|iouring	all_pairs	tquicperf/xquicperf	1.4708946253141668	1.3092542542782646	1.6524910969036835	inconclusive	4.0092676497562163	0.10058365905336236	1	descriptive_only	descriptive_only
fixed_treatment_server|close_reset_cleanup|loopback|cleanup_geometric_mean_operations_per_second|iouring	baseline	lsperf/ngtcp2perf	1.3591501588131556	1.3536183685036509	1.3647045557189803	superior	3.5634475853273453	0.0039646405304169042	0	reference_client_sensitive	invariance_supported
fixed_treatment_server|close_reset_cleanup|loopback|cleanup_geometric_mean_operations_per_second|iouring	baseline	mvfstperf/ngtcp2perf	0.11689511588118676	0.11620377614182309	0.1175905686593095	inferior	3.5634475853273453	0.0057663742990469611	0	reference_client_sensitive	invariance_supported
fixed_treatment_server|close_reset_cleanup|loopback|cleanup_geometric_mean_operations_per_second|iouring	baseline	neqoperf/ngtcp2perf	0.34394398872463722	0.3428979312224707	0.34499323736970133	inferior	3.5634475853273453	0.0029610745682358904	0	reference_client_sensitive	invariance_supported
fixed_treatment_server|close_reset_cleanup|loopback|cleanup_geometric_mean_operations_per_second|iouring	baseline	noqperf/ngtcp2perf	0.07277445543266782	0.0723969231446044	0.073153956459488911	inferior	3.5634475853273453	0.0050562009016035109	0	sensitivity_unresolved	invariance_supported
fixed_treatment_server|close_reset_cleanup|loopback|cleanup_geometric_mean_operations_per_second|iouring	baseline	picoperf/ngtcp2perf	1.0078480341848102	1.0046149250115612	1.0110915483347978	equivalent	3.5634475853273453	0.0031235113712621341	0	reference_client_sensitive	invariance_supported
fixed_treatment_server|close_reset_cleanup|loopback|cleanup_geometric_mean_operations_per_second|iouring	baseline	quicheperf/ngtcp2perf	0.88065190165563789	0.87962264401020973	0.88168236364853014	inferior	3.5634475853273453	0.0011368259688802887	0	invariance_supported	invariance_supported
fixed_treatment_server|close_reset_cleanup|loopback|cleanup_geometric_mean_operations_per_second|iouring	baseline	quiczigperf/ngtcp2perf	0.69100644898756769	0.68833220308312515	0.69369108462988016	inferior	3.5634475853273453	0.0037694780680550995	0	reference_client_sensitive	invariance_supported
fixed_treatment_server|close_reset_cleanup|loopback|cleanup_geometric_mean_operations_per_second|iouring	baseline	quinnperf/ngtcp2perf	0.11226388920997168	0.1110819317089279	0.11345842322560054	inferior	3.5634475853273453	0.010289122273474503	0	reference_client_sensitive	sensitivity_unresolved
fixed_treatment_server|close_reset_cleanup|loopback|cleanup_geometric_mean_operations_per_second|iouring	baseline	s2nperf/ngtcp2perf	0.63029414777317627	0.62535221446553235	0.63527513539973401	inferior	3.5634475853273453	0.0076521244304390383	0	invariance_supported	sensitivity_unresolved
fixed_treatment_server|close_reset_cleanup|loopback|cleanup_geometric_mean_operations_per_second|iouring	baseline	tquicperf/ngtcp2perf	0.65829964930950025	0.6555982691738157	0.66101216043039412	inferior	3.5634475853273453	0.003997375376010746	0	reference_client_sensitive	invariance_supported
fixed_treatment_server|close_reset_cleanup|loopback|cleanup_geometric_mean_operations_per_second|iouring	baseline	xquicperf/ngtcp2perf	0.091542032621455535	0.091101316998036933	0.091984880269603594	inferior	3.5634475853273453	0.004691434633684646	0	sensitivity_unresolved	invariance_supported
fixed_treatment_server|close_reset_cleanup|loopback|cleanup_geometric_mean_operations_per_second|iouring	all_pairs	lsperf/mvfstperf	11.627091077052425	11.541471333254366	11.713345986014124	superior	4.4145221923535187	0.0057998094898829454	0	descriptive_only	descriptive_only
fixed_treatment_server|close_reset_cleanup|loopback|cleanup_geometric_mean_operations_per_second|iouring	all_pairs	lsperf/neqoperf	3.9516613267554326	3.9300005208766229	3.9734415195169741	superior	4.4145221923535187	0.0043131525606823233	0	descriptive_only	descriptive_only
fixed_treatment_server|close_reset_cleanup|loopback|cleanup_geometric_mean_operations_per_second|iouring	all_pairs	lsperf/ngtcp2perf	1.3591501588131556	1.3523005197489117	1.3660344924993602	superior	4.4145221923535187	0.0039646405304169042	0	reference_client_sensitive	invariance_supported
fixed_treatment_server|close_reset_cleanup|loopback|cleanup_geometric_mean_operations_per_second|iouring	all_pairs	lsperf/noqperf	18.676198272217437	18.5374439613148	18.81599117068556	superior	4.4145221923535187	0.005851715909274708	0	descriptive_only	descriptive_only
fixed_treatment_server|close_reset_cleanup|loopback|cleanup_geometric_mean_operations_per_second|iouring	all_pairs	lsperf/picoperf	1.3485665623314864	1.3389474363976313	1.3582547929823874	superior	4.4145221923535187	0.0056172485950853101	0	descriptive_only	descriptive_only
fixed_treatment_server|close_reset_cleanup|loopback|cleanup_geometric_mean_operations_per_second|iouring	all_pairs	lsperf/quicheperf	1.5433455105904323	1.5345297474693016	1.5522119196371544	superior	4.4145221923535187	0.0044951790972258612	0	descriptive_only	descriptive_only
fixed_treatment_server|close_reset_cleanup|loopback|cleanup_geometric_mean_operations_per_second|iouring	all_pairs	lsperf/quiczigperf	1.9669138555863301	1.9517576686856319	1.9821877364021361	superior	4.4145221923535187	0.006070020684341702	0	descriptive_only	descriptive_only
fixed_treatment_server|close_reset_cleanup|loopback|cleanup_geometric_mean_operations_per_second|iouring	all_pairs	lsperf/quinnperf	12.106743926099707	11.912534880010119	12.304119145800783	superior	4.4145221923535187	0.012689831940871275	0	descriptive_only	descriptive_only
fixed_treatment_server|close_reset_cleanup|loopback|cleanup_geometric_mean_operations_per_second|iouring	all_pairs	lsperf/s2nperf	2.1563743906159072	2.1357339760760197	2.177214280707128	superior	4.4145221923535187	0.0075472371911245459	0	descriptive_only	descriptive_only
fixed_treatment_server|close_reset_cleanup|loopback|cleanup_geometric_mean_operations_per_second|iouring	all_pairs	lsperf/tquicperf	2.0646375252345757	2.0498907520963834	2.0794903856448665	superior	4.4145221923535187	0.0056249118606970612	0	descriptive_only	descriptive_only
fixed_treatment_server|close_reset_cleanup|loopback|cleanup_geometric_mean_operations_per_second|iouring	all_pairs	lsperf/xquicperf	14.84727965822554	14.722795797232445	14.97281605243727	superior	4.4145221923535187	0.006606935956742839	0	descriptive_only	descriptive_only
fixed_treatment_server|close_reset_cleanup|loopback|cleanup_geometric_mean_operations_per_second|iouring	all_pairs	mvfstperf/neqoperf	0.339866721656163	0.33769128791960651	0.34205616970730635	inferior	4.4145221923535187	0.0050389237007249345	0	descriptive_only	descriptive_only
fixed_treatment_server|close_reset_cleanup|loopback|cleanup_geometric_mean_operations_per_second|iouring	all_pairs	mvfstperf/ngtcp2perf	0.11689511588118676	0.1160392660735055	0.11775727802535628	inferior	4.4145221923535187	0.0057663742990469611	0	reference_client_sensitive	invariance_supported
fixed_treatment_server|close_reset_cleanup|loopback|cleanup_geometric_mean_operations_per_second|iouring	all_pairs	mvfstperf/noqperf	1.6062657588601277	1.5901378197455964	1.622557275255101	superior	4.4145221923535187	0.0079187725115618564	0	descriptive_only	descriptive_only
fixed_treatment_server|close_reset_cleanup|loopback|cleanup_geometric_mean_operations_per_second|iouring	all_pairs	mvfstperf/picoperf	0.11598486271368917	0.11494594346738859	0.11703317205387016	inferior	4.4145221923535187	0.0070605700210106563	0	descriptive_only	descriptive_only
fixed_treatment_server|close_reset_cleanup|loopback|cleanup_geometric_mean_operations_per_second|iouring	all_pairs	mvfstperf/quicheperf	0.13273702771937729	0.13172594165806853	0.13375587455286581	inferior	4.4145221923535187	0.0060001524328371445	0	descriptive_only	descriptive_only
fixed_treatment_server|close_reset_cleanup|loopback|cleanup_geometric_mean_operations_per_second|iouring	all_pairs	mvfstperf/quiczigperf	0.16916646154671394	0.1673559124174179	0.17099659820119656	inferior	4.4145221923535187	0.0084437909911345144	0	descriptive_only	descriptive_only
fixed_treatment_server|close_reset_cleanup|loopback|cleanup_geometric_mean_operations_per_second|iouring	all_pairs	mvfstperf/quinnperf	1.0412530396355062	1.0266935833219342	1.0560189623881309	inconclusive	4.4145221923535187	0.011049685654205155	0	descriptive_only	descriptive_only
fixed_treatment_server|close_reset_cleanup|loopback|cleanup_geometric_mean_operations_per_second|iouring	all_pairs	mvfstperf/s2nperf	0.18546121091902276	0.18351050280038048	0.1874326549743339	inferior	4.4145221923535187	0.0082973646885476093	0	descriptive_only	descriptive_only
fixed_treatment_server|close_reset_cleanup|loopback|cleanup_geometric_mean_operations_per_second|iouring	all_pairs	mvfstperf/tquicperf	0.17757128688098142	0.17589647864770536	0.17926204189522668	inferior	4.4145221923535187	0.0074362749162451575	0	descriptive_only	descriptive_only
fixed_treatment_server|close_reset_cleanup|loopback|cleanup_geometric_mean_operations_per_second|iouring	all_pairs	mvfstperf/xquicperf	1.2769556512315079	1.2665504333966107	1.2874463520881128	superior	4.4145221923535187	0.0064203356431084997	0	descriptive_only	descriptive_only
fixed_treatment_server|close_reset_cleanup|loopback|cleanup_geometric_mean_operations_per_second|iouring	all_pairs	neqoperf/ngtcp2perf	0.34394398872463722	0.34264856750912887	0.345244307424871	inferior	4.4145221923535187	0.0029610745682358904	0	reference_client_sensitive	invariance_supported
fixed_treatment_server|close_reset_cleanup|loopback|cleanup_geometric_mean_operations_per_second|iouring	all_pairs	neqoperf/noqperf	4.7261636886154372	4.6837112720365823	4.7690008871692502	superior	4.4145221923535187	0.0070804103048513764	0	descriptive_only	descriptive_only
fixed_treatment_server|close_reset_cleanup|loopback|cleanup_geometric_mean_operations_per_second|iouring	all_pairs	neqoperf/picoperf	0.34126572365925534	0.33946128567540218	0.34307975330075835	inferior	4.4145221923535187	0.0041601300703290583	0	descriptive_only	descriptive_only
fixed_treatment_server|close_reset_cleanup|loopback|cleanup_geometric_mean_operations_per_second|iouring	all_pairs	neqoperf/quicheperf	0.39055611880019525	0.38901849499671665	0.39209982017322753	inferior	4.4145221923535187	0.0030954934028482998	0	descriptive_only	descriptive_only
fixed_treatment_server|close_reset_cleanup|loopback|cleanup_geometric_mean_operations_per_second|iouring	all_pairs	neqoperf/quiczigperf	0.49774352935282845	0.49428174938091352	0.50122955444524186	inferior	4.4145221923535187	0.0054766551968245033	0	descriptive_only	descriptive_only
fixed_treatment_server|close_reset_cleanup|loopback|cleanup_geometric_mean_operations_per_second|iouring	all_pairs	neqoperf/quinnperf	3.0637098994614802	3.0226234913752172	3.1053547935564203	superior	4.4145221923535187	0.01059463377020816	0	descriptive_only	descriptive_only
fixed_treatment_server|close_reset_cleanup|loopback|cleanup_geometric_mean_operations_per_second|iouring	all_pairs	neqoperf/s2nperf	0.54568805682202237	0.5400778024147419	0.55135658978541779	inferior	4.4145221923535187	0.0081093706958272668	0	descriptive_only	descriptive_only
fixed_treatment_server|close_reset_cleanup|loopback|cleanup_geometric_mean_operations_per_second|iouring	all_pairs	neqoperf/tquicperf	0.5224732978141563	0.51915276521904175	0.52581506873728123	inferior	4.4145221923535187	0.0050030436859018592	0	descriptive_only	descriptive_only
fixed_treatment_server|close_reset_cleanup|loopback|cleanup_geometric_mean_operations_per_second|iouring	all_pairs	neqoperf/xquicperf	3.7572247291789305	3.7349008092547891	3.7796820816696193	superior	4.4145221923535187	0.0046763134051903948	0	descriptive_only	descriptive_only
fixed_treatment_server|close_reset_cleanup|loopback|cleanup_geometric_mean_operations_per_second|iouring	all_pairs	ngtcp2perf/noqperf	13.741085303279483	13.652830161669764	13.829910947116822	superior	4.4145221923535187	0.0050562009016035612	0	descriptive_only	descriptive_only
fixed_treatment_server|close_reset_cleanup|loopback|cleanup_geometric_mean_operations_per_second|iouring	all_pairs	ngtcp2perf/picoperf	0.99221307784644552	0.98827143695547137	0.99617043965409535	equivalent	4.4145221923535187	0.0031235113712621441	0	descriptive_only	descriptive_only
fixed_treatment_server|close_reset_cleanup|loopback|cleanup_geometric_mean_operations_per_second|iouring	all_pairs	ngtcp2perf/quicheperf	1.1355224443619392	1.1338785714450084	1.1371687005306883	superior	4.4145221923535187	0.0011368259688802767	0	descriptive_only	descriptive_only
fixed_treatment_server|close_reset_cleanup|loopback|cleanup_geometric_mean_operations_per_second|iouring	all_pairs	ngtcp2perf/quiczigperf	1.4471644967498583	1.4402294480879481	1.4541329393268887	superior	4.4145221923535187	0.0037694780680550873	0	descriptive_only	descriptive_only
fixed_treatment_server|close_reset_cleanup|loopback|cleanup_geometric_mean_operations_per_second|iouring	all_pairs	ngtcp2perf/quinnperf	8.9075837924130674	8.7915492787357987	9.0251497777271812	superior	4.4145221923535187	0.010289122273474508	0	descriptive_only	descriptive_only
fixed_treatment_server|close_reset_cleanup|loopback|cleanup_geometric_mean_operations_per_second|iouring	all_pairs	ngtcp2perf/s2nperf	1.5865608201075503	1.5711645322761014	1.6021079805396208	superior	4.4145221923535187	0.0076521244304389941	0	descriptive_only	descriptive_only
fixed_treatment_server|close_reset_cleanup|loopback|cleanup_geometric_mean_operations_per_second|iouring	all_pairs	ngtcp2perf/tquicperf	1.5190650656565199	1.5113464629227336	1.5268230880929514	superior	4.4145221923535187	0.0039973753760107755	0	descriptive_only	descriptive_only
fixed_treatment_server|close_reset_cleanup|loopback|cleanup_geometric_mean_operations_per_second|iouring	all_pairs	ngtcp2perf/xquicperf	10.923943584857879	10.858828649736399	10.989448981502663	superior	4.4145221923535187	0.0046914346336846347	0	descriptive_only	descriptive_only
fixed_treatment_server|close_reset_cleanup|loopback|cleanup_geometric_mean_operations_per_second|iouring	all_pairs	noqperf/picoperf	0.072207766413446312	0.071515393957427051	0.07290684203631298	inferior	4.4145221923535187	0.0075605483989978975	0	descriptive_only	descriptive_only
fixed_treatment_server|close_reset_cleanup|loopback|cleanup_geometric_mean_operations_per_second|iouring	all_pairs	noqperf/quicheperf	0.082637027520011994	0.082111124192890281	0.083166299139946581	inferior	4.4145221923535187	0.005009838856131303	0	descriptive_only	descriptive_only
fixed_treatment_server|close_reset_cleanup|loopback|cleanup_geometric_mean_operations_per_second|iouring	all_pairs	noqperf/quiczigperf	0.10531660817246172	0.10453052174397964	0.10610860609801406	inferior	4.4145221923535187	0.0058790372288406445	0	descriptive_only	descriptive_only
fixed_treatment_server|close_reset_cleanup|loopback|cleanup_geometric_mean_operations_per_second|iouring	all_pairs	noqperf/quinnperf	0.64824455971371897	0.63881173829009064	0.65781666805816719	inferior	4.4145221923535187	0.011502407752985418	0	descriptive_only	descriptive_only
fixed_treatment_server|close_reset_cleanup|loopback|cleanup_geometric_mean_operations_per_second|iouring	all_pairs	noqperf/s2nperf	0.11546109969413386	0.1142841723458934	0.1166501473382526	inferior	4.4145221923535187	0.0080397729713961325	0	descriptive_only	descriptive_only
fixed_treatment_server|close_reset_cleanup|loopback|cleanup_geometric_mean_operations_per_second|iouring	all_pairs	noqperf/tquicperf	0.11054913291994302	0.1097074831436862	0.1113972396335534	inferior	4.4145221923535187	0.0059971025845471223	0	descriptive_only	descriptive_only
fixed_treatment_server|close_reset_cleanup|loopback|cleanup_geometric_mean_operations_per_second|iouring	all_pairs	noqperf/xquicperf	0.79498404556521718	0.78706722336642299	0.80298050019167022	inferior	4.4145221923535187	0.0078536379653271864	0	descriptive_only	descriptive_only
fixed_treatment_server|close_reset_cleanup|loopback|cleanup_geometric_mean_operations_per_second|iouring	all_pairs	picoperf/quicheperf	1.1444340633229106	1.1391937147000895	1.1496985178140617	superior	4.4145221923535187	0.0036014097796796185	0	descriptive_only	descriptive_only
fixed_treatment_server|close_reset_cleanup|loopback|cleanup_geometric_mean_operations_per_second|iouring	all_pairs	picoperf/quiczigperf	1.4585218931913946	1.4493806132792326	1.4677208273854385	superior	4.4145221923535187	0.0049336178943341687	0	descriptive_only	descriptive_only
fixed_treatment_server|close_reset_cleanup|loopback|cleanup_geometric_mean_operations_per_second|iouring	all_pairs	picoperf/quinnperf	8.9774908145199852	8.8413424530002445	9.1157357328061952	superior	4.4145221923535187	0.011991638311434257	0	descriptive_only	descriptive_only
fixed_treatment_server|close_reset_cleanup|loopback|cleanup_geometric_mean_operations_per_second|iouring	all_pairs	picoperf/s2nperf	1.5990122036600347	1.580344098842696	1.6179008288929755	superior	4.4145221923535187	0.0092151611655296502	0	descriptive_only	descriptive_only
fixed_treatment_server|close_reset_cleanup|loopback|cleanup_geometric_mean_operations_per_second|iouring	all_pairs	picoperf/tquicperf	1.5309867402207431	1.5198259814466437	1.5422294574150393	superior	4.4145221923535187	0.0057413896820814967	0	descriptive_only	descriptive_only
fixed_treatment_server|close_reset_cleanup|loopback|cleanup_geometric_mean_operations_per_second|iouring	all_pairs	picoperf/xquicperf	11.009675067544782	10.942318097853887	11.077446662484673	superior	4.4145221923535187	0.0048155606718740442	0	descriptive_only	descriptive_only
fixed_treatment_server|close_reset_cleanup|loopback|cleanup_geometric_mean_operations_per_second|iouring	all_pairs	quicheperf/quiczigperf	1.2744481660712867	1.2688397133230835	1.2800814089816348	superior	4.4145221923535187	0.0034608690092947968	0	descriptive_only	descriptive_only
fixed_treatment_server|close_reset_cleanup|loopback|cleanup_geometric_mean_operations_per_second|iouring	all_pairs	quicheperf/quinnperf	7.8444806059455043	7.743168980274568	7.9471177929624783	superior	4.4145221923535187	0.010200505156639329	0	descriptive_only	descriptive_only
fixed_treatment_server|close_reset_cleanup|loopback|cleanup_geometric_mean_operations_per_second|iouring	all_pairs	quicheperf/s2nperf	1.3972078033200426	1.382928969133423	1.4116340674255372	superior	4.4145221923535187	0.0080605990914719566	0	descriptive_only	descriptive_only
fixed_treatment_server|close_reset_cleanup|loopback|cleanup_geometric_mean_operations_per_second|iouring	all_pairs	quicheperf/tquicperf	1.3377675388090606	1.3306843350235296	1.3448884463343496	superior	4.4145221923535187	0.0041658947785835768	0	descriptive_only	descriptive_only
fixed_treatment_server|close_reset_cleanup|loopback|cleanup_geometric_mean_operations_per_second|iouring	all_pairs	quicheperf/xquicperf	9.6201916915839956	9.5546677772346005	9.6861649552411606	superior	4.4145221923535187	0.0053629808840048344	0	descriptive_only	descriptive_only
fixed_treatment_server|close_reset_cleanup|loopback|cleanup_geometric_mean_operations_per_second|iouring	all_pairs	quiczigperf/quinnperf	6.1551978454545635	6.0651547572525573	6.246577710384857	superior	4.4145221923535187	0.011564088813391367	0	descriptive_only	descriptive_only
fixed_treatment_server|close_reset_cleanup|loopback|cleanup_geometric_mean_operations_per_second|iouring	all_pairs	quiczigperf/s2nperf	1.0963237584053216	1.0837822190607671	1.109010428576314	superior	4.4145221923535187	0.0090284863217278567	0	descriptive_only	descriptive_only
fixed_treatment_server|close_reset_cleanup|loopback|cleanup_geometric_mean_operations_per_second|iouring	all_pairs	quiczigperf/tquicperf	1.0496837568003783	1.0425361566130664	1.0568803607446471	superior	4.4145221923535187	0.0053615643653458014	0	descriptive_only	descriptive_only
fixed_treatment_server|close_reset_cleanup|loopback|cleanup_geometric_mean_operations_per_second|iouring	all_pairs	quiczigperf/xquicperf	7.5485154655131605	7.481723656495106	7.6159035469888368	superior	4.4145221923535187	0.0069742432262977225	0	descriptive_only	descriptive_only
fixed_treatment_server|close_reset_cleanup|loopback|cleanup_geometric_mean_operations_per_second|iouring	all_pairs	quinnperf/s2nperf	0.17811348813343586	0.17554665474744083	0.18071785361390993	inferior	4.4145221923535187	0.01139084917889811	0	descriptive_only	descriptive_only
fixed_treatment_server|close_reset_cleanup|loopback|cleanup_geometric_mean_operations_per_second|iouring	all_pairs	quinnperf/tquicperf	0.17053615223360191	0.16808497907010655	0.17302307070825285	inferior	4.4145221923535187	0.011360682868114777	0	descriptive_only	descriptive_only
fixed_treatment_server|close_reset_cleanup|loopback|cleanup_geometric_mean_operations_per_second|iouring	all_pairs	quinnperf/xquicperf	1.2263643923464658	1.2096151752869044	1.2433455313245345	superior	4.4145221923535187	0.010791072935819867	0	descriptive_only	descriptive_only
fixed_treatment_server|close_reset_cleanup|loopback|cleanup_geometric_mean_operations_per_second|iouring	all_pairs	s2nperf/tquicperf	0.95745782096998022	0.94613982852611411	0.96891120244313911	inferior	4.4145221923535187	0.0093311736496265937	0	descriptive_only	descriptive_only
fixed_treatment_server|close_reset_cleanup|loopback|cleanup_geometric_mean_operations_per_second|iouring	all_pairs	s2nperf/xquicperf	6.8852977121402512	6.8148568356218897	6.9564666915673543	superior	4.4145221923535187	0.008069377376955086	0	descriptive_only	descriptive_only
fixed_treatment_server|close_reset_cleanup|loopback|cleanup_geometric_mean_operations_per_second|iouring	all_pairs	tquicperf/xquicperf	7.1912282309887052	7.1367192567751099	7.2461535349138835	superior	4.4145221923535187	0.0059706695781876311	0	descriptive_only	descriptive_only
fixed_treatment_server|connect|loopback|validated_operations_per_second|iouring	baseline	lsperf/ngtcp2perf	1.1656944385074652	1.1596116901238622	1.1718090939753218	superior	3.4181909463425555	0.0053020644860030273	0	reference_client_sensitive	invariance_supported
fixed_treatment_server|connect|loopback|validated_operations_per_second|iouring	baseline	mvfstperf/ngtcp2perf	0.062627273322907462	0.062255895192743299	0.06300086685315763	inferior	3.4181909463425555	0.0060275107779223401	0	sensitivity_unresolved	invariance_supported
fixed_treatment_server|connect|loopback|validated_operations_per_second|iouring	baseline	neqoperf/ngtcp2perf	0.21255109658264557	0.21056251184533761	0.21455846181997129	inferior	3.4181909463425555	0.0095260883506393269	0	reference_client_sensitive	invariance_supported
fixed_treatment_server|connect|loopback|validated_operations_per_second|iouring	baseline	noqperf/ngtcp2perf	0.074698633688421362	0.073702138881233586	0.075708601671772346	inferior	3.4181909463425555	0.013610362885622536	0	reference_client_sensitive	invariance_supported
fixed_treatment_server|connect|loopback|validated_operations_per_second|iouring	baseline	picoperf/ngtcp2perf	0.74637618598191491	0.74261856514586677	0.75015282023213048	inferior	3.4181909463425555	0.00511499259857466	0	reference_client_sensitive	invariance_supported
fixed_treatment_server|connect|loopback|validated_operations_per_second|iouring	baseline	quicheperf/ngtcp2perf	0.1405170898451395	0.13855326145250657	0.14250875317947848	inferior	3.4181909463425555	0.014263342262523118	0	sensitivity_unresolved	invariance_supported
fixed_treatment_server|connect|loopback|validated_operations_per_second|iouring	baseline	quiczigperf/ngtcp2perf	0.39713174457393685	0.39413861360899538	0.40014760569690888	inferior	3.4181909463425555	0.0076670305463875437	0	reference_client_sensitive	invariance_supported
fixed_treatment_server|connect|loopback|validated_operations_per_second|iouring	baseline	quinnperf/ngtcp2perf	0.10564106601428007	0.10435891662712429	0.10693896783643723	inferior	3.4181909463425555	0.012375109940159149	0	reference_client_sensitive	invariance_supported
fixed_treatment_server|connect|loopback|validated_operations_per_second|iouring	baseline	s2nperf/ngtcp2perf	1.0424574566885663	1.0349853704062948	1.0499834877656202	superior	3.4181909463425555	0.0072901920546640528	0	reference_client_sensitive	invariance_supported
fixed_treatment_server|connect|loopback|validated_operations_per_second|iouring	baseline	tquicperf/ngtcp2perf	0.66661352800896589	0.66100071673781124	0.67227399981900915	inferior	3.4181909463425555	0.0085691041743805804	0	reference_client_sensitive	invariance_supported
fixed_treatment_server|connect|loopback|validated_operations_per_second|iouring	baseline	xquicperf/ngtcp2perf	0.066821477441769139	0.066135505996396837	0.06751456392794708	inferior	3.4181909463425555	0.01045738355683477	0	reference_client_sensitive	invariance_supported
fixed_treatment_server|connect|loopback|validated_operations_per_second|iouring	all_pairs	lsperf/mvfstperf	18.613207579661371	18.455102211489713	18.772667440870144	superior	4.2810936263228472	0.0069025944579941033	0	descriptive_only	descriptive_only
fixed_treatment_server|connect|loopback|validated_operations_per_second|iouring	all_pairs	lsperf/neqoperf	5.4843021619237415	5.4328801160474107	5.5362109159080415	superior	4.2810936263228472	0.0076226836173317429	0	descriptive_only	descriptive_only
fixed_treatment_server|connect|loopback|validated_operations_per_second|iouring	all_pairs	lsperf/ngtcp2perf	1.1656944385074652	1.1580811595044171	1.1733577675581308	superior	4.2810936263228472	0.0053020644860030273	0	reference_client_sensitive	invariance_supported
fixed_treatment_server|connect|loopback|validated_operations_per_second|iouring	all_pairs	lsperf/noqperf	15.605297994736324	15.346783490321998	15.868167141218462	superior	4.2810936263228472	0.013516711567364253	0	descriptive_only	descriptive_only
fixed_treatment_server|connect|loopback|validated_operations_per_second|iouring	all_pairs	lsperf/picoperf	1.5618055082691378	1.5560368478811504	1.5675955546819598	superior	4.2810936263228472	0.0029942441360990986	0	descriptive_only	descriptive_only
fixed_treatment_server|connect|loopback|validated_operations_per_second|iouring	all_pairs	lsperf/quicheperf	8.2957485085419087	8.13362164516513	8.4611070343902259	superior	4.2810936263228472	0.015970336127347745	0	descriptive_only	descriptive_only
fixed_treatment_server|connect|loopback|validated_operations_per_second|iouring	all_pairs	lsperf/quiczigperf	2.935283956607603	2.9171815369808689	2.9534987098660248	superior	4.2810936263228472	0.0050057026048709553	0	descriptive_only	descriptive_only
fixed_treatment_server|connect|loopback|validated_operations_per_second|iouring	all_pairs	lsperf/quinnperf	11.034481972662903	10.888181349455156	11.182748385350456	superior	4.2810936263228472	0.01080003597294796	0	descriptive_only	descriptive_only
fixed_treatment_server|connect|loopback|validated_operations_per_second|iouring	all_pairs	lsperf/s2nperf	1.1182177565407505	1.1090654533914166	1.1274455869303219	superior	4.2810936263228472	0.0066500251957968357	0	descriptive_only	descriptive_only
fixed_treatment_server|connect|loopback|validated_operations_per_second|iouring	all_pairs	lsperf/tquicperf	1.7486810416061445	1.7326058939894637	1.7649053347219803	superior	4.2810936263228472	0.0074728132475517066	0	descriptive_only	descriptive_only
fixed_treatment_server|connect|loopback|validated_operations_per_second|iouring	all_pairs	lsperf/xquicperf	17.444906684730181	17.271811909028816	17.619736182968648	superior	4.2810936263228472	0.0080689083540805735	0	descriptive_only	descriptive_only
fixed_treatment_server|connect|loopback|validated_operations_per_second|iouring	all_pairs	mvfstperf/neqoperf	0.29464573144912615	0.29113030479388674	0.29820360722204542	inferior	4.2810936263228472	0.009712198435872569	0	descriptive_only	descriptive_only
fixed_treatment_server|connect|loopback|validated_operations_per_second|iouring	all_pairs	mvfstperf/ngtcp2perf	0.062627273322907462	0.062162491579030033	0.063095530186007984	inferior	4.2810936263228472	0.0060275107779223401	0	sensitivity_unresolved	invariance_supported
fixed_treatment_server|connect|loopback|validated_operations_per_second|iouring	all_pairs	mvfstperf/noqperf	0.8383991812237791	0.8256942057250104	0.8512996484691352	inferior	4.2810936263228472	0.012355788580713175	0	descriptive_only	descriptive_only
fixed_treatment_server|connect|loopback|validated_operations_per_second|iouring	all_pairs	mvfstperf/picoperf	0.083908455949082167	0.083250363849779754	0.084571750250406738	inferior	4.2810936263228472	0.0063712627742908519	0	descriptive_only	descriptive_only
fixed_treatment_server|connect|loopback|validated_operations_per_second|iouring	all_pairs	mvfstperf/quicheperf	0.44569150550959646	0.43850055071358707	0.45300038451526559	inferior	4.2810936263228472	0.013161803967614755	0	descriptive_only	descriptive_only
fixed_treatment_server|connect|loopback|validated_operations_per_second|iouring	all_pairs	mvfstperf/quiczigperf	0.15769898573607405	0.15601433850126709	0.15940182383931661	inferior	4.2810936263228472	0.0086905262603374014	0	descriptive_only	descriptive_only
fixed_treatment_server|connect|loopback|validated_operations_per_second|iouring	all_pairs	mvfstperf/quinnperf	0.59283075877369318	0.58292883014339669	0.60290088665152963	inferior	4.2810936263228472	0.013629421515724797	0	descriptive_only	descriptive_only
fixed_treatment_server|connect|loopback|validated_operations_per_second|iouring	all_pairs	mvfstperf/s2nperf	0.060076574752361653	0.059651129157329931	0.060505054723387408	inferior	4.2810936263228472	0.0057506521490468835	0	descriptive_only	descriptive_only
fixed_treatment_server|connect|loopback|validated_operations_per_second|iouring	all_pairs	mvfstperf/tquicperf	0.093948398422039128	0.092854577059071255	0.095055104935227688	inferior	4.2810936263228472	0.0094761836315917971	0	descriptive_only	descriptive_only
fixed_treatment_server|connect|loopback|validated_operations_per_second|iouring	all_pairs	mvfstperf/xquicperf	0.93723269404636156	0.92411812297672358	0.95053337982370223	inferior	4.2810936263228472	0.011402469944409141	0	descriptive_only	descriptive_only
fixed_treatment_server|connect|loopback|validated_operations_per_second|iouring	all_pairs	neqoperf/ngtcp2perf	0.21255109658264557	0.21006345309094632	0.21506819960217194	inferior	4.2810936263228472	0.0095260883506393269	0	reference_client_sensitive	invariance_supported
fixed_treatment_server|connect|loopback|validated_operations_per_second|iouring	all_pairs	neqoperf/noqperf	2.8454482510245964	2.7852554378097785	2.9069419053448766	superior	4.2810936263228472	0.017300729061453562	0	descriptive_only	descriptive_only
fixed_treatment_server|connect|loopback|validated_operations_per_second|iouring	all_pairs	neqoperf/picoperf	0.28477743606331479	0.28250535898553975	0.28706778654399412	inferior	4.2810936263228472	0.0064817408489347235	0	descriptive_only	descriptive_only
fixed_treatment_server|connect|loopback|validated_operations_per_second|iouring	all_pairs	neqoperf/quicheperf	1.5126352020020695	1.4817485686101921	1.5441656586055859	superior	4.2810936263228472	0.016693384975443166	0	descriptive_only	descriptive_only
fixed_treatment_server|connect|loopback|validated_operations_per_second|iouring	all_pairs	neqoperf/quiczigperf	0.53521557892754501	0.53073090291431035	0.53973815045210805	inferior	4.2810936263228472	0.0068086988945565618	0	descriptive_only	descriptive_only
fixed_treatment_server|connect|loopback|validated_operations_per_second|iouring	all_pairs	neqoperf/quinnperf	2.012012038518372	1.9701417236133105	2.05477219969654	superior	4.2810936263228472	0.017016494586158275	0	descriptive_only	descriptive_only
fixed_treatment_server|connect|loopback|validated_operations_per_second|iouring	all_pairs	neqoperf/s2nperf	0.20389426467131611	0.20195867078574334	0.20584840949939254	inferior	4.2810936263228472	0.0077181770296958054	0	descriptive_only	descriptive_only
fixed_treatment_server|connect|loopback|validated_operations_per_second|iouring	all_pairs	neqoperf/tquicperf	0.31885205992967303	0.31500409003226393	0.32274703516066316	inferior	4.2810936263228472	0.0098245391034514316	0	descriptive_only	descriptive_only
fixed_treatment_server|connect|loopback|validated_operations_per_second|iouring	all_pairs	neqoperf/xquicperf	3.1808799314243079	3.1430588541310791	3.2191561175634118	superior	4.2810936263228472	0.0096787062364802577	0	descriptive_only	descriptive_only
fixed_treatment_server|connect|loopback|validated_operations_per_second|iouring	all_pairs	ngtcp2perf/noqperf	13.387125715995589	13.163833395693478	13.614205645788578	superior	4.2810936263228472	0.013610362885622507	0	descriptive_only	descriptive_only
fixed_treatment_server|connect|loopback|validated_operations_per_second|iouring	all_pairs	ngtcp2perf/picoperf	1.3398069482675463	1.3313642863243103	1.3483031481803824	superior	4.2810936263228472	0.0051149925985746695	0	descriptive_only	descriptive_only
fixed_treatment_server|connect|loopback|validated_operations_per_second|iouring	all_pairs	ngtcp2perf/quicheperf	7.1165720917083881	6.9922254197617351	7.2431300903637759	superior	4.2810936263228472	0.014263342262523139	0	descriptive_only	descriptive_only
fixed_treatment_server|connect|loopback|validated_operations_per_second|iouring	all_pairs	ngtcp2perf/quiczigperf	2.5180560699645174	2.4943095053294551	2.5420287089222584	superior	4.2810936263228472	0.0076670305463875646	0	descriptive_only	descriptive_only
fixed_treatment_server|connect|loopback|validated_operations_per_second|iouring	all_pairs	ngtcp2perf/quinnperf	9.4660157998105081	9.3223466119173679	9.6118991121520434	superior	4.2810936263228472	0.012375109940159208	0	descriptive_only	descriptive_only
fixed_treatment_server|connect|loopback|validated_operations_per_second|iouring	all_pairs	ngtcp2perf/s2nperf	0.95927176076476539	0.95066797075172649	0.96795341729362883	inferior	4.2810936263228472	0.0072901920546640719	0	descriptive_only	descriptive_only
fixed_treatment_server|connect|loopback|validated_operations_per_second|iouring	all_pairs	ngtcp2perf/tquicperf	1.500119571510631	1.4843169978342641	1.5160903850812804	superior	4.2810936263228472	0.0085691041743805769	0	descriptive_only	descriptive_only
fixed_treatment_server|connect|loopback|validated_operations_per_second|iouring	all_pairs	ngtcp2perf/xquicperf	14.965248274724834	14.773086172482573	15.159909940911081	superior	4.2810936263228472	0.010457383556834725	0	descriptive_only	descriptive_only
fixed_treatment_server|connect|loopback|validated_operations_per_second|iouring	all_pairs	noqperf/picoperf	0.10008174844183916	0.098329117738139835	0.10186561825816562	inferior	4.2810936263228472	0.01429559222187533	0	descriptive_only	descriptive_only
fixed_treatment_server|connect|loopback|validated_operations_per_second|iouring	all_pairs	noqperf/quicheperf	0.53159821179576738	0.51762685512222528	0.54594667179261613	inconclusive	4.2810936263228472	0.021550705176669481	1	descriptive_only	descriptive_only
fixed_treatment_server|connect|loopback|validated_operations_per_second|iouring	all_pairs	noqperf/quiczigperf	0.18809534797718538	0.18452467964648367	0.19173511098049295	inferior	4.2810936263228472	0.015508239685460995	0	descriptive_only	descriptive_only
fixed_treatment_server|connect|loopback|validated_operations_per_second|iouring	all_pairs	noqperf/quinnperf	0.70709844671885391	0.69535857888588548	0.71903652091745951	inferior	4.2810936263228472	0.013547204368287042	0	descriptive_only	descriptive_only
fixed_treatment_server|connect|loopback|validated_operations_per_second|iouring	all_pairs	noqperf/s2nperf	0.071656289865014169	0.070431208161378364	0.072902680661873887	inferior	4.2810936263228472	0.013953586267956321	0	descriptive_only	descriptive_only
fixed_treatment_server|connect|loopback|validated_operations_per_second|iouring	all_pairs	noqperf/tquicperf	0.11205688236110425	0.11011253275180043	0.11403556498690243	inferior	4.2810936263228472	0.014163385188919072	0	descriptive_only	descriptive_only
fixed_treatment_server|connect|loopback|validated_operations_per_second|iouring	all_pairs	noqperf/xquicperf	1.11788359892995	1.0940217811209378	1.1422658692189549	superior	4.2810936263228472	0.017459014341827981	0	descriptive_only	descriptive_only
fixed_treatment_server|connect|loopback|validated_operations_per_second|iouring	all_pairs	picoperf/quicheperf	5.3116399350746448	5.2128177677041796	5.4123355269918694	superior	4.2810936263228472	0.015196140646745732	0	descriptive_only	descriptive_only
fixed_treatment_server|connect|loopback|validated_operations_per_second|iouring	all_pairs	picoperf/quiczigperf	1.8794170855887264	1.8696124988869962	1.8892730893196266	superior	4.2810936263228472	0.004232308403633517	0	descriptive_only	descriptive_only
fixed_treatment_server|connect|loopback|validated_operations_per_second|iouring	all_pairs	picoperf/quinnperf	7.0652087691071124	6.95935116894006	7.1726765526434333	superior	4.2810936263228472	0.012215378882020803	0	descriptive_only	descriptive_only
fixed_treatment_server|connect|loopback|validated_operations_per_second|iouring	all_pairs	picoperf/s2nperf	0.71597759811976147	0.71157729912913881	0.72040510797170676	inferior	4.2810936263228472	0.0049883467773116181	0	descriptive_only	descriptive_only
fixed_treatment_server|connect|loopback|validated_operations_per_second|iouring	all_pairs	picoperf/tquicperf	1.1196535243009293	1.1078819902645007	1.1315501339453997	superior	4.2810936263228472	0.0085522100983935288	0	descriptive_only	descriptive_only
fixed_treatment_server|connect|loopback|validated_operations_per_second|iouring	all_pairs	picoperf/xquicperf	11.169704929561552	11.043844511143096	11.29699970762791	superior	4.2810936263228472	0.0091694176119419442	0	descriptive_only	descriptive_only
fixed_treatment_server|connect|loopback|validated_operations_per_second|iouring	all_pairs	quicheperf/quiczigperf	0.35382991101830308	0.34648183983605119	0.36133381764094907	inferior	4.2810936263228472	0.01698101996045338	0	descriptive_only	descriptive_only
fixed_treatment_server|connect|loopback|validated_operations_per_second|iouring	all_pairs	quicheperf/quinnperf	1.3301369926174833	1.2963033629015934	1.3648536829907101	inconclusive	4.2810936263228472	0.020848315309414351	1	descriptive_only	descriptive_only
fixed_treatment_server|connect|loopback|validated_operations_per_second|iouring	all_pairs	quicheperf/s2nperf	0.13479407619328773	0.13254740283905767	0.13707883057402218	inferior	4.2810936263228472	0.013600338104671162	0	descriptive_only	descriptive_only
fixed_treatment_server|connect|loopback|validated_operations_per_second|iouring	all_pairs	quicheperf/tquicperf	0.21079243660841152	0.2056762811234851	0.21603585541608455	inconclusive	4.2810936263228472	0.019881497360302775	1	descriptive_only	descriptive_only
fixed_treatment_server|connect|loopback|validated_operations_per_second|iouring	all_pairs	quicheperf/xquicperf	2.1028731363743285	2.0618387809577468	2.1447241503677135	superior	4.2810936263228472	0.015945663580913778	0	descriptive_only	descriptive_only
fixed_treatment_server|connect|loopback|validated_operations_per_second|iouring	all_pairs	quiczigperf/quinnperf	3.7592553687431973	3.6936606058786108	3.826015012027066	superior	4.2810936263228472	0.01424360916227028	0	descriptive_only	descriptive_only
fixed_treatment_server|connect|loopback|validated_operations_per_second|iouring	all_pairs	quiczigperf/s2nperf	0.38095726787302342	0.3771559749514754	0.38479687339952823	inferior	4.2810936263228472	0.0081145938302959238	0	descriptive_only	descriptive_only
fixed_treatment_server|connect|loopback|validated_operations_per_second|iouring	all_pairs	quiczigperf/tquicperf	0.59574510250352342	0.58933437301191105	0.60222556736862953	inferior	4.2810936263228472	0.0087544749476856382	0	descriptive_only	descriptive_only
fixed_treatment_server|connect|loopback|validated_operations_per_second|iouring	all_pairs	quiczigperf/xquicperf	5.943175155323571	5.8726203766643881	6.0145775925188696	superior	4.2810936263228472	0.0096635015642302421	0	descriptive_only	descriptive_only
fixed_treatment_server|connect|loopback|validated_operations_per_second|iouring	all_pairs	quinnperf/s2nperf	0.10133849140458524	0.099593432605193336	0.1031141268206644	inferior	4.2810936263228472	0.014055229276644788	0	descriptive_only	descriptive_only
fixed_treatment_server|connect|loopback|validated_operations_per_second|iouring	all_pairs	quinnperf/tquicperf	0.1584742306832681	0.1559340299029108	0.16105581191155294	inferior	4.2810936263228472	0.013075233094404755	0	descriptive_only	descriptive_only
fixed_treatment_server|connect|loopback|validated_operations_per_second|iouring	all_pairs	quinnperf/xquicperf	1.5809447809102972	1.5494758271638864	1.6130528508226607	superior	4.2810936263228472	0.016268972794181099	0	descriptive_only	descriptive_only
fixed_treatment_server|connect|loopback|validated_operations_per_second|iouring	all_pairs	s2nperf/tquicperf	1.5638108332457141	1.5425470206124685	1.5853677648060718	superior	4.2810936263228472	0.011078024669237942	0	descriptive_only	descriptive_only
fixed_treatment_server|connect|loopback|validated_operations_per_second|iouring	all_pairs	s2nperf/xquicperf	15.600634655182605	15.403794911038718	15.799989746038024	superior	4.2810936263228472	0.010274501843551276	0	descriptive_only	descriptive_only
fixed_treatment_server|connect|loopback|validated_operations_per_second|iouring	all_pairs	tquicperf/xquicperf	9.9760369499444135	9.8178331284664626	10.136790055852314	superior	4.2810936263228472	0.012934849958167969	0	descriptive_only	descriptive_only
fixed_treatment_server|datagram|loopback|validated_operations_per_second|iouring	baseline	lsperf/ngtcp2perf	2.730035622855671	2.6898826977247383	2.7707879263156046	superior	3.5273268267223346	0.014551484806582889	0	reference_client_sensitive	sensitivity_unresolved
fixed_treatment_server|datagram|loopback|validated_operations_per_second|iouring	baseline	mvfstperf/ngtcp2perf	0.61313714272106867	0.60324491209272257	0.6231915897640794	inferior	3.5273268267223346	0.015973817582464338	0	sensitivity_unresolved	sensitivity_unresolved
fixed_treatment_server|datagram|loopback|validated_operations_per_second|iouring	baseline	neqoperf/ngtcp2perf	1.1089080750801208	1.0909033673555943	1.127209939738933	superior	3.5273268267223346	0.016076267878618902	0	reference_client_sensitive	sensitivity_unresolved
fixed_treatment_server|datagram|loopback|validated_operations_per_second|iouring	baseline	noqperf/ngtcp2perf	0.61613493300428235	0.60378324785015458	0.6287392984483815	inconclusive	3.5273268267223346	0.019887732405527731	1	reference_client_sensitive	sensitivity_unresolved
fixed_treatment_server|datagram|loopback|validated_operations_per_second|iouring	baseline	picoperf/ngtcp2perf	3.1064227078785711	3.0494050417333778	3.16450648830119	superior	3.5273268267223346	0.018193251163220858	0	reference_client_sensitive	sensitivity_unresolved
fixed_treatment_server|datagram|loopback|validated_operations_per_second|iouring	baseline	quicheperf/ngtcp2perf	1.58852025219458	1.5602228653743571	1.6173308619130335	superior	3.5273268267223346	0.017652072799138632	0	reference_client_sensitive	sensitivity_unresolved
fixed_treatment_server|datagram|loopback|validated_operations_per_second|iouring	baseline	quiczigperf/ngtcp2perf	1.7032896220330678	1.6813695616285884	1.7254954548573063	superior	3.5273268267223346	0.01272060571760826	0	reference_client_sensitive	sensitivity_unresolved
fixed_treatment_server|datagram|loopback|validated_operations_per_second|iouring	baseline	quinnperf/ngtcp2perf	1.0548253681665134	1.0379514862816481	1.0719735671978232	superior	3.5273268267223346	0.015837127390923415	0	reference_client_sensitive	sensitivity_unresolved
fixed_treatment_server|datagram|loopback|validated_operations_per_second|iouring	baseline	s2nperf/ngtcp2perf	1.4637282472310855	1.4312051140575188	1.4969904458125634	inconclusive	3.5273268267223346	0.022067188053387168	1	reference_client_sensitive	sensitivity_unresolved
fixed_treatment_server|datagram|loopback|validated_operations_per_second|iouring	baseline	tquicperf/ngtcp2perf	0.56204467204081199	0.53780811007646434	0.58737346546252489	inconclusive	3.5273268267223346	0.043289411821940807	1	reference_client_sensitive	sensitivity_unresolved
fixed_treatment_server|datagram|loopback|validated_operations_per_second|iouring	baseline	xquicperf/ngtcp2perf	0.102103939575235	0.10035075178396398	0.10388775660820895	inferior	3.5273268267223346	0.017009297074818866	0	reference_client_sensitive	sensitivity_unresolved
fixed_treatment_server|datagram|loopback|validated_operations_per_second|iouring	all_pairs	lsperf/mvfstperf	4.4525693073166703	4.4030577257106893	4.5026376376336241	superior	4.400826543764043	0.008801939414868851	0	descriptive_only	descriptive_only
fixed_treatment_server|datagram|loopback|validated_operations_per_second|iouring	all_pairs	lsperf/neqoperf	2.461913376055469	2.4283672092009736	2.4959229593596537	superior	4.400826543764043	0.010799466567467501	0	descriptive_only	descriptive_only
fixed_treatment_server|datagram|loopback|validated_operations_per_second|iouring	all_pairs	lsperf/ngtcp2perf	2.730035622855671	2.6800308822388379	2.7809733654392832	superior	4.400826543764043	0.014551484806582889	0	reference_client_sensitive	sensitivity_unresolved
fixed_treatment_server|datagram|loopback|validated_operations_per_second|iouring	all_pairs	lsperf/noqperf	4.4309054342106222	4.3524950110976173	4.5107284251581872	superior	4.400826543764043	0.014054293495412904	0	descriptive_only	descriptive_only
fixed_treatment_server|datagram|loopback|validated_operations_per_second|iouring	all_pairs	lsperf/picoperf	0.87883584417912619	0.86142462727271285	0.89659897867015981	inferior	4.400826543764043	0.015751275547796696	0	descriptive_only	descriptive_only
fixed_treatment_server|datagram|loopback|validated_operations_per_second|iouring	all_pairs	lsperf/quicheperf	1.7186029697034455	1.6992686243601292	1.7381573019896714	superior	4.400826543764043	0.0089056316607878643	0	descriptive_only	descriptive_only
fixed_treatment_server|datagram|loopback|validated_operations_per_second|iouring	all_pairs	lsperf/quiczigperf	1.6028017710793463	1.5831967583630968	1.6226495562252223	superior	4.400826543764043	0.0096875377145554751	0	descriptive_only	descriptive_only
fixed_treatment_server|datagram|loopback|validated_operations_per_second|iouring	all_pairs	lsperf/quinnperf	2.5881398999731973	2.5635061260544361	2.6130103898534749	superior	4.400826543764043	0.0075279133931593434	0	descriptive_only	descriptive_only
fixed_treatment_server|datagram|loopback|validated_operations_per_second|iouring	all_pairs	lsperf/s2nperf	1.8651246418315983	1.8145051754065937	1.9171562455245927	inconclusive	4.400826543764043	0.021658441342443338	1	descriptive_only	descriptive_only
fixed_treatment_server|datagram|loopback|validated_operations_per_second|iouring	all_pairs	lsperf/tquicperf	4.8573285339451342	4.5713713757660432	5.1611734307462402	inconclusive	4.400826543764043	0.047760485785333658	1	descriptive_only	descriptive_only
fixed_treatment_server|datagram|loopback|validated_operations_per_second|iouring	all_pairs	lsperf/xquicperf	26.737808885856481	26.335241055723007	27.146530479971666	superior	4.400826543764043	0.01194152294203618	0	descriptive_only	descriptive_only
fixed_treatment_server|datagram|loopback|validated_operations_per_second|iouring	all_pairs	mvfstperf/neqoperf	0.55291972030843795	0.54353030875023389	0.56247133266389304	inferior	4.400826543764043	0.013481757645274241	0	descriptive_only	descriptive_only
fixed_treatment_server|datagram|loopback|validated_operations_per_second|iouring	all_pairs	mvfstperf/ngtcp2perf	0.61313714272106867	0.60081997668090448	0.62570681797389094	inferior	4.400826543764043	0.015973817582464338	0	sensitivity_unresolved	sensitivity_unresolved
fixed_treatment_server|datagram|loopback|validated_operations_per_second|iouring	all_pairs	mvfstperf/noqperf	0.99513452310097661	0.97933354453546106	1.0111904412884636	equivalent	4.400826543764043	0.012598809467528874	0	descriptive_only	descriptive_only
fixed_treatment_server|datagram|loopback|validated_operations_per_second|iouring	all_pairs	mvfstperf/picoperf	0.19737724076186347	0.19445655474137513	0.20034179471388858	inferior	4.400826543764043	0.011734845920369122	0	descriptive_only	descriptive_only
fixed_treatment_server|datagram|loopback|validated_operations_per_second|iouring	all_pairs	mvfstperf/quicheperf	0.38598006029448134	0.38190925846090279	0.39009425313574336	inferior	4.400826543764043	0.0083458729775561964	0	descriptive_only	descriptive_only
fixed_treatment_server|datagram|loopback|validated_operations_per_second|iouring	all_pairs	mvfstperf/quiczigperf	0.35997233517410887	0.35454579317374008	0.36548193374614973	inferior	4.400826543764043	0.01195651558250466	0	descriptive_only	descriptive_only
fixed_treatment_server|datagram|loopback|validated_operations_per_second|iouring	all_pairs	mvfstperf/quinnperf	0.58126886328759542	0.57470976956009001	0.58790281516577936	inferior	4.400826543764043	0.0089327475046171705	0	descriptive_only	descriptive_only
fixed_treatment_server|datagram|loopback|validated_operations_per_second|iouring	all_pairs	mvfstperf/s2nperf	0.418887279029377	0.40901079339905788	0.42900225462128183	inferior	4.400826543764043	0.018781597776445662	0	descriptive_only	descriptive_only
fixed_treatment_server|datagram|loopback|validated_operations_per_second|iouring	all_pairs	mvfstperf/tquicperf	1.0909046437443084	1.0209943068237359	1.1656019370422896	inconclusive	4.400826543764043	0.05213307459812562	1	descriptive_only	descriptive_only
fixed_treatment_server|datagram|loopback|validated_operations_per_second|iouring	all_pairs	mvfstperf/xquicperf	6.0050292405150563	5.9375989355175687	6.0732253173474939	superior	4.400826543764043	0.0088888626446505369	0	descriptive_only	descriptive_only
fixed_treatment_server|datagram|loopback|validated_operations_per_second|iouring	all_pairs	neqoperf/ngtcp2perf	1.1089080750801208	1.0864900648370583	1.1317886456350745	superior	4.400826543764043	0.016076267878618902	0	reference_client_sensitive	sensitivity_unresolved
fixed_treatment_server|datagram|loopback|validated_operations_per_second|iouring	all_pairs	neqoperf/noqperf	1.7997812097312351	1.7559102125240289	1.8447483133237377	superior	4.400826543764043	0.019425036735735073	0	descriptive_only	descriptive_only
fixed_treatment_server|datagram|loopback|validated_operations_per_second|iouring	all_pairs	neqoperf/picoperf	0.35697269153605077	0.34832461797627073	0.36583547623720769	inferior	4.400826543764043	0.019304354378475368	0	descriptive_only	descriptive_only
fixed_treatment_server|datagram|loopback|validated_operations_per_second|iouring	all_pairs	neqoperf/quicheperf	0.69807613314853045	0.68376178303426216	0.71269014993659918	inferior	4.400826543764043	0.016308590674902486	0	descriptive_only	descriptive_only
fixed_treatment_server|datagram|loopback|validated_operations_per_second|iouring	all_pairs	neqoperf/quiczigperf	0.65103906037806658	0.63980989844221758	0.66246530285000693	inferior	4.400826543764043	0.013695227107494806	0	descriptive_only	descriptive_only
fixed_treatment_server|datagram|loopback|validated_operations_per_second|iouring	all_pairs	neqoperf/quinnperf	1.0512717161965996	1.0347605327529514	1.0680463607697368	superior	4.400826543764043	0.012460992118975405	0	descriptive_only	descriptive_only
fixed_treatment_server|datagram|loopback|validated_operations_per_second|iouring	all_pairs	neqoperf/s2nperf	0.75759149772358814	0.73156733200202961	0.7845414253974331	inconclusive	4.400826543764043	0.02751480121373328	1	descriptive_only	descriptive_only
fixed_treatment_server|datagram|loopback|validated_operations_per_second|iouring	all_pairs	neqoperf/tquicperf	1.9729892128567301	1.8558036803356872	2.0975744769214439	inconclusive	4.400826543764043	0.048198570038954537	1	descriptive_only	descriptive_only
fixed_treatment_server|datagram|loopback|validated_operations_per_second|iouring	all_pairs	neqoperf/xquicperf	10.860580695449316	10.668720047310925	11.055891664539129	superior	4.400826543764043	0.014029876471265348	0	descriptive_only	descriptive_only
fixed_treatment_server|datagram|loopback|validated_operations_per_second|iouring	all_pairs	ngtcp2perf/noqperf	1.6230211053348111	1.5825282624398058	1.6645500563137199	inconclusive	4.400826543764043	0.0198877324055277	1	descriptive_only	descriptive_only
fixed_treatment_server|datagram|loopback|validated_operations_per_second|iouring	all_pairs	ngtcp2perf/picoperf	0.32191369109676543	0.31455866596089188	0.32944069176726332	inferior	4.400826543764043	0.018193251163220903	0	descriptive_only	descriptive_only
fixed_treatment_server|datagram|loopback|validated_operations_per_second|iouring	all_pairs	ngtcp2perf/quicheperf	0.62951668297491037	0.61555666176022872	0.64379329923992756	inferior	4.400826543764043	0.017652072799138607	0	descriptive_only	descriptive_only
fixed_treatment_server|datagram|loopback|validated_operations_per_second|iouring	all_pairs	ngtcp2perf/quiczigperf	0.58709921499221462	0.57768772326627882	0.59666403553740688	inferior	4.400826543764043	0.012720605717608267	0	descriptive_only	descriptive_only
fixed_treatment_server|datagram|loopback|validated_operations_per_second|iouring	all_pairs	ngtcp2perf/quinnperf	0.94802422294620159	0.92914092371921686	0.96729129494714672	inferior	4.400826543764043	0.015837127390923404	0	descriptive_only	descriptive_only
fixed_treatment_server|datagram|loopback|validated_operations_per_second|iouring	all_pairs	ngtcp2perf/s2nperf	0.6831869248213841	0.66430019322532086	0.70261062544744235	inconclusive	4.400826543764043	0.022067188053387171	1	descriptive_only	descriptive_only
fixed_treatment_server|datagram|loopback|validated_operations_per_second|iouring	all_pairs	ngtcp2perf/tquicperf	1.7792180048054731	1.6840113872329614	1.8798071869486985	inconclusive	4.400826543764043	0.0432894118219408	1	descriptive_only	descriptive_only
fixed_treatment_server|datagram|loopback|validated_operations_per_second|iouring	all_pairs	ngtcp2perf/xquicperf	9.7939413910973805	9.5845765938824545	10.007879537785128	superior	4.400826543764043	0.017009297074818859	0	descriptive_only	descriptive_only
fixed_treatment_server|datagram|loopback|validated_operations_per_second|iouring	all_pairs	noqperf/picoperf	0.19834227049706679	0.19546146317476376	0.201265536576679	inferior	4.400826543764043	0.011516711754897262	0	descriptive_only	descriptive_only
fixed_treatment_server|datagram|loopback|validated_operations_per_second|iouring	all_pairs	noqperf/quicheperf	0.38786721928982443	0.38066534921144213	0.39520534272757696	inferior	4.400826543764043	0.014753059233044423	0	descriptive_only	descriptive_only
fixed_treatment_server|datagram|loopback|validated_operations_per_second|iouring	all_pairs	noqperf/quiczigperf	0.3617323354960949	0.35300120229395915	0.37067942458307762	inferior	4.400826543764043	0.019232441692039977	0	descriptive_only	descriptive_only
fixed_treatment_server|datagram|loopback|validated_operations_per_second|iouring	all_pairs	noqperf/quinnperf	0.58411084109139477	0.57291887426602095	0.59552144292260734	inferior	4.400826543764043	0.015228664341619447	0	descriptive_only	descriptive_only
fixed_treatment_server|datagram|loopback|validated_operations_per_second|iouring	all_pairs	noqperf/s2nperf	0.42093533015422518	0.40685979180755361	0.43549781949418226	inconclusive	4.400826543764043	0.026771356597345055	1	descriptive_only	descriptive_only
fixed_treatment_server|datagram|loopback|validated_operations_per_second|iouring	all_pairs	noqperf/tquicperf	1.096238366190833	1.0265606127812386	1.1706454938426896	inconclusive	4.400826543764043	0.051692516712661125	1	descriptive_only	descriptive_only
fixed_treatment_server|datagram|loopback|validated_operations_per_second|iouring	all_pairs	noqperf/xquicperf	6.0343894228516515	5.9413047805789683	6.1289324570007038	superior	4.400826543764043	0.012236929272238687	0	descriptive_only	descriptive_only
fixed_treatment_server|datagram|loopback|validated_operations_per_second|iouring	all_pairs	picoperf/quicheperf	1.9555449189816569	1.9153458279272455	1.9965877046305585	superior	4.400826543764043	0.016349606328311891	0	descriptive_only	descriptive_only
fixed_treatment_server|datagram|loopback|validated_operations_per_second|iouring	all_pairs	picoperf/quiczigperf	1.8237783332294988	1.7864013212910985	1.8619373872570941	superior	4.400826543764043	0.016299626398918601	0	descriptive_only	descriptive_only
fixed_treatment_server|datagram|loopback|validated_operations_per_second|iouring	all_pairs	picoperf/quinnperf	2.9449639737790183	2.8869477239414203	3.0041461211551499	superior	4.400826543764043	0.015661718270387624	0	descriptive_only	descriptive_only
fixed_treatment_server|datagram|loopback|validated_operations_per_second|iouring	all_pairs	picoperf/s2nperf	2.1222673769908775	2.0563132962532227	2.1903368653241921	inconclusive	4.400826543764043	0.02485051061024866	1	descriptive_only	descriptive_only
fixed_treatment_server|datagram|loopback|validated_operations_per_second|iouring	all_pairs	picoperf/tquicperf	5.5270032123941268	5.163199581837203	5.9164407700361048	inconclusive	4.400826543764043	0.05359634755394465	1	descriptive_only	descriptive_only
fixed_treatment_server|datagram|loopback|validated_operations_per_second|iouring	all_pairs	picoperf/xquicperf	30.424121936936739	29.848090687154148	31.0112698777065	superior	4.400826543764043	0.015046257852424454	0	descriptive_only	descriptive_only
fixed_treatment_server|datagram|loopback|validated_operations_per_second|iouring	all_pairs	quicheperf/quiczigperf	0.9326189930626726	0.91900520042786948	0.94643445523081149	inferior	4.400826543764043	0.011574986082100726	0	descriptive_only	descriptive_only
fixed_treatment_server|datagram|loopback|validated_operations_per_second|iouring	all_pairs	quicheperf/quinnperf	1.5059556777210708	1.4865448956342748	1.5256199189952262	superior	4.400826543764043	0.010211775300542892	0	descriptive_only	descriptive_only
fixed_treatment_server|datagram|loopback|validated_operations_per_second|iouring	all_pairs	quicheperf/s2nperf	1.0852562661133047	1.0594204993907745	1.111722081850862	superior	4.400826543764043	0.018965612989904412	0	descriptive_only	descriptive_only
fixed_treatment_server|datagram|loopback|validated_operations_per_second|iouring	all_pairs	quicheperf/tquicperf	2.8263238337027277	2.6529061690836402	3.0110776272631283	inconclusive	4.400826543764043	0.049843123077062422	1	descriptive_only	descriptive_only
fixed_treatment_server|datagram|loopback|validated_operations_per_second|iouring	all_pairs	quicheperf/xquicperf	15.557874248564943	15.34490662417914	15.773797590450195	superior	4.400826543764043	0.010849488575346494	0	descriptive_only	descriptive_only
fixed_treatment_server|datagram|loopback|validated_operations_per_second|iouring	all_pairs	quiczigperf/quinnperf	1.6147598203802285	1.5902513835782284	1.6396459732343449	superior	4.400826543764043	0.012038736047879776	0	descriptive_only	descriptive_only
fixed_treatment_server|datagram|loopback|validated_operations_per_second|iouring	all_pairs	quiczigperf/s2nperf	1.1636651989569493	1.1329761019198659	1.1951855762614236	inconclusive	4.400826543764043	0.021037937385675512	1	descriptive_only	descriptive_only
fixed_treatment_server|datagram|loopback|validated_operations_per_second|iouring	all_pairs	quiczigperf/tquicperf	3.0305235629195435	2.8494893013139633	3.223059325464245	inconclusive	4.400826543764043	0.048484859984097371	1	descriptive_only	descriptive_only
fixed_treatment_server|datagram|loopback|validated_operations_per_second|iouring	all_pairs	quiczigperf/xquicperf	16.681918730256282	16.358737421876889	17.011484770867277	superior	4.400826543764043	0.015399186883746563	0	descriptive_only	descriptive_only
fixed_treatment_server|datagram|loopback|validated_operations_per_second|iouring	all_pairs	quinnperf/s2nperf	0.7206428995012647	0.70198985812226466	0.73979158330110728	inconclusive	4.400826543764043	0.020642776261310641	1	descriptive_only	descriptive_only
fixed_treatment_server|datagram|loopback|validated_operations_per_second|iouring	all_pairs	quinnperf/tquicperf	1.8767642869674228	1.7582494798870156	2.0032675846789822	inconclusive	4.400826543764043	0.051346030809787724	1	descriptive_only	descriptive_only
fixed_treatment_server|datagram|loopback|validated_operations_per_second|iouring	all_pairs	quinnperf/xquicperf	10.330897833665551	10.18892057126018	10.474853474732248	superior	4.400826543764043	0.010892776243564455	0	descriptive_only	descriptive_only
fixed_treatment_server|datagram|loopback|validated_operations_per_second|iouring	all_pairs	s2nperf/tquicperf	2.6042916516159047	2.430079329544065	2.7909932503926971	inconclusive	4.400826543764043	0.054499618722402873	1	descriptive_only	descriptive_only
fixed_treatment_server|datagram|loopback|validated_operations_per_second|iouring	all_pairs	s2nperf/xquicperf	14.335668665874948	13.903912153766052	14.780832461033883	inconclusive	4.400826543764043	0.024071372914174084	1	descriptive_only	descriptive_only
fixed_treatment_server|datagram|loopback|validated_operations_per_second|iouring	all_pairs	tquicperf/xquicperf	5.5046325771462614	5.1477494274146762	5.886257720317551	inconclusive	4.400826543764043	0.052762849925612178	1	descriptive_only	descriptive_only
fixed_treatment_server|download|loopback|validated_body_bits_per_second|iouring	baseline	lsperf/ngtcp2perf	2.0668124570468827	2.0317791287473144	2.1024498540044951	superior	3.1687198208741565	0.01868934625456024	0	reference_client_sensitive	sensitivity_unresolved
fixed_treatment_server|download|loopback|validated_body_bits_per_second|iouring	baseline	mvfstperf/ngtcp2perf	1.0702251339578903	1.0492838902056267	1.0915843157858121	inconclusive	3.1687198208741565	0.021603201307015658	1	reference_client_sensitive	sensitivity_unresolved
fixed_treatment_server|download|loopback|validated_body_bits_per_second|iouring	baseline	neqoperf/ngtcp2perf	0.8227390001945557	0.80949899787012025	0.83619555332635753	inferior	3.1687198208741565	0.017735804017206216	0	sensitivity_unresolved	sensitivity_unresolved
fixed_treatment_server|download|loopback|validated_body_bits_per_second|iouring	baseline	noqperf/ngtcp2perf	0.65657249384468819	0.64438161313623465	0.66899401051391105	inconclusive	3.1687198208741565	0.020489086488882799	1	reference_client_sensitive	sensitivity_unresolved
fixed_treatment_server|download|loopback|validated_body_bits_per_second|iouring	baseline	picoperf/ngtcp2perf	1.4563106378022777	1.4302389673808922	1.4828575658652625	superior	3.1687198208741565	0.019748695823671201	0	reference_client_sensitive	sensitivity_unresolved
fixed_treatment_server|download|loopback|validated_body_bits_per_second|iouring	baseline	quicheperf/ngtcp2perf	1.0442115693011493	1.0277133937990708	1.0609745947084057	inconclusive	3.1687198208741565	0.017410364100537912	0	reference_client_sensitive	sensitivity_unresolved
fixed_treatment_server|download|loopback|validated_body_bits_per_second|iouring	baseline	quiczigperf/ngtcp2perf	1.3106900830684549	1.2891818597707929	1.3325571414411808	superior	3.1687198208741565	0.018088363026442095	0	reference_client_sensitive	sensitivity_unresolved
fixed_treatment_server|download|loopback|validated_body_bits_per_second|iouring	baseline	quinnperf/ngtcp2perf	0.88011442793437278	0.86441755946376275	0.89609633420539081	inferior	3.1687198208741565	0.019673543093874868	0	reference_client_sensitive	sensitivity_unresolved
fixed_treatment_server|download|loopback|validated_body_bits_per_second|iouring	baseline	s2nperf/ngtcp2perf	1.4883382027162588	1.4592347685188602	1.5180220848993793	inconclusive	3.1687198208741565	0.02158890250759634	1	reference_client_sensitive	sensitivity_unresolved
fixed_treatment_server|download|loopback|validated_body_bits_per_second|iouring	baseline	tquicperf/ngtcp2perf	1.1144060561935685	1.093804407987063	1.1353957334715656	inconclusive	3.1687198208741565	0.020399094154119366	1	reference_client_sensitive	sensitivity_unresolved
fixed_treatment_server|download|loopback|validated_body_bits_per_second|iouring	baseline	xquicperf/ngtcp2perf	0.86297756412144855	0.8516137713987465	0.87449299340685249	inferior	3.1687198208741565	0.014491248907912814	0	reference_client_sensitive	sensitivity_unresolved
fixed_treatment_server|download|loopback|validated_body_bits_per_second|iouring	all_pairs	lsperf/mvfstperf	1.9311940931562952	1.895740862225989	1.9673103533056486	superior	4.5462567034813652	0.014118346220279274	0	descriptive_only	descriptive_only
fixed_treatment_server|download|loopback|validated_body_bits_per_second|iouring	all_pairs	lsperf/neqoperf	2.5121119292486886	2.4845445182610324	2.5399852160791707	superior	4.5462567034813652	0.0084079004674450439	0	descriptive_only	descriptive_only
fixed_treatment_server|download|loopback|validated_body_bits_per_second|iouring	all_pairs	lsperf/ngtcp2perf	2.0668124570468827	2.0167348845247446	2.1181335064825966	superior	4.5462567034813652	0.01868934625456024	0	reference_client_sensitive	sensitivity_unresolved
fixed_treatment_server|download|loopback|validated_body_bits_per_second|iouring	all_pairs	lsperf/noqperf	3.1478815765556361	3.105388176566974	3.1909564462156976	superior	4.5462567034813652	0.010355895679597922	0	descriptive_only	descriptive_only
fixed_treatment_server|download|loopback|validated_body_bits_per_second|iouring	all_pairs	lsperf/picoperf	1.4192112612498078	1.3960506890213056	1.4427560688862149	superior	4.5462567034813652	0.012537384262266105	0	descriptive_only	descriptive_only
fixed_treatment_server|download|loopback|validated_body_bits_per_second|iouring	all_pairs	lsperf/quicheperf	1.9793043074883001	1.9552008958933624	2.003704862180776	superior	4.5462567034813652	0.0093359924167113716	0	descriptive_only	descriptive_only
fixed_treatment_server|download|loopback|validated_body_bits_per_second|iouring	all_pairs	lsperf/quiczigperf	1.5768887578734636	1.557500078364694	1.5965187990992022	superior	4.5462567034813652	0.0094268709911089175	0	descriptive_only	descriptive_only
fixed_treatment_server|download|loopback|validated_body_bits_per_second|iouring	all_pairs	lsperf/quinnperf	2.3483451599557212	2.3138739814805915	2.3833298764000639	superior	4.5462567034813652	0.011267771368146821	0	descriptive_only	descriptive_only
fixed_treatment_server|download|loopback|validated_body_bits_per_second|iouring	all_pairs	lsperf/s2nperf	1.3886712396919545	1.3624716727510211	1.4153746096268296	superior	4.5462567034813652	0.014513118967878876	0	descriptive_only	descriptive_only
fixed_treatment_server|download|loopback|validated_body_bits_per_second|iouring	all_pairs	lsperf/tquicperf	1.8546313936110592	1.8298122487334514	1.8797871795581989	superior	4.5462567034813652	0.010265689624908599	0	descriptive_only	descriptive_only
fixed_treatment_server|download|loopback|validated_body_bits_per_second|iouring	all_pairs	lsperf/xquicperf	2.3949782045040697	2.3532931189139514	2.437401679352496	superior	4.5462567034813652	0.013378979617295679	0	descriptive_only	descriptive_only
fixed_treatment_server|download|loopback|validated_body_bits_per_second|iouring	all_pairs	mvfstperf/neqoperf	1.3008075874667553	1.2804742872156636	1.3214637704990391	superior	4.5462567034813652	0.012004610927905699	0	descriptive_only	descriptive_only
fixed_treatment_server|download|loopback|validated_body_bits_per_second|iouring	all_pairs	mvfstperf/ngtcp2perf	1.0702251339578903	1.0403083703986424	1.1010022315943473	inconclusive	4.5462567034813652	0.021603201307015658	1	reference_client_sensitive	sensitivity_unresolved
fixed_treatment_server|download|loopback|validated_body_bits_per_second|iouring	all_pairs	mvfstperf/noqperf	1.6300182295042218	1.6048944928337758	1.6555352643927779	superior	4.5462567034813652	0.011835784828047801	0	descriptive_only	descriptive_only
fixed_treatment_server|download|loopback|validated_body_bits_per_second|iouring	all_pairs	mvfstperf/picoperf	0.73488794641572486	0.72059637219573947	0.74946296515689637	inferior	4.5462567034813652	0.014964188170738784	0	descriptive_only	descriptive_only
fixed_treatment_server|download|loopback|validated_body_bits_per_second|iouring	all_pairs	mvfstperf/quicheperf	1.0249121590121346	1.0094102904011055	1.0406520952679252	inconclusive	4.5462567034813652	0.011612863744601114	0	descriptive_only	descriptive_only
fixed_treatment_server|download|loopback|validated_body_bits_per_second|iouring	all_pairs	mvfstperf/quiczigperf	0.81653561569061972	0.80118357277971697	0.83218182991200074	inferior	4.5462567034813652	0.014462478983860959	0	descriptive_only	descriptive_only
fixed_treatment_server|download|loopback|validated_body_bits_per_second|iouring	all_pairs	mvfstperf/quinnperf	1.2160068054669972	1.1964788451424397	1.2358534853710821	superior	4.5462567034813652	0.012335827704769983	0	descriptive_only	descriptive_only
fixed_treatment_server|download|loopback|validated_body_bits_per_second|iouring	all_pairs	mvfstperf/s2nperf	0.71907388522628768	0.70247740863085384	0.73606246416123966	inferior	4.5462567034813652	0.017792614127907495	0	descriptive_only	descriptive_only
fixed_treatment_server|download|loopback|validated_body_bits_per_second|iouring	all_pairs	mvfstperf/tquicperf	0.96035473605860933	0.94195199238998883	0.97911701076200552	inconclusive	4.5462567034813652	0.014742877108762291	0	descriptive_only	descriptive_only
fixed_treatment_server|download|loopback|validated_body_bits_per_second|iouring	all_pairs	mvfstperf/xquicperf	1.2401540647785316	1.2136596334681946	1.2672268747966222	superior	4.5462567034813652	0.016454949635083066	0	descriptive_only	descriptive_only
fixed_treatment_server|download|loopback|validated_body_bits_per_second|iouring	all_pairs	neqoperf/ngtcp2perf	0.8227390001945557	0.80380982400336976	0.84211394564679931	inferior	4.5462567034813652	0.017735804017206216	0	sensitivity_unresolved	sensitivity_unresolved
fixed_treatment_server|download|loopback|validated_body_bits_per_second|iouring	all_pairs	neqoperf/noqperf	1.2530817356920438	1.246729517369213	1.2594663192368887	superior	4.5462567034813652	0.003872449799228963	0	descriptive_only	descriptive_only
fixed_treatment_server|download|loopback|validated_body_bits_per_second|iouring	all_pairs	neqoperf/picoperf	0.56494746301939636	0.55693959748395527	0.57307046834867392	inferior	4.5462567034813652	0.010877815115101469	0	descriptive_only	descriptive_only
fixed_treatment_server|download|loopback|validated_body_bits_per_second|iouring	all_pairs	neqoperf/quicheperf	0.78790450554496649	0.77835337518281633	0.79757283728903838	inferior	4.5462567034813652	0.0092931629253637377	0	descriptive_only	descriptive_only
fixed_treatment_server|download|loopback|validated_body_bits_per_second|iouring	all_pairs	neqoperf/quiczigperf	0.62771437033264377	0.62159706706318785	0.63389187562246518	inferior	4.5462567034813652	0.0074620719240002832	0	descriptive_only	descriptive_only
fixed_treatment_server|download|loopback|validated_body_bits_per_second|iouring	all_pairs	neqoperf/quinnperf	0.93480912717852249	0.92820129975771948	0.94146399545483239	inferior	4.5462567034813652	0.0054052015381950667	0	descriptive_only	descriptive_only
fixed_treatment_server|download|loopback|validated_body_bits_per_second|iouring	all_pairs	neqoperf/s2nperf	0.55279035281969791	0.54422303034540609	0.56149254465872778	inferior	4.5462567034813652	0.011901691314004611	0	descriptive_only	descriptive_only
fixed_treatment_server|download|loopback|validated_body_bits_per_second|iouring	all_pairs	neqoperf/tquicperf	0.73827577983984738	0.73062343552123921	0.74600827266002778	inferior	4.5462567034813652	0.007939133361554801	0	descriptive_only	descriptive_only
fixed_treatment_server|download|loopback|validated_body_bits_per_second|iouring	all_pairs	neqoperf/xquicperf	0.95337241012996954	0.93684274486459251	0.97019372501881129	inferior	4.5462567034813652	0.013326943400545998	0	descriptive_only	descriptive_only
fixed_treatment_server|download|loopback|validated_body_bits_per_second|iouring	all_pairs	ngtcp2perf/noqperf	1.5230610623730292	1.4826521368406755	1.564571312499403	inconclusive	4.5462567034813652	0.020489086488882782	1	descriptive_only	descriptive_only
fixed_treatment_server|download|loopback|validated_body_bits_per_second|iouring	all_pairs	ngtcp2perf/picoperf	0.68666668638025108	0.66909830057267605	0.70469636192600005	inferior	4.5462567034813652	0.019748695823671242	0	descriptive_only	descriptive_only
fixed_treatment_server|download|loopback|validated_body_bits_per_second|iouring	all_pairs	ngtcp2perf/quicheperf	0.95766033378586435	0.93602664943048319	0.97979402131858351	inconclusive	4.5462567034813652	0.017410364100537888	0	descriptive_only	descriptive_only
fixed_treatment_server|download|loopback|validated_body_bits_per_second|iouring	all_pairs	ngtcp2perf/quiczigperf	0.76295686746854852	0.74505831452987725	0.78128539775402739	inferior	4.5462567034813652	0.018088363026442136	0	descriptive_only	descriptive_only
fixed_treatment_server|download|loopback|validated_body_bits_per_second|iouring	all_pairs	ngtcp2perf/quinnperf	1.1362158922300576	1.1072549807263672	1.1659342935709798	superior	4.5462567034813652	0.019673543093874903	0	descriptive_only	descriptive_only
fixed_treatment_server|download|loopback|validated_body_bits_per_second|iouring	all_pairs	ngtcp2perf/s2nperf	0.6718902989757114	0.65312072817372746	0.69119927508653567	inconclusive	4.5462567034813652	0.021588902507596326	1	descriptive_only	descriptive_only
fixed_treatment_server|download|loopback|validated_body_bits_per_second|iouring	all_pairs	ngtcp2perf/tquicperf	0.89733898558991987	0.87363451053474217	0.92168663823351216	inconclusive	4.5462567034813652	0.020399094154119387	1	descriptive_only	descriptive_only
fixed_treatment_server|download|loopback|validated_body_bits_per_second|iouring	all_pairs	ngtcp2perf/xquicperf	1.1587786769613724	1.1369490436591994	1.1810274432869337	superior	4.5462567034813652	0.014491248907912823	0	descriptive_only	descriptive_only
fixed_treatment_server|download|loopback|validated_body_bits_per_second|iouring	all_pairs	noqperf/picoperf	0.45084645871674983	0.44420836390620999	0.45758375090017622	inferior	4.5462567034813652	0.011302341909807919	0	descriptive_only	descriptive_only
fixed_treatment_server|download|loopback|validated_body_bits_per_second|iouring	all_pairs	noqperf/quicheperf	0.62877343360992155	0.62081699400045065	0.63683184357759925	inferior	4.5462567034813652	0.0097033928491405009	0	descriptive_only	descriptive_only
fixed_treatment_server|download|loopback|validated_body_bits_per_second|iouring	all_pairs	noqperf/quiczigperf	0.50093649316975619	0.49494063841399355	0.5070049834528163	inferior	4.5462567034813652	0.0091752362595178532	0	descriptive_only	descriptive_only
fixed_treatment_server|download|loopback|validated_body_bits_per_second|iouring	all_pairs	noqperf/quinnperf	0.74600810190745637	0.74225669199481858	0.74977847167115963	inferior	4.5462567034813652	0.0038413324711187077	0	descriptive_only	descriptive_only
fixed_treatment_server|download|loopback|validated_body_bits_per_second|iouring	all_pairs	noqperf/s2nperf	0.441144689188536	0.43383966023830089	0.44857272083505401	inferior	4.5462567034813652	0.012723260270534392	0	descriptive_only	descriptive_only
fixed_treatment_server|download|loopback|validated_body_bits_per_second|iouring	all_pairs	noqperf/tquicperf	0.58916809559283634	0.58394054542180374	0.59444244381720657	inferior	4.5462567034813652	0.00679093407991525	0	descriptive_only	descriptive_only
fixed_treatment_server|download|loopback|validated_body_bits_per_second|iouring	all_pairs	noqperf/xquicperf	0.76082220574657655	0.74534345496495413	0.77662240796667836	inferior	4.5462567034813652	0.015661924293408645	0	descriptive_only	descriptive_only
fixed_treatment_server|download|loopback|validated_body_bits_per_second|iouring	all_pairs	picoperf/quicheperf	1.3946509314936342	1.3735792426778168	1.4160458750993863	superior	4.5462567034813652	0.011600379529895934	0	descriptive_only	descriptive_only
fixed_treatment_server|download|loopback|validated_body_bits_per_second|iouring	all_pairs	picoperf/quiczigperf	1.1111022022787498	1.0974417851925522	1.124932657536891	superior	4.5462567034813652	0.0094260580236231132	0	descriptive_only	descriptive_only
fixed_treatment_server|download|loopback|validated_body_bits_per_second|iouring	all_pairs	picoperf/quinnperf	1.6546832906946392	1.6279707830939278	1.6818341096395883	superior	4.5462567034813652	0.012401259353635142	0	descriptive_only	descriptive_only
fixed_treatment_server|download|loopback|validated_body_bits_per_second|iouring	all_pairs	picoperf/s2nperf	0.97848098983448117	0.95350280842217083	1.0041135054985162	inconclusive	4.5462567034813652	0.019703718729672109	0	descriptive_only	descriptive_only
fixed_treatment_server|download|loopback|validated_body_bits_per_second|iouring	all_pairs	picoperf/tquicperf	1.306804310429305	1.2871406064430249	1.3267684176912835	superior	4.5462567034813652	0.011552595353265608	0	descriptive_only	descriptive_only
fixed_treatment_server|download|loopback|validated_body_bits_per_second|iouring	all_pairs	picoperf/xquicperf	1.6875417141172957	1.6531391058761393	1.7226602569398721	superior	4.5462567034813652	0.015694171844740361	0	descriptive_only	descriptive_only
fixed_treatment_server|download|loopback|validated_body_bits_per_second|iouring	all_pairs	quicheperf/quiczigperf	0.79668838788842211	0.78617104485831624	0.80734643122177174	inferior	4.5462567034813652	0.010125972555577642	0	descriptive_only	descriptive_only
fixed_treatment_server|download|loopback|validated_body_bits_per_second|iouring	all_pairs	quicheperf/quinnperf	1.1864497798904541	1.1729679083853324	1.2000866094792377	superior	4.5462567034813652	0.0087079663796511362	0	descriptive_only	descriptive_only
fixed_treatment_server|download|loopback|validated_body_bits_per_second|iouring	all_pairs	quicheperf/s2nperf	0.70159562349164606	0.68928741973284047	0.71412360767213268	inferior	4.5462567034813652	0.013485966163249381	0	descriptive_only	descriptive_only
fixed_treatment_server|download|loopback|validated_body_bits_per_second|iouring	all_pairs	quicheperf/tquicperf	0.9370117503379517	0.92711803435168394	0.94701104685699966	inferior	4.5462567034813652	0.008088240116128147	0	descriptive_only	descriptive_only
fixed_treatment_server|download|loopback|validated_body_bits_per_second|iouring	all_pairs	quicheperf/xquicperf	1.2100101007425443	1.1886026006852948	1.2318031636939328	superior	4.5462567034813652	0.013601412770989542	0	descriptive_only	descriptive_only
fixed_treatment_server|download|loopback|validated_body_bits_per_second|iouring	all_pairs	quiczigperf/quinnperf	1.4892269021707125	1.4720761647606964	1.5065774579058595	superior	4.5462567034813652	0.0088261531983380211	0	descriptive_only	descriptive_only
fixed_treatment_server|download|loopback|validated_body_bits_per_second|iouring	all_pairs	quiczigperf/s2nperf	0.88063995177736409	0.86397152534100863	0.89762995876552598	inferior	4.5462567034813652	0.014560482170807201	0	descriptive_only	descriptive_only
fixed_treatment_server|download|loopback|validated_body_bits_per_second|iouring	all_pairs	quiczigperf/tquicperf	1.176133309563415	1.1614018791176879	1.1910515961240489	superior	4.5462567034813652	0.0096041553475549341	0	descriptive_only	descriptive_only
fixed_treatment_server|download|loopback|validated_body_bits_per_second|iouring	all_pairs	quiczigperf/xquicperf	1.5187997203644554	1.4930376935221543	1.5450062651381544	superior	4.5462567034813652	0.013035441970527506	0	descriptive_only	descriptive_only
fixed_treatment_server|download|loopback|validated_body_bits_per_second|iouring	all_pairs	quinnperf/s2nperf	0.59134034611766295	0.58238818775214407	0.60043011225251286	inferior	4.5462567034813652	0.011623453420906597	0	descriptive_only	descriptive_only
fixed_treatment_server|download|loopback|validated_body_bits_per_second|iouring	all_pairs	quinnperf/tquicperf	0.78976098796568261	0.78334319693439403	0.79623135881368812	inferior	4.5462567034813652	0.0062172332264300587	0	descriptive_only	descriptive_only
fixed_treatment_server|download|loopback|validated_body_bits_per_second|iouring	all_pairs	quinnperf/xquicperf	1.0198578323764076	1.0002548690564275	1.0398449739521627	inconclusive	4.5462567034813652	0.014788578286056247	0	descriptive_only	descriptive_only
fixed_treatment_server|download|loopback|validated_body_bits_per_second|iouring	all_pairs	s2nperf/tquicperf	1.335543893040132	1.3150228298438491	1.3563851894864767	superior	4.5462567034813652	0.011798762477912299	0	descriptive_only	descriptive_only
fixed_treatment_server|download|loopback|validated_body_bits_per_second|iouring	all_pairs	s2nperf/xquicperf	1.724654573414613	1.6863914271046929	1.7637858861193587	superior	4.5462567034813652	0.017095349471055694	0	descriptive_only	descriptive_only
fixed_treatment_server|download|loopback|validated_body_bits_per_second|iouring	all_pairs	tquicperf/xquicperf	1.2913499753937241	1.2654835398978179	1.3177451198488304	superior	4.5462567034813652	0.015417558880371511	0	descriptive_only	descriptive_only
fixed_treatment_server|flow_control|loopback|validated_body_bits_per_second|iouring	baseline	lsperf/ngtcp2perf	1.9933055840685789	1.9547793116013135	2.0325911615179533	inconclusive	2.7370536402271406	0.024701402049504665	1	reference_client_sensitive	sensitivity_unresolved
fixed_treatment_server|flow_control|loopback|validated_body_bits_per_second|iouring	baseline	mvfstperf/ngtcp2perf	1.2031300500492248	1.1733666797320321	1.2336483917048238	inconclusive	2.7370536402271406	0.031703331733902329	1	reference_client_sensitive	sensitivity_unresolved
fixed_treatment_server|flow_control|loopback|validated_body_bits_per_second|iouring	baseline	neqoperf/ngtcp2perf	0.82604076328376042	0.80742562664542838	0.84508507048669723	inconclusive	2.7370536402271406	0.02884776272249677	1	reference_client_sensitive	sensitivity_unresolved
fixed_treatment_server|flow_control|loopback|validated_body_bits_per_second|iouring	baseline	noqperf/ngtcp2perf	0.60899395023414848	0.59375006857422874	0.62462920183297144	inconclusive	2.7370536402271406	0.032083587866178723	1	reference_client_sensitive	sensitivity_unresolved
fixed_treatment_server|flow_control|loopback|validated_body_bits_per_second|iouring	baseline	picoperf/ngtcp2perf	2.0757192703673111	2.030456847240063	2.1219906718188879	inconclusive	2.7370536402271406	0.027903271725102579	1	reference_client_sensitive	sensitivity_unresolved
fixed_treatment_server|flow_control|loopback|validated_body_bits_per_second|iouring	baseline	quicheperf/ngtcp2perf	1.3206600908975696	1.2940048358207823	1.3478644185925885	inconclusive	2.7370536402271406	0.025805908757124556	1	reference_client_sensitive	sensitivity_unresolved
fixed_treatment_server|flow_control|loopback|validated_body_bits_per_second|iouring	baseline	quiczigperf/ngtcp2perf	1.1321729866240178	1.1051682332612001	1.1598376003431494	inconclusive	2.7370536402271406	0.030553881690140113	1	reference_client_sensitive	sensitivity_unresolved
fixed_treatment_server|flow_control|loopback|validated_body_bits_per_second|iouring	baseline	quinnperf/ngtcp2perf	0.92751730330439008	0.90829091268934603	0.9471506715638407	inconclusive	2.7370536402271406	0.026510849320049205	1	sensitivity_unresolved	sensitivity_unresolved
fixed_treatment_server|flow_control|loopback|validated_body_bits_per_second|iouring	baseline	s2nperf/ngtcp2perf	1.2522281132358093	1.2229706721978895	1.2821854875391352	inconclusive	2.7370536402271406	0.029921529712338288	1	reference_client_sensitive	sensitivity_unresolved
fixed_treatment_server|flow_control|loopback|validated_body_bits_per_second|iouring	baseline	tquicperf/ngtcp2perf	1.1509819815927225	1.1296168686546031	1.1727511855669488	inconclusive	2.7370536402271406	0.023714081457817421	1	sensitivity_unresolved	sensitivity_unresolved
fixed_treatment_server|flow_control|loopback|validated_body_bits_per_second|iouring	baseline	xquicperf/ngtcp2perf	0.32967047991239889	0.32272619533983893	0.336764188637448	inconclusive	2.7370536402271406	0.026944459938685734	1	reference_client_sensitive	sensitivity_unresolved
fixed_treatment_server|flow_control|loopback|validated_body_bits_per_second|iouring	all_pairs	lsperf/mvfstperf	1.6567665182887126	1.6298146489781971	1.6841640844518035	superior	4.3931032476983187	0.012933124961950055	0	descriptive_only	descriptive_only
fixed_treatment_server|flow_control|loopback|validated_body_bits_per_second|iouring	all_pairs	lsperf/neqoperf	2.4130838000592005	2.3739028447731139	2.4529114318765153	superior	4.3931032476983187	0.012908379099328958	0	descriptive_only	descriptive_only
fixed_treatment_server|flow_control|loopback|validated_body_bits_per_second|iouring	all_pairs	lsperf/ngtcp2perf	1.9933055840685789	1.9318315493844218	2.0567358229267247	inconclusive	4.3931032476983187	0.024701402049504665	1	reference_client_sensitive	sensitivity_unresolved
fixed_treatment_server|flow_control|loopback|validated_body_bits_per_second|iouring	all_pairs	lsperf/noqperf	3.2731122916774207	3.2185244875934251	3.3286259325435186	superior	4.3931032476983187	0.013261750625073941	0	descriptive_only	descriptive_only
fixed_treatment_server|flow_control|loopback|validated_body_bits_per_second|iouring	all_pairs	lsperf/picoperf	0.96029632355624439	0.94208368919364971	0.97886104983405908	inconclusive	4.3931032476983187	0.015098644912474925	0	descriptive_only	descriptive_only
fixed_treatment_server|flow_control|loopback|validated_body_bits_per_second|iouring	all_pairs	lsperf/quicheperf	1.5093252213852046	1.4795241209708889	1.5397265861502778	superior	4.3931032476983187	0.015725044296922674	0	descriptive_only	descriptive_only
fixed_treatment_server|flow_control|loopback|validated_body_bits_per_second|iouring	all_pairs	lsperf/quiczigperf	1.7606016109007676	1.7302163586299375	1.7915204747924549	superior	4.3931032476983187	0.013727638069532037	0	descriptive_only	descriptive_only
fixed_treatment_server|flow_control|loopback|validated_body_bits_per_second|iouring	all_pairs	lsperf/quinnperf	2.1490764398326503	2.1144037609069271	2.1843176925975398	superior	4.3931032476983187	0.012825725197145112	0	descriptive_only	descriptive_only
fixed_treatment_server|flow_control|loopback|validated_body_bits_per_second|iouring	all_pairs	lsperf/s2nperf	1.5918070861049389	1.5631260181934665	1.6210144095114694	superior	4.3931032476983187	0.014337265758404454	0	descriptive_only	descriptive_only
fixed_treatment_server|flow_control|loopback|validated_body_bits_per_second|iouring	all_pairs	lsperf/tquicperf	1.7318303986916057	1.7023188034193859	1.7618536103859446	superior	4.3931032476983187	0.013552937200391833	0	descriptive_only	descriptive_only
fixed_treatment_server|flow_control|loopback|validated_body_bits_per_second|iouring	all_pairs	lsperf/xquicperf	6.0463575161423204	5.9512207765399694	6.1430151200449572	superior	4.3931032476983187	0.0125058432970138	0	descriptive_only	descriptive_only
fixed_treatment_server|flow_control|loopback|validated_body_bits_per_second|iouring	all_pairs	mvfstperf/neqoperf	1.4565020317719204	1.4414552845702977	1.4717058456573124	superior	4.3931032476983187	0.0081884886455159973	0	descriptive_only	descriptive_only
fixed_treatment_server|flow_control|loopback|validated_body_bits_per_second|iouring	all_pairs	mvfstperf/ngtcp2perf	1.2031300500492248	1.15571709768109	1.2524881047756908	inconclusive	4.3931032476983187	0.031703331733902329	1	reference_client_sensitive	sensitivity_unresolved
fixed_treatment_server|flow_control|loopback|validated_body_bits_per_second|iouring	all_pairs	mvfstperf/noqperf	1.9756026305132268	1.9557949467353186	1.9956109203604475	superior	4.3931032476983187	0.0079458362662706752	0	descriptive_only	descriptive_only
fixed_treatment_server|flow_control|loopback|validated_body_bits_per_second|iouring	all_pairs	mvfstperf/picoperf	0.57962079324740468	0.57139941548419726	0.58796046138769997	inferior	4.3931032476983187	0.011264664189016425	0	descriptive_only	descriptive_only
fixed_treatment_server|flow_control|loopback|validated_body_bits_per_second|iouring	all_pairs	mvfstperf/quicheperf	0.91100659309810228	0.89656330578746379	0.92568255616849027	inferior	4.3931032476983187	0.012601707689819577	0	descriptive_only	descriptive_only
fixed_treatment_server|flow_control|loopback|validated_body_bits_per_second|iouring	all_pairs	mvfstperf/quiczigperf	1.0626733407911375	1.0501534900570966	1.0753424522417183	superior	4.3931032476983187	0.0093452202074485232	0	descriptive_only	descriptive_only
fixed_treatment_server|flow_control|loopback|validated_body_bits_per_second|iouring	all_pairs	mvfstperf/quinnperf	1.2971510566573063	1.2802956606467348	1.3142283579538256	superior	4.3931032476983187	0.010313466542960035	0	descriptive_only	descriptive_only
fixed_treatment_server|flow_control|loopback|validated_body_bits_per_second|iouring	all_pairs	mvfstperf/s2nperf	0.96079143834288072	0.94604939972862734	0.97576319826192703	inconclusive	4.3931032476983187	0.012192730126482382	0	descriptive_only	descriptive_only
fixed_treatment_server|flow_control|loopback|validated_body_bits_per_second|iouring	all_pairs	mvfstperf/tquicperf	1.0453074585792737	1.0302614593851935	1.0605731904341127	superior	4.3931032476983187	0.011432486354334945	0	descriptive_only	descriptive_only
fixed_treatment_server|flow_control|loopback|validated_body_bits_per_second|iouring	all_pairs	mvfstperf/xquicperf	3.6494928219503446	3.6043595960803012	3.6951911989999902	superior	4.3931032476983187	0.0098125633340082827	0	descriptive_only	descriptive_only
fixed_treatment_server|flow_control|loopback|validated_body_bits_per_second|iouring	all_pairs	neqoperf/ngtcp2perf	0.82604076328376042	0.7963668737046814	0.8568203489331131	inconclusive	4.3931032476983187	0.02884776272249677	1	reference_client_sensitive	sensitivity_unresolved
fixed_treatment_server|flow_control|loopback|validated_body_bits_per_second|iouring	all_pairs	neqoperf/noqperf	1.3564022482754727	1.34414337116689	1.3687729289841677	superior	4.3931032476983187	0.0071589835554584568	0	descriptive_only	descriptive_only
fixed_treatment_server|flow_control|loopback|validated_body_bits_per_second|iouring	all_pairs	neqoperf/picoperf	0.39795398880581162	0.39293188488493996	0.40304028076731385	inferior	4.3931032476983187	0.010014445846462989	0	descriptive_only	descriptive_only
fixed_treatment_server|flow_control|loopback|validated_body_bits_per_second|iouring	all_pairs	neqoperf/quicheperf	0.62547567612371213	0.61770889718885147	0.63334011085614583	inferior	4.3931032476983187	0.009852811872885156	0	descriptive_only	descriptive_only
fixed_treatment_server|flow_control|loopback|validated_body_bits_per_second|iouring	all_pairs	neqoperf/quiczigperf	0.72960649392183341	0.72380416786830015	0.7354553339208868	inferior	4.3931032476983187	0.0062960084707002848	0	descriptive_only	descriptive_only
fixed_treatment_server|flow_control|loopback|validated_body_bits_per_second|iouring	all_pairs	neqoperf/quinnperf	0.8905933725881906	0.88256826819245959	0.89869144845013382	inferior	4.3931032476983187	0.0071376383099316732	0	descriptive_only	descriptive_only
fixed_treatment_server|flow_control|loopback|validated_body_bits_per_second|iouring	all_pairs	neqoperf/s2nperf	0.6596567786273676	0.65266774644239844	0.66672065221693921	inferior	4.3931032476983187	0.0083990295600490355	0	descriptive_only	descriptive_only
fixed_treatment_server|flow_control|loopback|validated_body_bits_per_second|iouring	all_pairs	neqoperf/tquicperf	0.71768348809482652	0.70925022425492978	0.72621702675531696	inferior	4.3931032476983187	0.0093206490125471355	0	descriptive_only	descriptive_only
fixed_treatment_server|flow_control|loopback|validated_body_bits_per_second|iouring	all_pairs	neqoperf/xquicperf	2.5056558400474884	2.4887932716125913	2.5226326591184121	superior	4.3931032476983187	0.0053246000434540057	0	descriptive_only	descriptive_only
fixed_treatment_server|flow_control|loopback|validated_body_bits_per_second|iouring	all_pairs	ngtcp2perf/noqperf	1.6420524368354001	1.5765819664748568	1.7102416890800309	inconclusive	4.3931032476983187	0.032083587866178744	1	descriptive_only	descriptive_only
fixed_treatment_server|flow_control|loopback|validated_body_bits_per_second|iouring	all_pairs	ngtcp2perf/picoperf	0.48176071508120843	0.46501105852432939	0.49911369276267253	inconclusive	4.3931032476983187	0.027903271725102582	1	descriptive_only	descriptive_only
fixed_treatment_server|flow_control|loopback|validated_body_bits_per_second|iouring	all_pairs	ngtcp2perf/quicheperf	0.75719710688036523	0.73281777520966995	0.78238748849119033	inconclusive	4.3931032476983187	0.025805908757124608	1	descriptive_only	descriptive_only
fixed_treatment_server|flow_control|loopback|validated_body_bits_per_second|iouring	all_pairs	ngtcp2perf/quiczigperf	0.88325725115722886	0.84968754195009422	0.91815324246291607	inconclusive	4.3931032476983187	0.03055388169014012	1	descriptive_only	descriptive_only
fixed_treatment_server|flow_control|loopback|validated_body_bits_per_second|iouring	all_pairs	ngtcp2perf/quinnperf	1.0781470021501289	1.0425017033972783	1.1150110877107511	inconclusive	4.3931032476983187	0.026510849320049226	1	descriptive_only	descriptive_only
fixed_treatment_server|flow_control|loopback|validated_body_bits_per_second|iouring	all_pairs	ngtcp2perf/s2nperf	0.79857654482453566	0.76884158586904217	0.8294615037284393	inconclusive	4.3931032476983187	0.029921529712338281	1	descriptive_only	descriptive_only
fixed_treatment_server|flow_control|loopback|validated_body_bits_per_second|iouring	all_pairs	ngtcp2perf/tquicperf	0.86882333172253978	0.84308357064937089	0.89534894051373914	inconclusive	4.3931032476983187	0.023714081457817417	1	descriptive_only	descriptive_only
fixed_treatment_server|flow_control|loopback|validated_body_bits_per_second|iouring	all_pairs	ngtcp2perf/xquicperf	3.0333319509399916	2.9314326212714006	3.1387733962661497	inconclusive	4.3931032476983187	0.026944459938685748	1	descriptive_only	descriptive_only
fixed_treatment_server|flow_control|loopback|validated_body_bits_per_second|iouring	all_pairs	noqperf/picoperf	0.29338936094493323	0.28854786545470706	0.29831209106340711	inferior	4.3931032476983187	0.013120869638491527	0	descriptive_only	descriptive_only
fixed_treatment_server|flow_control|loopback|validated_body_bits_per_second|iouring	all_pairs	noqperf/quicheperf	0.46112845722494245	0.4529324506925464	0.46947277400310772	inferior	4.3931032476983187	0.014141256771057462	0	descriptive_only	descriptive_only
fixed_treatment_server|flow_control|loopback|validated_body_bits_per_second|iouring	all_pairs	noqperf/quiczigperf	0.5378983224551962	0.53309003661952625	0.54274997734879138	inferior	4.3931032476983187	0.0070803977115375264	0	descriptive_only	descriptive_only
fixed_treatment_server|flow_control|loopback|validated_body_bits_per_second|iouring	all_pairs	noqperf/quinnperf	0.656585001772512	0.64794627215481504	0.66533890706543819	inferior	4.3931032476983187	0.010443617157220317	0	descriptive_only	descriptive_only
fixed_treatment_server|flow_control|loopback|validated_body_bits_per_second|iouring	all_pairs	noqperf/s2nperf	0.48632828459703159	0.48125901404925381	0.49145095155534169	inferior	4.3931032476983187	0.0082624433218087424	0	descriptive_only	descriptive_only
fixed_treatment_server|flow_control|loopback|validated_body_bits_per_second|iouring	all_pairs	noqperf/tquicperf	0.52910815284130353	0.52075834377689101	0.53759184225971379	inferior	4.3931032476983187	0.01254298299257443	0	descriptive_only	descriptive_only
fixed_treatment_server|flow_control|loopback|validated_body_bits_per_second|iouring	all_pairs	noqperf/xquicperf	1.8472808071744016	1.8251692948116776	1.8696601954981975	superior	4.3931032476983187	0.0094954816929543814	0	descriptive_only	descriptive_only
fixed_treatment_server|flow_control|loopback|validated_body_bits_per_second|iouring	all_pairs	picoperf/quicheperf	1.5717286262179506	1.5620986538677681	1.581417965092287	superior	4.3931032476983187	0.0048461913577671776	0	descriptive_only	descriptive_only
fixed_treatment_server|flow_control|loopback|validated_body_bits_per_second|iouring	all_pairs	picoperf/quiczigperf	1.8333940969187197	1.8061435937142407	1.8610557467936417	superior	4.3931032476983187	0.011808252446133217	0	descriptive_only	descriptive_only
fixed_treatment_server|flow_control|loopback|validated_body_bits_per_second|iouring	all_pairs	picoperf/quinnperf	2.2379305086517691	2.2195107752650336	2.256503107517609	superior	4.3931032476983187	0.0065170250327134579	0	descriptive_only	descriptive_only
fixed_treatment_server|flow_control|loopback|validated_body_bits_per_second|iouring	all_pairs	picoperf/s2nperf	1.6576207229556335	1.6320370399648652	1.6836054537286176	superior	4.3931032476983187	0.012265077889575222	0	descriptive_only	descriptive_only
fixed_treatment_server|flow_control|loopback|validated_body_bits_per_second|iouring	all_pairs	picoperf/tquicperf	1.8034333322012064	1.7874457070145606	1.8195639570650484	superior	4.3931032476983187	0.0070215866607340853	0	descriptive_only	descriptive_only
fixed_treatment_server|flow_control|loopback|validated_body_bits_per_second|iouring	all_pairs	picoperf/xquicperf	6.2963455839870113	6.2323301101190474	6.3610185937720622	superior	4.3931032476983187	0.0080581024540032319	0	descriptive_only	descriptive_only
fixed_treatment_server|flow_control|loopback|validated_body_bits_per_second|iouring	all_pairs	quicheperf/quiczigperf	1.1664826015992433	1.1473092340829065	1.1859763866725874	superior	4.3931032476983187	0.013068726279767564	0	descriptive_only	descriptive_only
fixed_treatment_server|flow_control|loopback|validated_body_bits_per_second|iouring	all_pairs	quicheperf/quinnperf	1.4238657178605314	1.4092035328921455	1.4386804568518314	superior	4.3931032476983187	0.0081619623943616805	0	descriptive_only	descriptive_only
fixed_treatment_server|flow_control|loopback|validated_body_bits_per_second|iouring	all_pairs	quicheperf/s2nperf	1.0546481722766383	1.0368576273244186	1.0727439698318735	superior	4.3931032476983187	0.013414974801194024	0	descriptive_only	descriptive_only
fixed_treatment_server|flow_control|loopback|validated_body_bits_per_second|iouring	all_pairs	quicheperf/tquicperf	1.1474203002466186	1.1398860623844118	1.1550043367176843	superior	4.3931032476983187	0.0051947633540867528	0	descriptive_only	descriptive_only
fixed_treatment_server|flow_control|loopback|validated_body_bits_per_second|iouring	all_pairs	quicheperf/xquicperf	4.0060004500509105	3.9692459031221916	4.043095337878861	superior	4.3931032476983187	0.0072680724785917162	0	descriptive_only	descriptive_only
fixed_treatment_server|flow_control|loopback|validated_body_bits_per_second|iouring	all_pairs	quiczigperf/quinnperf	1.2206489114440429	1.2092458637835306	1.2321594885159364	superior	4.3931032476983187	0.0074009227112215425	0	descriptive_only	descriptive_only
fixed_treatment_server|flow_control|loopback|validated_body_bits_per_second|iouring	all_pairs	quiczigperf/s2nperf	0.90412679180188349	0.89253576307523819	0.91586834889108859	inferior	4.3931032476983187	0.010174444318479862	0	descriptive_only	descriptive_only
fixed_treatment_server|flow_control|loopback|validated_body_bits_per_second|iouring	all_pairs	quiczigperf/tquicperf	0.98365830632493756	0.96807773746707104	0.99948963410074998	inconclusive	4.3931032476983187	0.012589853067065141	0	descriptive_only	descriptive_only
fixed_treatment_server|flow_control|loopback|validated_body_bits_per_second|iouring	all_pairs	quiczigperf/xquicperf	3.4342564943177889	3.3999793530513402	3.4688792030984477	superior	4.3931032476983187	0.007909836059132069	0	descriptive_only	descriptive_only
fixed_treatment_server|flow_control|loopback|validated_body_bits_per_second|iouring	all_pairs	quinnperf/s2nperf	0.74069356333779079	0.73153057502352714	0.7499713251936041	inferior	4.3931032476983187	0.0098156262840620682	0	descriptive_only	descriptive_only
fixed_treatment_server|flow_control|loopback|validated_body_bits_per_second|iouring	all_pairs	quinnperf/tquicperf	0.80584867368722557	0.79796432474954171	0.81381092455140303	inferior	4.3931032476983187	0.0077529112879348517	0	descriptive_only	descriptive_only
fixed_treatment_server|flow_control|loopback|validated_body_bits_per_second|iouring	all_pairs	quinnperf/xquicperf	2.8134678711629046	2.7924322596490643	2.8346619455902977	superior	4.3931032476983187	0.0059178101980686187	0	descriptive_only	descriptive_only
fixed_treatment_server|flow_control|loopback|validated_body_bits_per_second|iouring	all_pairs	s2nperf/tquicperf	1.0879650014181657	1.0720200849548605	1.1041470779539262	superior	4.3931032476983187	0.011642026755068259	0	descriptive_only	descriptive_only
fixed_treatment_server|flow_control|loopback|validated_body_bits_per_second|iouring	all_pairs	s2nperf/xquicperf	3.7984235457434812	3.7538319605967678	3.8435448321359531	superior	4.3931032476983187	0.0093117325072742656	0	descriptive_only	descriptive_only
fixed_treatment_server|flow_control|loopback|validated_body_bits_per_second|iouring	all_pairs	tquicperf/xquicperf	3.49131041972143	3.4607609535055062	3.5221295578097007	superior	4.3931032476983187	0.006930130423363972	0	descriptive_only	descriptive_only
fixed_treatment_server|loss_recovery|loss_recovery_v1|validated_body_bits_per_second|iouring	baseline	lsperf/ngtcp2perf	1.7166393217725611	1.6838023432903761	1.7501166765792808	inconclusive	3.3558293167778199	0.019937105844278415	1	sensitivity_unresolved	sensitivity_unresolved
fixed_treatment_server|loss_recovery|loss_recovery_v1|validated_body_bits_per_second|iouring	baseline	mvfstperf/ngtcp2perf	0.84738629237102137	0.83745127290588961	0.8574391749464807	inferior	3.3558293167778199	0.012174089045061755	0	sensitivity_unresolved	invariance_supported
fixed_treatment_server|loss_recovery|loss_recovery_v1|validated_body_bits_per_second|iouring	baseline	neqoperf/ngtcp2perf	0.81936003078340136	0.81186460544223304	0.82692465658073988	inferior	3.3558293167778199	0.0094865067976455438	0	sensitivity_unresolved	invariance_supported
fixed_treatment_server|loss_recovery|loss_recovery_v1|validated_body_bits_per_second|iouring	baseline	noqperf/ngtcp2perf	1.0010143122060429	0.98875021643180749	1.013430527335258	equivalent	3.3558293167778199	0.012725067758605166	0	sensitivity_unresolved	invariance_supported
fixed_treatment_server|loss_recovery|loss_recovery_v1|validated_body_bits_per_second|iouring	baseline	picoperf/ngtcp2perf	7.4171503552083866	6.9806982893694203	7.8808905801796838	inconclusive	3.3558293167778199	0.062602659724811063	1	reference_client_sensitive	sensitivity_unresolved
fixed_treatment_server|loss_recovery|loss_recovery_v1|validated_body_bits_per_second|iouring	baseline	quicheperf/ngtcp2perf	4.6242982895611791	4.3259358576846045	4.943238960155087	inconclusive	3.3558293167778199	0.068848018666758284	1	reference_client_sensitive	sensitivity_unresolved
fixed_treatment_server|loss_recovery|loss_recovery_v1|validated_body_bits_per_second|iouring	baseline	quiczigperf/ngtcp2perf	1.2006972214695091	1.1919025947670141	1.2095567406046375	superior	3.3558293167778199	0.0075887466808638214	0	reference_client_sensitive	invariance_supported
fixed_treatment_server|loss_recovery|loss_recovery_v1|validated_body_bits_per_second|iouring	baseline	quinnperf/ngtcp2perf	1.0151592977335679	1.0041800662570757	1.026258570951442	equivalent	3.3558293167778199	0.011225033986849016	0	sensitivity_unresolved	invariance_supported
fixed_treatment_server|loss_recovery|loss_recovery_v1|validated_body_bits_per_second|iouring	baseline	s2nperf/ngtcp2perf	0.89287939788938442	0.87992710023356946	0.90602234999205089	inferior	3.3558293167778199	0.015083911092897121	0	sensitivity_unresolved	sensitivity_unresolved
fixed_treatment_server|loss_recovery|loss_recovery_v1|validated_body_bits_per_second|iouring	baseline	tquicperf/ngtcp2perf	1.0988662648631637	1.0865273909961131	1.111345262034577	superior	3.3558293167778199	0.011656581822785578	0	reference_client_sensitive	invariance_supported
fixed_treatment_server|loss_recovery|loss_recovery_v1|validated_body_bits_per_second|iouring	baseline	xquicperf/ngtcp2perf	1.1717670347570084	1.1604710789651516	1.1831729447041772	superior	3.3558293167778199	0.0099994070238190163	0	reference_client_sensitive	sensitivity_unresolved
fixed_treatment_server|loss_recovery|loss_recovery_v1|validated_body_bits_per_second|iouring	all_pairs	lsperf/mvfstperf	2.0258049218253631	1.9843920092481344	2.0680820937425493	superior	4.282757964837038	0.016706389467990326	0	descriptive_only	descriptive_only
fixed_treatment_server|loss_recovery|loss_recovery_v1|validated_body_bits_per_second|iouring	all_pairs	lsperf/neqoperf	2.0950977070864183	2.0526561507865453	2.1384168023255161	superior	4.282757964837038	0.016553528085484499	0	descriptive_only	descriptive_only
fixed_treatment_server|loss_recovery|loss_recovery_v1|validated_body_bits_per_second|iouring	all_pairs	lsperf/ngtcp2perf	1.7166393217725611	1.674843519703578	1.7594781401293573	inconclusive	4.282757964837038	0.019937105844278415	1	sensitivity_unresolved	sensitivity_unresolved
fixed_treatment_server|loss_recovery|loss_recovery_v1|validated_body_bits_per_second|iouring	all_pairs	lsperf/noqperf	1.7148998778942712	1.6926922827823103	1.7373988297316532	superior	4.282757964837038	0.010542828847702827	0	descriptive_only	descriptive_only
fixed_treatment_server|loss_recovery|loss_recovery_v1|validated_body_bits_per_second|iouring	all_pairs	lsperf/picoperf	0.23144189339064997	0.21741869609892525	0.24636956700299967	inconclusive	4.282757964837038	0.050556152257381443	1	descriptive_only	descriptive_only
fixed_treatment_server|loss_recovery|loss_recovery_v1|validated_body_bits_per_second|iouring	all_pairs	lsperf/quicheperf	0.3712215809364367	0.3383021116330065	0.4073443747890057	inconclusive	4.282757964837038	0.075109509945460465	1	descriptive_only	descriptive_only
fixed_treatment_server|loss_recovery|loss_recovery_v1|validated_body_bits_per_second|iouring	all_pairs	lsperf/quiczigperf	1.4297020856528682	1.3949220783048246	1.4653492732756694	inconclusive	4.282757964837038	0.019919940476107525	1	descriptive_only	descriptive_only
fixed_treatment_server|loss_recovery|loss_recovery_v1|validated_body_bits_per_second|iouring	all_pairs	lsperf/quinnperf	1.6910048753974956	1.6601594863209599	1.7224233648509062	superior	4.282757964837038	0.014890314688862566	0	descriptive_only	descriptive_only
fixed_treatment_server|loss_recovery|loss_recovery_v1|validated_body_bits_per_second|iouring	all_pairs	lsperf/s2nperf	1.9225881186534324	1.8793286966047349	1.9668433098825657	superior	4.282757964837038	0.018407462862686703	0	descriptive_only	descriptive_only
fixed_treatment_server|loss_recovery|loss_recovery_v1|validated_body_bits_per_second|iouring	all_pairs	lsperf/tquicperf	1.5621913026753309	1.5341735743020235	1.5907207026849834	superior	4.282757964837038	0.014638269167216124	0	descriptive_only	descriptive_only
fixed_treatment_server|loss_recovery|loss_recovery_v1|validated_body_bits_per_second|iouring	all_pairs	lsperf/xquicperf	1.4650005255767788	1.4287610603812859	1.5021591779436416	inconclusive	4.282757964837038	0.020259971285285096	1	descriptive_only	descriptive_only
fixed_treatment_server|loss_recovery|loss_recovery_v1|validated_body_bits_per_second|iouring	all_pairs	mvfstperf/neqoperf	1.0342050631403434	1.0265489572843738	1.0419182690074347	inconclusive	4.282757964837038	0.0060100883890283662	0	descriptive_only	descriptive_only
fixed_treatment_server|loss_recovery|loss_recovery_v1|validated_body_bits_per_second|iouring	all_pairs	mvfstperf/ngtcp2perf	0.84738629237102137	0.83472766538254295	0.86023688716394531	inferior	4.282757964837038	0.012174089045061755	0	sensitivity_unresolved	invariance_supported
fixed_treatment_server|loss_recovery|loss_recovery_v1|validated_body_bits_per_second|iouring	all_pairs	mvfstperf/noqperf	0.84652764904384337	0.83532255944739531	0.85788304468846943	inferior	4.282757964837038	0.010777835064128296	0	descriptive_only	descriptive_only
fixed_treatment_server|loss_recovery|loss_recovery_v1|validated_body_bits_per_second|iouring	all_pairs	mvfstperf/picoperf	0.11424688078164405	0.10629626421096695	0.12279217774229674	inconclusive	4.282757964837038	0.058343513319102092	1	descriptive_only	descriptive_only
fixed_treatment_server|loss_recovery|loss_recovery_v1|validated_body_bits_per_second|iouring	all_pairs	mvfstperf/quicheperf	0.18324646017837959	0.1674763516574464	0.20050153251838787	inconclusive	4.282757964837038	0.072788152987685623	1	descriptive_only	descriptive_only
fixed_treatment_server|loss_recovery|loss_recovery_v1|validated_body_bits_per_second|iouring	all_pairs	mvfstperf/quiczigperf	0.70574519305868155	0.69586545893679996	0.71576519732196131	inferior	4.282757964837038	0.011403079392847447	0	descriptive_only	descriptive_only
fixed_treatment_server|loss_recovery|loss_recovery_v1|validated_body_bits_per_second|iouring	all_pairs	mvfstperf/quinnperf	0.83473233635635857	0.8220160139296665	0.84764537618674995	inferior	4.282757964837038	0.012416826141336006	0	descriptive_only	descriptive_only
fixed_treatment_server|loss_recovery|loss_recovery_v1|validated_body_bits_per_second|iouring	all_pairs	mvfstperf/s2nperf	0.94904899180572311	0.93441455077109636	0.96391263182298481	inferior	4.282757964837038	0.01256969524445113	0	descriptive_only	descriptive_only
fixed_treatment_server|loss_recovery|loss_recovery_v1|validated_body_bits_per_second|iouring	all_pairs	mvfstperf/tquicperf	0.77114597059410328	0.76020845194813613	0.78224085307077273	inferior	4.282757964837038	0.011554404348485189	0	descriptive_only	descriptive_only
fixed_treatment_server|loss_recovery|loss_recovery_v1|validated_body_bits_per_second|iouring	all_pairs	mvfstperf/xquicperf	0.72316959535113179	0.7108940312171198	0.73565713126742227	inferior	4.282757964837038	0.013847798455407172	0	descriptive_only	descriptive_only
fixed_treatment_server|loss_recovery|loss_recovery_v1|validated_body_bits_per_second|iouring	all_pairs	neqoperf/ngtcp2perf	0.81936003078340136	0.80980637252438281	0.82902639794324717	inferior	4.282757964837038	0.0094865067976455438	0	sensitivity_unresolved	invariance_supported
fixed_treatment_server|loss_recovery|loss_recovery_v1|validated_body_bits_per_second|iouring	all_pairs	neqoperf/noqperf	0.81852978603042104	0.80977738714425529	0.82737678435524553	inferior	4.282757964837038	0.0086954494758822581	0	descriptive_only	descriptive_only
fixed_treatment_server|loss_recovery|loss_recovery_v1|validated_body_bits_per_second|iouring	all_pairs	neqoperf/picoperf	0.11046830541975461	0.10286900434029009	0.11862899403540365	inconclusive	4.282757964837038	0.057648460201053804	1	descriptive_only	descriptive_only
fixed_treatment_server|loss_recovery|loss_recovery_v1|validated_body_bits_per_second|iouring	all_pairs	neqoperf/quicheperf	0.17718580841400572	0.16182252849618922	0.19400766379734366	inconclusive	4.282757964837038	0.073361504208390799	1	descriptive_only	descriptive_only
fixed_treatment_server|loss_recovery|loss_recovery_v1|validated_body_bits_per_second|iouring	all_pairs	neqoperf/quiczigperf	0.68240353698878642	0.67522675767054907	0.68965659610606556	inferior	4.282757964837038	0.0085516359512575971	0	descriptive_only	descriptive_only
fixed_treatment_server|loss_recovery|loss_recovery_v1|validated_body_bits_per_second|iouring	all_pairs	neqoperf/quinnperf	0.80712458883319538	0.79776252872167697	0.81659651643832998	inferior	4.282757964837038	0.009436891197852024	0	descriptive_only	descriptive_only
fixed_treatment_server|loss_recovery|loss_recovery_v1|validated_body_bits_per_second|iouring	all_pairs	neqoperf/s2nperf	0.91766036120917294	0.90483545373400753	0.93066704565944236	inferior	4.282757964837038	0.011383923194249832	0	descriptive_only	descriptive_only
fixed_treatment_server|loss_recovery|loss_recovery_v1|validated_body_bits_per_second|iouring	all_pairs	neqoperf/tquicperf	0.74564126407632703	0.73511289364967924	0.75632042302103542	inferior	4.282757964837038	0.011502244677368342	0	descriptive_only	descriptive_only
fixed_treatment_server|loss_recovery|loss_recovery_v1|validated_body_bits_per_second|iouring	all_pairs	neqoperf/xquicperf	0.69925164856110977	0.68827105322769011	0.71040742701942028	inferior	4.282757964837038	0.012802416242422678	0	descriptive_only	descriptive_only
fixed_treatment_server|loss_recovery|loss_recovery_v1|validated_body_bits_per_second|iouring	all_pairs	ngtcp2perf/noqperf	0.99898671558071173	0.983393310104684	1.0148273815290667	equivalent	4.282757964837038	0.012725067758605208	0	descriptive_only	descriptive_only
fixed_treatment_server|loss_recovery|loss_recovery_v1|validated_body_bits_per_second|iouring	all_pairs	ngtcp2perf/picoperf	0.13482266802071652	0.12478135748199459	0.14567201526756288	inconclusive	4.282757964837038	0.062602659724811063	1	descriptive_only	descriptive_only
fixed_treatment_server|loss_recovery|loss_recovery_v1|validated_body_bits_per_second|iouring	all_pairs	ngtcp2perf/quicheperf	0.21624902577270694	0.19860383540478507	0.23546192374549763	inconclusive	4.282757964837038	0.068848018666758298	1	descriptive_only	descriptive_only
fixed_treatment_server|loss_recovery|loss_recovery_v1|validated_body_bits_per_second|iouring	all_pairs	ngtcp2perf/quiczigperf	0.83284943291208757	0.82507204535739265	0.84070013255815235	inferior	4.282757964837038	0.0075887466808638492	0	descriptive_only	descriptive_only
fixed_treatment_server|loss_recovery|loss_recovery_v1|validated_body_bits_per_second|iouring	all_pairs	ngtcp2perf/quinnperf	0.98506707492369683	0.97149093404857823	0.99883293614987723	equivalent	4.282757964837038	0.011225033986849039	0	descriptive_only	descriptive_only
fixed_treatment_server|loss_recovery|loss_recovery_v1|validated_body_bits_per_second|iouring	all_pairs	ngtcp2perf/s2nperf	1.1199720839833807	1.0992796839765693	1.1410539894311487	superior	4.282757964837038	0.015083911092897135	0	descriptive_only	descriptive_only
fixed_treatment_server|loss_recovery|loss_recovery_v1|validated_body_bits_per_second|iouring	all_pairs	ngtcp2perf/tquicperf	0.91002884698123387	0.89700816711015618	0.92323853082186436	inferior	4.282757964837038	0.01165658182278558	0	descriptive_only	descriptive_only
fixed_treatment_server|loss_recovery|loss_recovery_v1|validated_body_bits_per_second|iouring	all_pairs	ngtcp2perf/xquicperf	0.85341195846781259	0.84292657889302247	0.86402776836427075	inferior	4.282757964837038	0.009999407023819018	0	descriptive_only	descriptive_only
fixed_treatment_server|loss_recovery|loss_recovery_v1|validated_body_bits_per_second|iouring	all_pairs	noqperf/picoperf	0.13495942029854122	0.12608455713187314	0.14445896897800131	inconclusive	4.282757964837038	0.055018973473753417	1	descriptive_only	descriptive_only
fixed_treatment_server|loss_recovery|loss_recovery_v1|validated_body_bits_per_second|iouring	all_pairs	noqperf/quicheperf	0.21646836979909306	0.1973195107157022	0.23747552866675548	inconclusive	4.282757964837038	0.074915647015445758	1	descriptive_only	descriptive_only
fixed_treatment_server|loss_recovery|loss_recovery_v1|validated_body_bits_per_second|iouring	all_pairs	noqperf/quiczigperf	0.83369420225768631	0.822001356131284	0.8455533773682391	inferior	4.282757964837038	0.011424680362982987	0	descriptive_only	descriptive_only
fixed_treatment_server|loss_recovery|loss_recovery_v1|validated_body_bits_per_second|iouring	all_pairs	noqperf/quinnperf	0.98606624048156288	0.97797333227516348	0.9942261189836501	equivalent	4.282757964837038	0.0066658252742395271	0	descriptive_only	descriptive_only
fixed_treatment_server|loss_recovery|loss_recovery_v1|validated_body_bits_per_second|iouring	all_pairs	noqperf/s2nperf	1.1211080853385924	1.1033291195436739	1.1391735401050589	superior	4.282757964837038	0.012929825966362876	0	descriptive_only	descriptive_only
fixed_treatment_server|loss_recovery|loss_recovery_v1|validated_body_bits_per_second|iouring	all_pairs	noqperf/tquicperf	0.91095190034857809	0.89864506035500769	0.92342728109011352	inferior	4.282757964837038	0.011001919908396116	0	descriptive_only	descriptive_only
fixed_treatment_server|loss_recovery|loss_recovery_v1|validated_body_bits_per_second|iouring	all_pairs	noqperf/xquicperf	0.85427758463406955	0.83917142949971424	0.86965566981146658	inferior	4.282757964837038	0.01443080046796248	0	descriptive_only	descriptive_only
fixed_treatment_server|loss_recovery|loss_recovery_v1|validated_body_bits_per_second|iouring	all_pairs	picoperf/quicheperf	1.603951538323501	1.4108355404660509	1.8235013674524254	inconclusive	4.282757964837038	0.10376568398210501	1	descriptive_only	descriptive_only
fixed_treatment_server|loss_recovery|loss_recovery_v1|validated_body_bits_per_second|iouring	all_pairs	picoperf/quiczigperf	6.1773694671589947	5.734696982372034	6.6542127075045885	inconclusive	4.282757964837038	0.060144033030082603	1	descriptive_only	descriptive_only
fixed_treatment_server|loss_recovery|loss_recovery_v1|validated_body_bits_per_second|iouring	all_pairs	picoperf/quinnperf	7.3063906046743856	6.8214050183293802	7.825857506573942	inconclusive	4.282757964837038	0.055554878185930405	1	descriptive_only	descriptive_only
fixed_treatment_server|loss_recovery|loss_recovery_v1|validated_body_bits_per_second|iouring	all_pairs	picoperf/s2nperf	8.3070013405408094	7.7348353810886934	8.9214919092478517	inconclusive	4.282757964837038	0.057723050593559269	1	descriptive_only	descriptive_only
fixed_treatment_server|loss_recovery|loss_recovery_v1|validated_body_bits_per_second|iouring	all_pairs	picoperf/tquicperf	6.7498207856367376	6.2962988037603234	7.2360099255461012	inconclusive	4.282757964837038	0.056258624381180601	1	descriptive_only	descriptive_only
fixed_treatment_server|loss_recovery|loss_recovery_v1|validated_body_bits_per_second|iouring	all_pairs	picoperf/xquicperf	6.3298848108886228	5.8980339513900164	6.7933555570116075	inconclusive	4.282757964837038	0.057155626573538065	1	descriptive_only	descriptive_only
fixed_treatment_server|loss_recovery|loss_recovery_v1|validated_body_bits_per_second|iouring	all_pairs	quicheperf/quiczigperf	3.8513442080773643	3.5346099989689015	4.1964607731597052	inconclusive	4.282757964837038	0.069414768655859077	1	descriptive_only	descriptive_only
fixed_treatment_server|loss_recovery|loss_recovery_v1|validated_body_bits_per_second|iouring	all_pairs	quicheperf/quinnperf	4.5552439896726842	4.1451747277838216	5.0058801300622218	inconclusive	4.282757964837038	0.076302021800963682	1	descriptive_only	descriptive_only
fixed_treatment_server|loss_recovery|loss_recovery_v1|validated_body_bits_per_second|iouring	all_pairs	quicheperf/s2nperf	5.1790849923206173	4.7468731202903571	5.6506505815432329	inconclusive	4.282757964837038	0.070484893418497896	1	descriptive_only	descriptive_only
fixed_treatment_server|loss_recovery|loss_recovery_v1|validated_body_bits_per_second|iouring	all_pairs	quicheperf/tquicperf	4.2082448405466515	3.8407626006723508	4.6108875968765615	inconclusive	4.282757964837038	0.073908287367466394	1	descriptive_only	descriptive_only
fixed_treatment_server|loss_recovery|loss_recovery_v1|validated_body_bits_per_second|iouring	all_pairs	quicheperf/xquicperf	3.9464314598337613	3.6125967134333257	4.3111153839156788	inconclusive	4.282757964837038	0.071489992837596827	1	descriptive_only	descriptive_only
fixed_treatment_server|loss_recovery|loss_recovery_v1|validated_body_bits_per_second|iouring	all_pairs	quiczigperf/quinnperf	1.1827672998219796	1.1660870446329201	1.1996861571929711	superior	4.282757964837038	0.011488173664689093	0	descriptive_only	descriptive_only
fixed_treatment_server|loss_recovery|loss_recovery_v1|validated_body_bits_per_second|iouring	all_pairs	quiczigperf/s2nperf	1.3447473693622609	1.3200142692299224	1.3699438934563066	superior	4.282757964837038	0.0150151524789554	0	descriptive_only	descriptive_only
fixed_treatment_server|loss_recovery|loss_recovery_v1|validated_body_bits_per_second|iouring	all_pairs	quiczigperf/tquicperf	1.0926691080274686	1.0742964782661102	1.1113559466977985	superior	4.282757964837038	0.013715978733187048	0	descriptive_only	descriptive_only
fixed_treatment_server|loss_recovery|loss_recovery_v1|validated_body_bits_per_second|iouring	all_pairs	quiczigperf/xquicperf	1.0246893673011548	1.0101103749290989	1.0394787792707711	inconclusive	4.282757964837038	0.011590718374195258	0	descriptive_only	descriptive_only
fixed_treatment_server|loss_recovery|loss_recovery_v1|validated_body_bits_per_second|iouring	all_pairs	quinnperf/s2nperf	1.1369500742577694	1.1190181190752322	1.1551693840516279	superior	4.282757964837038	0.012858813764342239	0	descriptive_only	descriptive_only
fixed_treatment_server|loss_recovery|loss_recovery_v1|validated_body_bits_per_second|iouring	all_pairs	quinnperf/tquicperf	0.92382424521875794	0.91032241855561058	0.93752632985592166	inferior	4.282757964837038	0.011908673824712836	0	descriptive_only	descriptive_only
fixed_treatment_server|loss_recovery|loss_recovery_v1|validated_body_bits_per_second|iouring	all_pairs	quinnperf/xquicperf	0.86634908443561354	0.85337600233371158	0.87951938424549225	inferior	4.282757964837038	0.012203642187288638	0	descriptive_only	descriptive_only
fixed_treatment_server|loss_recovery|loss_recovery_v1|validated_body_bits_per_second|iouring	all_pairs	s2nperf/tquicperf	0.81254600895457485	0.7947291037990919	0.83076234846800689	inferior	4.282757964837038	0.017933164202570767	0	descriptive_only	descriptive_only
fixed_treatment_server|loss_recovery|loss_recovery_v1|validated_body_bits_per_second|iouring	all_pairs	s2nperf/xquicperf	0.76199395562834082	0.7464949392568071	0.77781476856653886	inferior	4.282757964837038	0.016621659823225172	0	descriptive_only	descriptive_only
fixed_treatment_server|loss_recovery|loss_recovery_v1|validated_body_bits_per_second|iouring	all_pairs	tquicperf/xquicperf	0.93778561119108261	0.92687214220987857	0.94882758096520059	inferior	4.282757964837038	0.0094681631611454996	0	descriptive_only	descriptive_only
fixed_treatment_server|multistream_download|loopback|validated_body_bits_per_second|iouring	baseline	lsperf/ngtcp2perf	1.7800409347724138	1.7405088416263186	1.8204709184383017	inconclusive	2.6007360653368181	0.029914511388556855	1	reference_client_sensitive	sensitivity_unresolved
fixed_treatment_server|multistream_download|loopback|validated_body_bits_per_second|iouring	baseline	mvfstperf/ngtcp2perf	0.77748138294432689	0.762081824616899	0.79319212360023894	inconclusive	2.6007360653368181	0.026647076224766711	1	reference_client_sensitive	sensitivity_unresolved
fixed_treatment_server|multistream_download|loopback|validated_body_bits_per_second|iouring	baseline	neqoperf/ngtcp2perf	0.42073122194127854	0.41217152543463736	0.42946868037411912	inconclusive	2.6007360653368181	0.027378124905758857	1	reference_client_sensitive	sensitivity_unresolved
fixed_treatment_server|multistream_download|loopback|validated_body_bits_per_second|iouring	baseline	noqperf/ngtcp2perf	0.33898538878049511	0.33255485983840105	0.34554026322905751	inconclusive	2.6007360653368181	0.025510106011215214	1	reference_client_sensitive	sensitivity_unresolved
fixed_treatment_server|multistream_download|loopback|validated_body_bits_per_second|iouring	baseline	picoperf/ngtcp2perf	1.0956631355148647	1.072910869381192	1.1188978887115273	inconclusive	2.6007360653368181	0.027950571109524886	1	sensitivity_unresolved	sensitivity_unresolved
fixed_treatment_server|multistream_download|loopback|validated_body_bits_per_second|iouring	baseline	quicheperf/ngtcp2perf	0.65216218540655302	0.63988660186454005	0.66467326372351188	inconclusive	2.6007360653368181	0.025310495063510772	1	reference_client_sensitive	sensitivity_unresolved
fixed_treatment_server|multistream_download|loopback|validated_body_bits_per_second|iouring	baseline	quiczigperf/ngtcp2perf	0.86426992517058565	0.84590238397308237	0.88303629083771318	inconclusive	2.6007360653368181	0.02861226182902191	1	reference_client_sensitive	sensitivity_unresolved
fixed_treatment_server|multistream_download|loopback|validated_body_bits_per_second|iouring	baseline	quinnperf/ngtcp2perf	0.48474992690237656	0.47451629850649024	0.49520425825509429	inconclusive	2.6007360653368181	0.028420473158757072	1	reference_client_sensitive	sensitivity_unresolved
fixed_treatment_server|multistream_download|loopback|validated_body_bits_per_second|iouring	baseline	s2nperf/ngtcp2perf	0.67537995350320335	0.65660140963471791	0.6946955563920415	inconclusive	2.6007360653368181	0.03755924719321569	1	reference_client_sensitive	sensitivity_unresolved
fixed_treatment_server|multistream_download|loopback|validated_body_bits_per_second|iouring	baseline	tquicperf/ngtcp2perf	0.88136690585259148	0.86344398932787181	0.89966185685867006	inconclusive	2.6007360653368181	0.027365282249028546	1	reference_client_sensitive	sensitivity_unresolved
fixed_treatment_server|multistream_download|loopback|validated_body_bits_per_second|iouring	baseline	xquicperf/ngtcp2perf	0.76208090334065115	0.74471454525714398	0.77985223591405561	inconclusive	2.6007360653368181	0.030704216607073703	1	reference_client_sensitive	sensitivity_unresolved
fixed_treatment_server|multistream_download|loopback|validated_body_bits_per_second|iouring	all_pairs	lsperf/mvfstperf	2.2894965382082688	2.275069513125453	2.3040150501891943	superior	4.0279057115303676	0.0054365083591205263	0	descriptive_only	descriptive_only
fixed_treatment_server|multistream_download|loopback|validated_body_bits_per_second|iouring	all_pairs	lsperf/neqoperf	4.2308268128027207	4.2085360521833612	4.2532356377567631	superior	4.0279057115303676	0.004543155067066958	0	descriptive_only	descriptive_only
fixed_treatment_server|multistream_download|loopback|validated_body_bits_per_second|iouring	all_pairs	lsperf/ngtcp2perf	1.7800409347724138	1.719189702829494	1.8430460142069027	inconclusive	4.0279057115303676	0.029914511388556855	1	reference_client_sensitive	sensitivity_unresolved
fixed_treatment_server|multistream_download|loopback|validated_body_bits_per_second|iouring	all_pairs	lsperf/noqperf	5.2510845413607266	5.2021738918500722	5.300455047017155	superior	4.0279057115303676	0.0080481532036315584	0	descriptive_only	descriptive_only
fixed_treatment_server|multistream_download|loopback|validated_body_bits_per_second|iouring	all_pairs	lsperf/picoperf	1.6246242819294563	1.614713782928165	1.6345956078039019	superior	4.0279057115303676	0.0052623766093746584	0	descriptive_only	descriptive_only
fixed_treatment_server|multistream_download|loopback|validated_body_bits_per_second|iouring	all_pairs	lsperf/quicheperf	2.7294451818955885	2.7023828416163274	2.756778531245109	superior	4.0279057115303676	0.0085696731001528841	0	descriptive_only	descriptive_only
fixed_treatment_server|multistream_download|loopback|validated_body_bits_per_second|iouring	all_pairs	lsperf/quiczigperf	2.0595891201710828	2.0418419580898703	2.0774905359939666	superior	4.0279057115303676	0.0074428202617091224	0	descriptive_only	descriptive_only
fixed_treatment_server|multistream_download|loopback|validated_body_bits_per_second|iouring	all_pairs	lsperf/quinnperf	3.6720808730124785	3.6533412163135983	3.6909166539747109	superior	4.0279057115303676	0.0044001881512794258	0	descriptive_only	descriptive_only
fixed_treatment_server|multistream_download|loopback|validated_body_bits_per_second|iouring	all_pairs	lsperf/s2nperf	2.635614109567987	2.5699812907176969	2.7029230756049483	inconclusive	4.0279057115303676	0.021687774261678706	1	descriptive_only	descriptive_only
fixed_treatment_server|multistream_download|loopback|validated_body_bits_per_second|iouring	all_pairs	lsperf/tquicperf	2.0196366836016937	2.0062943081009674	2.0330677893466733	superior	4.0279057115303676	0.0057004579401857026	0	descriptive_only	descriptive_only
fixed_treatment_server|multistream_download|loopback|validated_body_bits_per_second|iouring	all_pairs	lsperf/xquicperf	2.3357637318681546	2.3103089251957596	2.3614989976495728	superior	4.0279057115303676	0.0094238740737795403	0	descriptive_only	descriptive_only
fixed_treatment_server|multistream_download|loopback|validated_body_bits_per_second|iouring	all_pairs	mvfstperf/neqoperf	1.8479288971162686	1.8381607799301878	1.8577489227721646	superior	4.0279057115303676	0.0045581362623733981	0	descriptive_only	descriptive_only
fixed_treatment_server|multistream_download|loopback|validated_body_bits_per_second|iouring	all_pairs	mvfstperf/ngtcp2perf	0.77748138294432689	0.75376122888063601	0.80194798785643928	inconclusive	4.0279057115303676	0.026647076224766711	1	reference_client_sensitive	sensitivity_unresolved
fixed_treatment_server|multistream_download|loopback|validated_body_bits_per_second|iouring	all_pairs	mvfstperf/noqperf	2.293554261265736	2.277703385010919	2.3095154461233758	superior	4.0279057115303676	0.0059643159212349542	0	descriptive_only	descriptive_only
fixed_treatment_server|multistream_download|loopback|validated_body_bits_per_second|iouring	all_pairs	mvfstperf/picoperf	0.70959892483649123	0.70545021982212719	0.71377202810435725	inferior	4.0279057115303676	0.0050429376709293363	0	descriptive_only	descriptive_only
fixed_treatment_server|multistream_download|loopback|validated_body_bits_per_second|iouring	all_pairs	mvfstperf/quicheperf	1.1921595583768028	1.1827812008668139	1.2016122775603797	superior	4.0279057115303676	0.0067923113285385476	0	descriptive_only	descriptive_only
fixed_treatment_server|multistream_download|loopback|validated_body_bits_per_second|iouring	all_pairs	mvfstperf/quiczigperf	0.89958167038020109	0.89449001106050474	0.90470231268943024	inferior	4.0279057115303676	0.0048815982592058877	0	descriptive_only	descriptive_only
fixed_treatment_server|multistream_download|loopback|validated_body_bits_per_second|iouring	all_pairs	mvfstperf/quinnperf	1.6038813825358311	1.5962665962061324	1.6115324942331	superior	4.0279057115303676	0.0040928874592292405	0	descriptive_only	descriptive_only
fixed_treatment_server|multistream_download|loopback|validated_body_bits_per_second|iouring	all_pairs	mvfstperf/s2nperf	1.1511762807165391	1.1248643647754897	1.1781036636793634	inconclusive	4.0279057115303676	0.019885345014932693	1	descriptive_only	descriptive_only
fixed_treatment_server|multistream_download|loopback|validated_body_bits_per_second|iouring	all_pairs	mvfstperf/tquicperf	0.88213135503678708	0.8786110014882681	0.88566581367741803	inferior	4.0279057115303676	0.0034390015511487305	0	descriptive_only	descriptive_only
fixed_treatment_server|multistream_download|loopback|validated_body_bits_per_second|iouring	all_pairs	mvfstperf/xquicperf	1.0202084575747354	1.0065887235255069	1.0340124745900219	inconclusive	4.0279057115303676	0.011558625579909974	0	descriptive_only	descriptive_only
fixed_treatment_server|multistream_download|loopback|validated_body_bits_per_second|iouring	all_pairs	neqoperf/ngtcp2perf	0.42073122194127854	0.40754857049958687	0.43434028218823262	inconclusive	4.0279057115303676	0.027378124905758857	1	reference_client_sensitive	sensitivity_unresolved
fixed_treatment_server|multistream_download|loopback|validated_body_bits_per_second|iouring	all_pairs	neqoperf/noqperf	1.24114854464632	1.23013078808541	1.2522649825513694	superior	4.0279057115303676	0.0076685902950591103	0	descriptive_only	descriptive_only
fixed_treatment_server|multistream_download|loopback|validated_body_bits_per_second|iouring	all_pairs	neqoperf/picoperf	0.38399687668926824	0.38205760473653244	0.38594599212021274	inferior	4.0279057115303676	0.0043543296983999088	0	descriptive_only	descriptive_only
fixed_treatment_server|multistream_download|loopback|validated_body_bits_per_second|iouring	all_pairs	neqoperf/quicheperf	0.64513280799774964	0.64053040003080675	0.64976828568174749	inferior	4.0279057115303676	0.0061574525688669127	0	descriptive_only	descriptive_only
fixed_treatment_server|multistream_download|loopback|validated_body_bits_per_second|iouring	all_pairs	neqoperf/quiczigperf	0.48680534829235961	0.48355770634704059	0.49007480186029689	inferior	4.0279057115303676	0.0057567428941320224	0	descriptive_only	descriptive_only
fixed_treatment_server|multistream_download|loopback|validated_body_bits_per_second|iouring	all_pairs	neqoperf/quinnperf	0.86793457531765505	0.86455945415284741	0.87132287249114837	inferior	4.0279057115303676	0.0033508847742517067	0	descriptive_only	descriptive_only
fixed_treatment_server|multistream_download|loopback|validated_body_bits_per_second|iouring	all_pairs	neqoperf/s2nperf	0.62295485638704695	0.60712106861437642	0.63920159117834452	inconclusive	4.0279057115303676	0.02214206963976325	1	descriptive_only	descriptive_only
fixed_treatment_server|multistream_download|loopback|validated_body_bits_per_second|iouring	all_pairs	neqoperf/tquicperf	0.47736217362766037	0.47527816549793128	0.47945531975319911	inferior	4.0279057115303676	0.0037628114513850058	0	descriptive_only	descriptive_only
fixed_treatment_server|multistream_download|loopback|validated_body_bits_per_second|iouring	all_pairs	neqoperf/xquicperf	0.55208209534836117	0.54544453033100271	0.55880043350929287	inferior	4.0279057115303676	0.010402562677430298	0	descriptive_only	descriptive_only
fixed_treatment_server|multistream_download|loopback|validated_body_bits_per_second|iouring	all_pairs	ngtcp2perf/noqperf	2.9499796542780636	2.8637622687982494	3.0387927292255283	inconclusive	4.0279057115303676	0.025510106011215207	1	descriptive_only	descriptive_only
fixed_treatment_server|multistream_download|loopback|validated_body_bits_per_second|iouring	all_pairs	ngtcp2perf/picoperf	0.91268928157383744	0.8835039788884248	0.94283867939995414	inconclusive	4.0279057115303676	0.027950571109524879	1	descriptive_only	descriptive_only
fixed_treatment_server|multistream_download|loopback|validated_body_bits_per_second|iouring	all_pairs	ngtcp2perf/quicheperf	1.533360906806652	1.4888917655618006	1.5791582201650138	inconclusive	4.0279057115303676	0.025310495063510751	1	descriptive_only	descriptive_only
fixed_treatment_server|multistream_download|loopback|validated_body_bits_per_second|iouring	all_pairs	ngtcp2perf/quiczigperf	1.1570459307636147	1.1191853561476905	1.1961872790265262	inconclusive	4.0279057115303676	0.028612261829021924	1	descriptive_only	descriptive_only
fixed_treatment_server|multistream_download|loopback|validated_body_bits_per_second|iouring	all_pairs	ngtcp2perf/quinnperf	2.0629193415049021	1.995862032719504	2.1322296530469149	inconclusive	4.0279057115303676	0.028420473158757113	1	descriptive_only	descriptive_only
fixed_treatment_server|multistream_download|loopback|validated_body_bits_per_second|iouring	all_pairs	ngtcp2perf/s2nperf	1.4806480334706245	1.4173764665102164	1.5467440378901094	inconclusive	4.0279057115303676	0.037559247193215697	1	descriptive_only	descriptive_only
fixed_treatment_server|multistream_download|loopback|validated_body_bits_per_second|iouring	all_pairs	ngtcp2perf/tquicperf	1.134601257841249	1.099067532183442	1.1712838170530926	inconclusive	4.0279057115303676	0.027365282249028546	1	descriptive_only	descriptive_only
fixed_treatment_server|multistream_download|loopback|validated_body_bits_per_second|iouring	all_pairs	ngtcp2perf/xquicperf	1.3121966389872897	1.2661756239797506	1.3598903554607338	inconclusive	4.0279057115303676	0.030704216607073703	1	descriptive_only	descriptive_only
fixed_treatment_server|multistream_download|loopback|validated_body_bits_per_second|iouring	all_pairs	noqperf/picoperf	0.3093883309500981	0.30669987583327007	0.31210035239832923	inferior	4.0279057115303676	0.0075059207475990852	0	descriptive_only	descriptive_only
fixed_treatment_server|multistream_download|loopback|validated_body_bits_per_second|iouring	all_pairs	noqperf/quicheperf	0.51978694313466545	0.51500516530943508	0.52461311934793164	inferior	4.0279057115303676	0.0079484180327306312	0	descriptive_only	descriptive_only
fixed_treatment_server|multistream_download|loopback|validated_body_bits_per_second|iouring	all_pairs	noqperf/quiczigperf	0.39222166467679387	0.38878294661139784	0.39569079761001352	inferior	4.0279057115303676	0.0075733338431129196	0	descriptive_only	descriptive_only
fixed_treatment_server|multistream_download|loopback|validated_body_bits_per_second|iouring	all_pairs	noqperf/quinnperf	0.69929951500284226	0.69376832132043198	0.70487480712937589	inferior	4.0279057115303676	0.0068295203935283214	0	descriptive_only	descriptive_only
fixed_treatment_server|multistream_download|loopback|validated_body_bits_per_second|iouring	all_pairs	noqperf/s2nperf	0.50191804927311523	0.48983742286744092	0.51429661439792451	inconclusive	4.0279057115303676	0.020953069466375394	1	descriptive_only	descriptive_only
fixed_treatment_server|multistream_download|loopback|validated_body_bits_per_second|iouring	all_pairs	noqperf/tquicperf	0.3846132485001546	0.38157127571716432	0.38767947258035024	inferior	4.0279057115303676	0.0068291327250857327	0	descriptive_only	descriptive_only
fixed_treatment_server|multistream_download|loopback|validated_body_bits_per_second|iouring	all_pairs	noqperf/xquicperf	0.44481548782356539	0.43812990955000675	0.45160308368569224	inferior	4.0279057115303676	0.013024310879741081	0	descriptive_only	descriptive_only
fixed_treatment_server|multistream_download|loopback|validated_body_bits_per_second|iouring	all_pairs	picoperf/quicheperf	1.6800470190276926	1.6677826724622671	1.6924015537208403	superior	4.0279057115303676	0.0063012153652847649	0	descriptive_only	descriptive_only
fixed_treatment_server|multistream_download|loopback|validated_body_bits_per_second|iouring	all_pairs	picoperf/quiczigperf	1.2677325724351773	1.2600513555610746	1.2754606136648163	superior	4.0279057115303676	0.0052267621664026254	0	descriptive_only	descriptive_only
fixed_treatment_server|multistream_download|loopback|validated_body_bits_per_second|iouring	all_pairs	picoperf/quinnperf	2.2602646740275212	2.2516102192786249	2.2689523936756251	superior	4.0279057115303676	0.0032993205969101729	0	descriptive_only	descriptive_only
fixed_treatment_server|multistream_download|loopback|validated_body_bits_per_second|iouring	all_pairs	picoperf/s2nperf	1.6222914669463431	1.5840355522764813	1.66147129712121	inconclusive	4.0279057115303676	0.020523560597800382	1	descriptive_only	descriptive_only
fixed_treatment_server|multistream_download|loopback|validated_body_bits_per_second|iouring	all_pairs	picoperf/tquicperf	1.2431407717254526	1.2383597888534477	1.247940212720394	superior	4.0279057115303676	0.0033139402246993681	0	descriptive_only	descriptive_only
fixed_treatment_server|multistream_download|loopback|validated_body_bits_per_second|iouring	all_pairs	picoperf/xquicperf	1.4377254838848808	1.4237004969430909	1.4518886320896187	superior	4.0279057115303676	0.0084307216403415562	0	descriptive_only	descriptive_only
fixed_treatment_server|multistream_download|loopback|validated_body_bits_per_second|iouring	all_pairs	quicheperf/quiczigperf	0.75458160282255826	0.7481560162035511	0.76106237601028126	inferior	4.0279057115303676	0.0073548461701825147	0	descriptive_only	descriptive_only
fixed_treatment_server|multistream_download|loopback|validated_body_bits_per_second|iouring	all_pairs	quicheperf/quinnperf	1.3453579860732841	1.336202436386186	1.3545762688371903	superior	4.0279057115303676	0.0058727274678576739	0	descriptive_only	descriptive_only
fixed_treatment_server|multistream_download|loopback|validated_body_bits_per_second|iouring	all_pairs	quicheperf/s2nperf	0.96562265732611763	0.94310996233266764	0.98867274610832001	inconclusive	4.0279057115303676	0.020288215753720373	1	descriptive_only	descriptive_only
fixed_treatment_server|multistream_download|loopback|validated_body_bits_per_second|iouring	all_pairs	quicheperf/tquicperf	0.739944035878773	0.73433892292372172	0.74559193192792161	inferior	4.0279057115303676	0.0065395360610643128	0	descriptive_only	descriptive_only
fixed_treatment_server|multistream_download|loopback|validated_body_bits_per_second|iouring	all_pairs	quicheperf/xquicperf	0.85576502776508445	0.84250230471790311	0.86923653341338314	inferior	4.0279057115303676	0.01343311700057098	0	descriptive_only	descriptive_only
fixed_treatment_server|multistream_download|loopback|validated_body_bits_per_second|iouring	all_pairs	quiczigperf/quinnperf	1.7829191449153956	1.7731921698828406	1.7926994779792405	superior	4.0279057115303676	0.0047048400165254122	0	descriptive_only	descriptive_only
fixed_treatment_server|multistream_download|loopback|validated_body_bits_per_second|iouring	all_pairs	quiczigperf/s2nperf	1.2796795650916315	1.2531613879574446	1.3067588939859012	superior	4.0279057115303676	0.018009138575033484	0	descriptive_only	descriptive_only
fixed_treatment_server|multistream_download|loopback|validated_body_bits_per_second|iouring	all_pairs	quiczigperf/tquicperf	0.98060174421290869	0.97520756477899451	0.98602576054802848	equivalent	4.0279057115303676	0.0047439631206583162	0	descriptive_only	descriptive_only
fixed_treatment_server|multistream_download|loopback|validated_body_bits_per_second|iouring	all_pairs	quiczigperf/xquicperf	1.1340920909866388	1.1184194818340469	1.1499843231712321	superior	4.0279057115303676	0.011968028195268935	0	descriptive_only	descriptive_only
fixed_treatment_server|multistream_download|loopback|validated_body_bits_per_second|iouring	all_pairs	quinnperf/s2nperf	0.71774402599303289	0.70069103662499788	0.73521204057358813	inconclusive	4.0279057115303676	0.020680132236740537	1	descriptive_only	descriptive_only
fixed_treatment_server|multistream_download|loopback|validated_body_bits_per_second|iouring	all_pairs	quinnperf/tquicperf	0.54999787680189005	0.54781483927669872	0.55218961371325104	inferior	4.0279057115303676	0.0034203837899861849	0	descriptive_only	descriptive_only
fixed_treatment_server|multistream_download|loopback|validated_body_bits_per_second|iouring	all_pairs	quinnperf/xquicperf	0.63608722483063285	0.62827151111833435	0.64400016622197076	inferior	4.0279057115303676	0.010632739750134759	0	descriptive_only	descriptive_only
fixed_treatment_server|multistream_download|loopback|validated_body_bits_per_second|iouring	all_pairs	s2nperf/tquicperf	0.76628694476549897	0.7478199653815073	0.78520995547167494	inconclusive	4.0279057115303676	0.020979840497515327	1	descriptive_only	descriptive_only
fixed_treatment_server|multistream_download|loopback|validated_body_bits_per_second|iouring	all_pairs	s2nperf/xquicperf	0.88623130502629544	0.86242718837102328	0.91069244638739588	inconclusive	4.0279057115303676	0.023416135337731802	1	descriptive_only	descriptive_only
fixed_treatment_server|multistream_download|loopback|validated_body_bits_per_second|iouring	all_pairs	tquicperf/xquicperf	1.1565266915743975	1.1426033835619382	1.170619663451675	superior	4.0279057115303676	0.010416588797405167	0	descriptive_only	descriptive_only
fixed_treatment_server|multistream_upload|loopback|validated_body_bits_per_second|iouring	baseline	lsperf/ngtcp2perf	1.0115446117002982	0.99333067334163394	1.0300925249974562	inconclusive	3.3556526372954605	0.018757375358264723	0	sensitivity_unresolved	sensitivity_unresolved
fixed_treatment_server|multistream_upload|loopback|validated_body_bits_per_second|iouring	baseline	mvfstperf/ngtcp2perf	0.42075479977847352	0.41798538273505859	0.42354256595819129	inferior	3.3556526372954605	0.0068172011660089099	0	reference_client_sensitive	sensitivity_unresolved
fixed_treatment_server|multistream_upload|loopback|validated_body_bits_per_second|iouring	baseline	neqoperf/ngtcp2perf	0.31155984220446459	0.30982301854385447	0.31330640225084172	inferior	3.3556526372954605	0.0057708688977525392	0	reference_client_sensitive	sensitivity_unresolved
fixed_treatment_server|multistream_upload|loopback|validated_body_bits_per_second|iouring	baseline	noqperf/ngtcp2perf	0.14162000092143767	0.14065314928923583	0.1425934987047098	inferior	3.3556526372954605	0.007071891412902531	0	reference_client_sensitive	session_sensitive
fixed_treatment_server|multistream_upload|loopback|validated_body_bits_per_second|iouring	baseline	picoperf/ngtcp2perf	1.429824381299476	1.4214237626705877	1.4382746476092327	superior	3.3556526372954605	0.0060830464206335826	0	invariance_supported	sensitivity_unresolved
fixed_treatment_server|multistream_upload|loopback|validated_body_bits_per_second|iouring	baseline	quicheperf/ngtcp2perf	0.41559396535307058	0.41270072815865599	0.41850748557800094	inferior	3.3556526372954605	0.0072118144988249011	0	reference_client_sensitive	sensitivity_unresolved
fixed_treatment_server|multistream_upload|loopback|validated_body_bits_per_second|iouring	baseline	quiczigperf/ngtcp2perf	0.59915833919497907	0.59597469874734343	0.60235898634863938	inferior	3.3556526372954605	0.005499869811894955	0	reference_client_sensitive	invariance_supported
fixed_treatment_server|multistream_upload|loopback|validated_body_bits_per_second|iouring	baseline	quinnperf/ngtcp2perf	0.25066495969023284	0.24896492937414272	0.25237659848098998	inferior	3.3556526372954605	0.00702511683791264	0	reference_client_sensitive	sensitivity_unresolved
fixed_treatment_server|multistream_upload|loopback|validated_body_bits_per_second|iouring	baseline	s2nperf/ngtcp2perf	0.3446674411741501	0.34231793035428676	0.34703307794186239	inferior	3.3556526372954605	0.0070611473399974176	0	reference_client_sensitive	invariance_supported
fixed_treatment_server|multistream_upload|loopback|validated_body_bits_per_second|iouring	baseline	tquicperf/ngtcp2perf	0.45851442851882906	0.45576757038033366	0.46127784165185104	inferior	3.3556526372954605	0.0062029886846847789	0	reference_client_sensitive	sensitivity_unresolved
fixed_treatment_server|multistream_upload|loopback|validated_body_bits_per_second|iouring	baseline	xquicperf/ngtcp2perf	0.15264733952963394	0.15145184392388455	0.15385227186263825	inferior	3.3556526372954605	0.0081166830595875619	0	reference_client_sensitive	invariance_supported
fixed_treatment_server|multistream_upload|loopback|validated_body_bits_per_second|iouring	all_pairs	lsperf/mvfstperf	2.4041190076331254	2.3403873666685251	2.4695861399603465	inconclusive	4.3763098059171961	0.02126682950677174	1	descriptive_only	descriptive_only
fixed_treatment_server|multistream_upload|loopback|validated_body_bits_per_second|iouring	all_pairs	lsperf/neqoperf	3.2467105020436522	3.1623416273060867	3.3333302743322668	inconclusive	4.3763098059171961	0.02084136219011902	1	descriptive_only	descriptive_only
fixed_treatment_server|multistream_upload|loopback|validated_body_bits_per_second|iouring	all_pairs	lsperf/ngtcp2perf	1.0115446117002982	0.98785603240580244	1.035801238129785	inconclusive	4.3763098059171961	0.018757375358264723	0	sensitivity_unresolved	sensitivity_unresolved
fixed_treatment_server|multistream_upload|loopback|validated_body_bits_per_second|iouring	all_pairs	lsperf/noqperf	7.1426677384463719	6.9588405583781672	7.3313509619672672	inconclusive	4.3763098059171961	0.02063865163147113	1	descriptive_only	descriptive_only
fixed_treatment_server|multistream_upload|loopback|validated_body_bits_per_second|iouring	all_pairs	lsperf/picoperf	0.70746073778723084	0.68908214298776571	0.72632951035467352	inconclusive	4.3763098059171961	0.020835103431238091	1	descriptive_only	descriptive_only
fixed_treatment_server|multistream_upload|loopback|validated_body_bits_per_second|iouring	all_pairs	lsperf/quicheperf	2.4339732913131544	2.3704309263963479	2.4992189887735328	inconclusive	4.3763098059171961	0.020939278794679071	1	descriptive_only	descriptive_only
fixed_treatment_server|multistream_upload|loopback|validated_body_bits_per_second|iouring	all_pairs	lsperf/quiczigperf	1.6882759456530234	1.6465435431399624	1.731066075079392	inconclusive	4.3763098059171961	0.019812363562411839	1	descriptive_only	descriptive_only
fixed_treatment_server|multistream_upload|loopback|validated_body_bits_per_second|iouring	all_pairs	lsperf/quinnperf	4.0354448142666079	3.9274057063686896	4.1464559728534702	inconclusive	4.3763098059171961	0.021480858668542196	1	descriptive_only	descriptive_only
fixed_treatment_server|multistream_upload|loopback|validated_body_bits_per_second|iouring	all_pairs	lsperf/s2nperf	2.9348423751728703	2.85668654534929	3.0151364633032141	inconclusive	4.3763098059171961	0.021365205501999163	1	descriptive_only	descriptive_only
fixed_treatment_server|multistream_upload|loopback|validated_body_bits_per_second|iouring	all_pairs	lsperf/tquicperf	2.2061347446970445	2.1504365305277218	2.2632755920329877	inconclusive	4.3763098059171961	0.020241032906429642	1	descriptive_only	descriptive_only
fixed_treatment_server|multistream_upload|loopback|validated_body_bits_per_second|iouring	all_pairs	lsperf/xquicperf	6.6266769851165579	6.4491083983881676	6.809134713264962	inconclusive	4.3763098059171961	0.021499958084035483	1	descriptive_only	descriptive_only
fixed_treatment_server|multistream_upload|loopback|validated_body_bits_per_second|iouring	all_pairs	mvfstperf/neqoperf	1.3504782798751984	1.3438014671518823	1.3571882670139561	superior	4.3763098059171961	0.003923195563186755	0	descriptive_only	descriptive_only
fixed_treatment_server|multistream_upload|loopback|validated_body_bits_per_second|iouring	all_pairs	mvfstperf/ngtcp2perf	0.42075479977847352	0.41714665620540936	0.4243941522797412	inferior	4.3763098059171961	0.0068172011660089099	0	reference_client_sensitive	sensitivity_unresolved
fixed_treatment_server|multistream_upload|loopback|validated_body_bits_per_second|iouring	all_pairs	mvfstperf/noqperf	2.9710125479513541	2.9404347408493869	3.0019083360219772	superior	4.3763098059171961	0.0081889637471169712	0	descriptive_only	descriptive_only
fixed_treatment_server|multistream_upload|loopback|validated_body_bits_per_second|iouring	all_pairs	mvfstperf/picoperf	0.29427026513289439	0.29248513101189549	0.29606629452169353	inferior	4.3763098059171961	0.0048164566817979109	0	descriptive_only	descriptive_only
fixed_treatment_server|multistream_upload|loopback|validated_body_bits_per_second|iouring	all_pairs	mvfstperf/quicheperf	1.0124179724819118	1.0052790909048155	1.0196075500603801	equivalent	4.3763098059171961	0.0056012968308420527	0	descriptive_only	descriptive_only
fixed_treatment_server|multistream_upload|loopback|validated_body_bits_per_second|iouring	all_pairs	mvfstperf/quiczigperf	0.70224308376278965	0.69863705457787684	0.70586772553974453	inferior	4.3763098059171961	0.0040751329168201029	0	descriptive_only	descriptive_only
fixed_treatment_server|multistream_upload|loopback|validated_body_bits_per_second|iouring	all_pairs	mvfstperf/quinnperf	1.6785545147532175	1.6700344429749354	1.6871180536727985	superior	4.3763098059171961	0.0040280505290491483	0	descriptive_only	descriptive_only
fixed_treatment_server|multistream_upload|loopback|validated_body_bits_per_second|iouring	all_pairs	mvfstperf/s2nperf	1.220755863522017	1.2121010562200643	1.2294724690453718	superior	4.3763098059171961	0.0056319037839611449	0	descriptive_only	descriptive_only
fixed_treatment_server|multistream_upload|loopback|validated_body_bits_per_second|iouring	all_pairs	mvfstperf/tquicperf	0.91764789417350934	0.91158486035089281	0.92375125378556477	inferior	4.3763098059171961	0.0052472912693708323	0	descriptive_only	descriptive_only
fixed_treatment_server|multistream_upload|loopback|validated_body_bits_per_second|iouring	all_pairs	mvfstperf/xquicperf	2.756384756360533	2.7370437104933756	2.7758624737955579	superior	4.3763098059171961	0.0055737929963857128	0	descriptive_only	descriptive_only
fixed_treatment_server|multistream_upload|loopback|validated_body_bits_per_second|iouring	all_pairs	neqoperf/ngtcp2perf	0.31155984220446459	0.30929666810561002	0.31383957631682685	inferior	4.3763098059171961	0.0057708688977525392	0	reference_client_sensitive	sensitivity_unresolved
fixed_treatment_server|multistream_upload|loopback|validated_body_bits_per_second|iouring	all_pairs	neqoperf/noqperf	2.1999706268699959	2.1777876812136752	2.2223795280141889	superior	4.3763098059171961	0.0080220194630724311	0	descriptive_only	descriptive_only
fixed_treatment_server|multistream_upload|loopback|validated_body_bits_per_second|iouring	all_pairs	neqoperf/picoperf	0.21790077598292718	0.2166332948292394	0.21917567293332443	inferior	4.3763098059171961	0.0046177611741696411	0	descriptive_only	descriptive_only
fixed_treatment_server|multistream_upload|loopback|validated_body_bits_per_second|iouring	all_pairs	neqoperf/quicheperf	0.74967364345576304	0.74410370291594263	0.75528527742822671	inferior	4.3763098059171961	0.0059030880713334434	0	descriptive_only	descriptive_only
fixed_treatment_server|multistream_upload|loopback|validated_body_bits_per_second|iouring	all_pairs	neqoperf/quiczigperf	0.51999583719901499	0.51750016348455019	0.5225035464406711	inferior	4.3763098059171961	0.003808156353329816	0	descriptive_only	descriptive_only
fixed_treatment_server|multistream_upload|loopback|validated_body_bits_per_second|iouring	all_pairs	neqoperf/quinnperf	1.24293336647246	1.2368963132088961	1.2489998854331223	superior	4.3763098059171961	0.0038540431424893551	0	descriptive_only	descriptive_only
fixed_treatment_server|multistream_upload|loopback|validated_body_bits_per_second|iouring	all_pairs	neqoperf/s2nperf	0.90394335230243794	0.89907594276272529	0.90883711298169345	inferior	4.3763098059171961	0.0042737698356793349	0	descriptive_only	descriptive_only
fixed_treatment_server|multistream_upload|loopback|validated_body_bits_per_second|iouring	all_pairs	neqoperf/tquicperf	0.67949844721553898	0.67636858902272434	0.68264278865382966	inferior	4.3763098059171961	0.0036544404554945194	0	descriptive_only	descriptive_only
fixed_treatment_server|multistream_upload|loopback|validated_body_bits_per_second|iouring	all_pairs	neqoperf/xquicperf	2.04104338250835	2.025245607370612	2.0569643869958485	superior	4.3763098059171961	0.006150528457262266	0	descriptive_only	descriptive_only
fixed_treatment_server|multistream_upload|loopback|validated_body_bits_per_second|iouring	all_pairs	ngtcp2perf/noqperf	7.0611495092048502	6.9983451417614697	7.124517493973479	superior	4.3763098059171961	0.007071891412902531	0	descriptive_only	descriptive_only
fixed_treatment_server|multistream_upload|loopback|validated_body_bits_per_second|iouring	all_pairs	ngtcp2perf/picoperf	0.69938659116384905	0.69403247017831915	0.7047820165735369	inferior	4.3763098059171961	0.0060830464206335722	0	descriptive_only	descriptive_only
fixed_treatment_server|multistream_upload|loopback|validated_body_bits_per_second|iouring	all_pairs	ngtcp2perf/quicheperf	2.406194707737018	2.384371637899906	2.4282175142131446	superior	4.3763098059171961	0.0072118144988249306	0	descriptive_only	descriptive_only
fixed_treatment_server|multistream_upload|loopback|validated_body_bits_per_second|iouring	all_pairs	ngtcp2perf/quiczigperf	1.6690078975510654	1.6574515568642398	1.6806448131479188	superior	4.3763098059171961	0.0054998698118950296	0	descriptive_only	descriptive_only
fixed_treatment_server|multistream_upload|loopback|validated_body_bits_per_second|iouring	all_pairs	ngtcp2perf/quinnperf	3.9893888688541939	3.9541394800679033	4.0249524902101932	superior	4.3763098059171961	0.0070251168379126556	0	descriptive_only	descriptive_only
fixed_treatment_server|multistream_upload|loopback|validated_body_bits_per_second|iouring	all_pairs	ngtcp2perf/s2nperf	2.9013474455068415	2.8755808635214639	2.9273449084094043	superior	4.3763098059171961	0.007061147339997356	0	descriptive_only	descriptive_only
fixed_treatment_server|multistream_upload|loopback|validated_body_bits_per_second|iouring	all_pairs	ngtcp2perf/tquicperf	2.1809564493539915	2.163932321604801	2.1981145096308898	superior	4.3763098059171961	0.0062029886846847997	0	descriptive_only	descriptive_only
fixed_treatment_server|multistream_upload|loopback|validated_body_bits_per_second|iouring	all_pairs	ngtcp2perf/xquicperf	6.5510476833817775	6.4842160546543033	6.6185681334811362	superior	4.3763098059171961	0.0081166830595875514	0	descriptive_only	descriptive_only
fixed_treatment_server|multistream_upload|loopback|validated_body_bits_per_second|iouring	all_pairs	noqperf/picoperf	0.099047129685065433	0.098104592390722223	0.099998722381705096	inferior	4.3763098059171961	0.0075685700898250616	0	descriptive_only	descriptive_only
fixed_treatment_server|multistream_upload|loopback|validated_body_bits_per_second|iouring	all_pairs	noqperf/quicheperf	0.34076529672687489	0.33747203897355066	0.34409069209569704	inferior	4.3763098059171961	0.0076870552545006245	0	descriptive_only	descriptive_only
fixed_treatment_server|multistream_upload|loopback|validated_body_bits_per_second|iouring	all_pairs	noqperf/quiczigperf	0.23636489998906859	0.23458745604780581	0.23815581143203657	inferior	4.3763098059171961	0.0059749401651041948	0	descriptive_only	descriptive_only
fixed_treatment_server|multistream_upload|loopback|validated_body_bits_per_second|iouring	all_pairs	noqperf/quinnperf	0.56497725528310405	0.55944647921014712	0.57056270948007448	inferior	4.3763098059171961	0.0077870351229202082	0	descriptive_only	descriptive_only
fixed_treatment_server|multistream_upload|loopback|validated_body_bits_per_second|iouring	all_pairs	noqperf/s2nperf	0.41088882790608972	0.4060450688602576	0.41579036871925112	inferior	4.3763098059171961	0.0093867070387441964	0	descriptive_only	descriptive_only
fixed_treatment_server|multistream_upload|loopback|validated_body_bits_per_second|iouring	all_pairs	noqperf/tquicperf	0.30886705436712764	0.30603124846459639	0.3117291379624017	inferior	4.3763098059171961	0.0073011092437858319	0	descriptive_only	descriptive_only
fixed_treatment_server|multistream_upload|loopback|validated_body_bits_per_second|iouring	all_pairs	noqperf/xquicperf	0.9277593789569093	0.91624526519818494	0.93941818630444052	inferior	4.3763098059171961	0.009885228431207602	0	descriptive_only	descriptive_only
fixed_treatment_server|multistream_upload|loopback|validated_body_bits_per_second|iouring	all_pairs	picoperf/quicheperf	3.4404358592761555	3.4264270811885038	3.4545019115619322	superior	4.3763098059171961	0.0032296468685214233	0	descriptive_only	descriptive_only
fixed_treatment_server|multistream_upload|loopback|validated_body_bits_per_second|iouring	all_pairs	picoperf/quiczigperf	2.3863881844998911	2.3769666287040834	2.3958470844100592	superior	4.3763098059171961	0.0031312865904739441	0	descriptive_only	descriptive_only
fixed_treatment_server|multistream_upload|loopback|validated_body_bits_per_second|iouring	all_pairs	picoperf/quinnperf	5.704125471172464	5.6730251145291577	5.7353963245373283	superior	4.3763098059171961	0.004327583981601821	0	descriptive_only	descriptive_only
fixed_treatment_server|multistream_upload|loopback|validated_body_bits_per_second|iouring	all_pairs	picoperf/s2nperf	4.1484173162066353	4.1171063788974029	4.1799663758049128	superior	4.3763098059171961	0.0059970867440262369	0	descriptive_only	descriptive_only
fixed_treatment_server|multistream_upload|loopback|validated_body_bits_per_second|iouring	all_pairs	picoperf/tquicperf	3.1183847058386731	3.0989457421986981	3.1379456055623458	superior	4.3763098059171961	0.0049497484913200943	0	descriptive_only	descriptive_only
fixed_treatment_server|multistream_upload|loopback|validated_body_bits_per_second|iouring	all_pairs	picoperf/xquicperf	9.3668477007547164	9.2994160176596115	9.4347683427130882	superior	4.3763098059171961	0.0057190125766751632	0	descriptive_only	descriptive_only
fixed_treatment_server|multistream_upload|loopback|validated_body_bits_per_second|iouring	all_pairs	quicheperf/quiczigperf	0.69362961034883852	0.68995129052754656	0.697327540303329	inferior	4.3763098059171961	0.0042088021647812886	0	descriptive_only	descriptive_only
fixed_treatment_server|multistream_upload|loopback|validated_body_bits_per_second|iouring	all_pairs	quicheperf/quinnperf	1.6579659393425152	1.6453217852978403	1.6707072626053541	superior	4.3763098059171961	0.0060597967199243416	0	descriptive_only	descriptive_only
fixed_treatment_server|multistream_upload|loopback|validated_body_bits_per_second|iouring	all_pairs	quicheperf/s2nperf	1.2057824897451903	1.194804127349413	1.216861725947924	superior	4.3763098059171961	0.0072399533795562861	0	descriptive_only	descriptive_only
fixed_treatment_server|multistream_upload|loopback|validated_body_bits_per_second|iouring	all_pairs	quicheperf/tquicperf	0.90639233904937855	0.89955304932033808	0.91328362780619521	inferior	4.3763098059171961	0.0059954395000347237	0	descriptive_only	descriptive_only
fixed_treatment_server|multistream_upload|loopback|validated_body_bits_per_second|iouring	all_pairs	quicheperf/xquicperf	2.7225758839536796	2.7033014734993213	2.7419877200344454	superior	4.3763098059171961	0.0056237436627565238	0	descriptive_only	descriptive_only
fixed_treatment_server|multistream_upload|loopback|validated_body_bits_per_second|iouring	all_pairs	quiczigperf/quinnperf	2.3902756090656152	2.3789143818384688	2.4016910952795887	superior	4.3763098059171961	0.0037713253773506948	0	descriptive_only	descriptive_only
fixed_treatment_server|multistream_upload|loopback|validated_body_bits_per_second|iouring	all_pairs	quiczigperf/s2nperf	1.7383665168774742	1.7257501688132912	1.7510750985924797	superior	4.3763098059171961	0.0057657476361931241	0	descriptive_only	descriptive_only
fixed_treatment_server|multistream_upload|loopback|validated_body_bits_per_second|iouring	all_pairs	quiczigperf/tquicperf	1.3067382440515161	1.3000648101334138	1.3134459337389557	superior	4.3763098059171961	0.0040527951414161293	0	descriptive_only	descriptive_only
fixed_treatment_server|multistream_upload|loopback|validated_body_bits_per_second|iouring	all_pairs	quiczigperf/xquicperf	3.9251148499621404	3.896406065047779	3.9540351616828713	superior	4.3763098059171961	0.0058108292081891916	0	descriptive_only	descriptive_only
fixed_treatment_server|multistream_upload|loopback|validated_body_bits_per_second|iouring	all_pairs	quinnperf/s2nperf	0.72726614047533245	0.72321107056987177	0.73134394730035557	inferior	4.3763098059171961	0.0044258952081076752	0	descriptive_only	descriptive_only
fixed_treatment_server|multistream_upload|loopback|validated_body_bits_per_second|iouring	all_pairs	quinnperf/tquicperf	0.54668936046347161	0.5439265389795277	0.54946621542805152	inferior	4.3763098059171961	0.0040104627662800726	0	descriptive_only	descriptive_only
fixed_treatment_server|multistream_upload|loopback|validated_body_bits_per_second|iouring	all_pairs	quinnperf/xquicperf	1.6421181034836863	1.6304758861541313	1.6538434506684567	superior	4.3763098059171961	0.0056319393039056262	0	descriptive_only	descriptive_only
fixed_treatment_server|multistream_upload|loopback|validated_body_bits_per_second|iouring	all_pairs	s2nperf/tquicperf	0.75170467871110014	0.74802476246341343	0.7554026983482327	inferior	4.3763098059171961	0.0038845297227715399	0	descriptive_only	descriptive_only
fixed_treatment_server|multistream_upload|loopback|validated_body_bits_per_second|iouring	all_pairs	s2nperf/xquicperf	2.2579328420410407	2.2454645238675268	2.2704703926412639	superior	4.3763098059171961	0.0043830989631513904	0	descriptive_only	descriptive_only
fixed_treatment_server|multistream_upload|loopback|validated_body_bits_per_second|iouring	all_pairs	tquicperf/xquicperf	3.0037498847453943	2.9829727978373275	3.0246716888096814	superior	4.3763098059171961	0.0054942677349336475	0	descriptive_only	descriptive_only
fixed_treatment_server|reqresp|loopback|validated_operations_per_second|iouring	baseline	lsperf/ngtcp2perf	2.191256847820255	2.1799867612739492	2.2025851984133973	superior	3.4575684007267364	0.005166221723847072	0	reference_client_sensitive	invariance_supported
fixed_treatment_server|reqresp|loopback|validated_operations_per_second|iouring	baseline	mvfstperf/ngtcp2perf	1.044400276063435	1.0385514320198816	1.050282059233151	superior	3.4575684007267364	0.0056265452989134801	0	reference_client_sensitive	invariance_supported
fixed_treatment_server|reqresp|loopback|validated_operations_per_second|iouring	baseline	neqoperf/ngtcp2perf	0.53703235486318734	0.53399621179769274	0.54008576053188129	inferior	3.4575684007267364	0.0056803118474303424	0	invariance_supported	invariance_supported
fixed_treatment_server|reqresp|loopback|validated_operations_per_second|iouring	baseline	noqperf/ngtcp2perf	0.48077252741356491	0.47710041943752241	0.48447289857370524	inferior	3.4575684007267364	0.0076817381823718759	0	reference_client_sensitive	invariance_supported
fixed_treatment_server|reqresp|loopback|validated_operations_per_second|iouring	baseline	picoperf/ngtcp2perf	2.0937438810828506	2.0784539157546296	2.1091463257102112	superior	3.4575684007267364	0.0073433358901363053	0	reference_client_sensitive	invariance_supported
fixed_treatment_server|reqresp|loopback|validated_operations_per_second|iouring	baseline	quicheperf/ngtcp2perf	1.1695375459503798	1.160399537181523	1.1787475154548146	superior	3.4575684007267364	0.0078588580032020374	0	reference_client_sensitive	invariance_supported
fixed_treatment_server|reqresp|loopback|validated_operations_per_second|iouring	baseline	quiczigperf/ngtcp2perf	0.10104547787426935	0.10023572236041839	0.10186177500798167	inferior	3.4575684007267364	0.0080612591270026613	0	sensitivity_unresolved	invariance_supported
fixed_treatment_server|reqresp|loopback|validated_operations_per_second|iouring	baseline	quinnperf/ngtcp2perf	0.83600265784306071	0.82161071602847247	0.85064669956963124	inferior	3.4575684007267364	0.017397902947548706	0	reference_client_sensitive	sensitivity_unresolved
fixed_treatment_server|reqresp|loopback|validated_operations_per_second|iouring	baseline	s2nperf/ngtcp2perf	0.81737308766101957	0.80808950488670472	0.82676332311255207	inferior	3.4575684007267364	0.011444404385870429	0	sensitivity_unresolved	sensitivity_unresolved
fixed_treatment_server|reqresp|loopback|validated_operations_per_second|iouring	baseline	tquicperf/ngtcp2perf	0.96450775943843237	0.95485527916929303	0.97425781509661624	inconclusive	3.4575684007267364	0.01007709365249501	0	reference_client_sensitive	sensitivity_unresolved
fixed_treatment_server|reqresp|loopback|validated_operations_per_second|iouring	baseline	xquicperf/ngtcp2perf	0.16436048249995941	0.16308017577316131	0.16565084063433613	inferior	3.4575684007267364	0.0078349002935546187	0	reference_client_sensitive	invariance_supported
fixed_treatment_server|reqresp|loopback|validated_operations_per_second|iouring	all_pairs	lsperf/mvfstperf	2.098100601887587	2.0906521916260354	2.1055755487560623	superior	4.2520093982675267	0.0028973817477637659	0	descriptive_only	descriptive_only
fixed_treatment_server|reqresp|loopback|validated_operations_per_second|iouring	all_pairs	lsperf/neqoperf	4.0803069460842671	4.0618106873975171	4.0988874311448527	superior	4.2520093982675267	0.0037014651790565766	0	descriptive_only	descriptive_only
fixed_treatment_server|reqresp|loopback|validated_operations_per_second|iouring	all_pairs	lsperf/ngtcp2perf	2.191256847820255	2.1774054482510303	2.2051963620169968	superior	4.2520093982675267	0.005166221723847072	0	reference_client_sensitive	invariance_supported
fixed_treatment_server|reqresp|loopback|validated_operations_per_second|iouring	all_pairs	lsperf/noqperf	4.5577829906560279	4.5276459991492954	4.5881205804995666	superior	4.2520093982675267	0.0054048351600181352	0	descriptive_only	descriptive_only
fixed_treatment_server|reqresp|loopback|validated_operations_per_second|iouring	all_pairs	lsperf/picoperf	1.0465734933572546	1.036730319701723	1.0565101224329387	superior	4.2520093982675267	0.0076986074028518696	0	descriptive_only	descriptive_only
fixed_treatment_server|reqresp|loopback|validated_operations_per_second|iouring	all_pairs	lsperf/quicheperf	1.8736096634158195	1.8615411390238741	1.8857564290445259	superior	4.2520093982675267	0.0052647038479398042	0	descriptive_only	descriptive_only
fixed_treatment_server|reqresp|loopback|validated_operations_per_second|iouring	all_pairs	lsperf/quiczigperf	21.685847738251386	21.559577949299555	21.812857062069781	superior	4.2520093982675267	0.0047575889328617072	0	descriptive_only	descriptive_only
fixed_treatment_server|reqresp|loopback|validated_operations_per_second|iouring	all_pairs	lsperf/quinnperf	2.6211122982238297	2.5636145756251922	2.6798996016102596	superior	4.2520093982675267	0.018070450001870009	0	descriptive_only	descriptive_only
fixed_treatment_server|reqresp|loopback|validated_operations_per_second|iouring	all_pairs	lsperf/s2nperf	2.6808526986014636	2.6464684420862854	2.715683692767958	superior	4.2520093982675267	0.01051678981002133	0	descriptive_only	descriptive_only
fixed_treatment_server|reqresp|loopback|validated_operations_per_second|iouring	all_pairs	lsperf/tquicperf	2.2718913625910853	2.2537689809653205	2.29015946488235	superior	4.2520093982675267	0.0065247224060131963	0	descriptive_only	descriptive_only
fixed_treatment_server|reqresp|loopback|validated_operations_per_second|iouring	all_pairs	lsperf/xquicperf	13.332017614518723	13.255349915762512	13.409128752042671	superior	4.2520093982675267	0.0046985591153277427	0	descriptive_only	descriptive_only
fixed_treatment_server|reqresp|loopback|validated_operations_per_second|iouring	all_pairs	mvfstperf/neqoperf	1.9447622971049907	1.9394283029901802	1.9501109612610568	superior	4.2520093982675267	0.0022375805339063738	0	descriptive_only	descriptive_only
fixed_treatment_server|reqresp|loopback|validated_operations_per_second|iouring	all_pairs	mvfstperf/ngtcp2perf	1.044400276063435	1.0372121850131348	1.0516381820442711	superior	4.2520093982675267	0.0056265452989134801	0	reference_client_sensitive	invariance_supported
fixed_treatment_server|reqresp|loopback|validated_operations_per_second|iouring	all_pairs	mvfstperf/noqperf	2.17233767844857	2.1631726065534123	2.1815415815227972	superior	4.2520093982675267	0.0034444723679875359	0	descriptive_only	descriptive_only
fixed_treatment_server|reqresp|loopback|validated_operations_per_second|iouring	all_pairs	mvfstperf/picoperf	0.49881950008292714	0.49439677510721247	0.50328178942717261	inferior	4.2520093982675267	0.0072556342108278703	0	descriptive_only	descriptive_only
fixed_treatment_server|reqresp|loopback|validated_operations_per_second|iouring	all_pairs	mvfstperf/quicheperf	0.89300277676399276	0.88707284094700445	0.89897235322509772	inferior	4.2520093982675267	0.0054279963963581633	0	descriptive_only	descriptive_only
fixed_treatment_server|reqresp|loopback|validated_operations_per_second|iouring	all_pairs	mvfstperf/quiczigperf	10.335942765919516	10.274716213449899	10.39753416454638	superior	4.2520093982675267	0.0048403371014321007	0	descriptive_only	descriptive_only
fixed_treatment_server|reqresp|loopback|validated_operations_per_second|iouring	all_pairs	mvfstperf/quinnperf	1.2492786551158261	1.2197572883094108	1.279514517425955	superior	4.2520093982675267	0.019483014269703218	0	descriptive_only	descriptive_only
fixed_treatment_server|reqresp|loopback|validated_operations_per_second|iouring	all_pairs	mvfstperf/s2nperf	1.2777522184539649	1.2624061677818781	1.2932848186512684	superior	4.2520093982675267	0.0098439073511452889	0	descriptive_only	descriptive_only
fixed_treatment_server|reqresp|loopback|validated_operations_per_second|iouring	all_pairs	mvfstperf/tquicperf	1.0828324249786425	1.0730306871737643	1.0927236980271482	superior	4.2520093982675267	0.0074081760552967132	0	descriptive_only	descriptive_only
fixed_treatment_server|reqresp|loopback|validated_operations_per_second|iouring	all_pairs	mvfstperf/xquicperf	6.3543271483380606	6.3201883896953532	6.3886503088956799	superior	4.2520093982675267	0.0043887799906088074	0	descriptive_only	descriptive_only
fixed_treatment_server|reqresp|loopback|validated_operations_per_second|iouring	all_pairs	neqoperf/ngtcp2perf	0.53703235486318734	0.53330102977314697	0.54078978675998468	inferior	4.2520093982675267	0.0056803118474303424	0	invariance_supported	invariance_supported
fixed_treatment_server|reqresp|loopback|validated_operations_per_second|iouring	all_pairs	neqoperf/noqperf	1.1170196386891869	1.1102145142777557	1.1238664755063372	superior	4.2520093982675267	0.0049784935202154745	0	descriptive_only	descriptive_only
fixed_treatment_server|reqresp|loopback|validated_operations_per_second|iouring	all_pairs	neqoperf/picoperf	0.25649381460422127	0.25383040976537025	0.25918516615498194	inferior	4.2520093982675267	0.0085039626954191393	0	descriptive_only	descriptive_only
fixed_treatment_server|reqresp|loopback|validated_operations_per_second|iouring	all_pairs	neqoperf/quicheperf	0.45918350951853248	0.45640090595944977	0.46198307816788109	inferior	4.2520093982675267	0.0049520005533269214	0	descriptive_only	descriptive_only
fixed_treatment_server|reqresp|loopback|validated_operations_per_second|iouring	all_pairs	neqoperf/quiczigperf	5.3147589200519736	5.2800273314119233	5.3497189702460552	superior	4.2520093982675267	0.0053414652572572321	0	descriptive_only	descriptive_only
fixed_treatment_server|reqresp|loopback|validated_operations_per_second|iouring	all_pairs	neqoperf/quinnperf	0.64238115731445711	0.62728140199516602	0.65784439002998107	inferior	4.2520093982675267	0.019378871198364539	0	descriptive_only	descriptive_only
fixed_treatment_server|reqresp|loopback|validated_operations_per_second|iouring	all_pairs	neqoperf/s2nperf	0.65702231082742124	0.64798119721431646	0.66618957275426793	inferior	4.2520093982675267	0.011288691353147645	0	descriptive_only	descriptive_only
fixed_treatment_server|reqresp|loopback|validated_operations_per_second|iouring	all_pairs	neqoperf/tquicperf	0.55679422960357006	0.55142507930493911	0.56221565858159217	inferior	4.2520093982675267	0.0078942277099622905	0	descriptive_only	descriptive_only
fixed_treatment_server|reqresp|loopback|validated_operations_per_second|iouring	all_pairs	neqoperf/xquicperf	3.2674055630331948	3.2464819871648758	3.2884639913445111	superior	4.2520093982675267	0.0052338774271634744	0	descriptive_only	descriptive_only
fixed_treatment_server|reqresp|loopback|validated_operations_per_second|iouring	all_pairs	ngtcp2perf/noqperf	2.0799857374957509	2.0604658374187603	2.0996905600752633	superior	4.2520093982675267	0.0076817381823718845	0	descriptive_only	descriptive_only
fixed_treatment_server|reqresp|loopback|validated_operations_per_second|iouring	all_pairs	ngtcp2perf/picoperf	0.47761333610814716	0.47332767694440686	0.48193779899151429	inferior	4.2520093982675267	0.0073433358901362975	0	descriptive_only	descriptive_only
fixed_treatment_server|reqresp|loopback|validated_operations_per_second|iouring	all_pairs	ngtcp2perf/quicheperf	0.85503881723385655	0.84683046713635213	0.86332673108578173	inferior	4.2520093982675267	0.0078588580032020097	0	descriptive_only	descriptive_only
fixed_treatment_server|reqresp|loopback|validated_operations_per_second|iouring	all_pairs	ngtcp2perf/quiczigperf	9.8965339274687558	9.7990927017967699	9.9949440992206888	superior	4.2520093982675267	0.0080612591270026613	0	descriptive_only	descriptive_only
fixed_treatment_server|reqresp|loopback|validated_operations_per_second|iouring	all_pairs	ngtcp2perf/quinnperf	1.1961684458995177	1.1708950324820471	1.2219873782645032	superior	4.2520093982675267	0.017397902947548758	0	descriptive_only	descriptive_only
fixed_treatment_server|reqresp|loopback|validated_operations_per_second|iouring	all_pairs	ngtcp2perf/s2nperf	1.2234315211693381	1.2063656027849488	1.240738863521412	superior	4.2520093982675267	0.011444404385870443	0	descriptive_only	descriptive_only
fixed_treatment_server|reqresp|loopback|validated_operations_per_second|iouring	all_pairs	ngtcp2perf/tquicperf	1.0367982944815626	1.0240529960381755	1.0497022200985817	inconclusive	4.2520093982675267	0.010077093652495006	0	descriptive_only	descriptive_only
fixed_treatment_server|reqresp|loopback|validated_operations_per_second|iouring	all_pairs	ngtcp2perf/xquicperf	6.0841875418578608	6.0259567038560498	6.1429810839514918	superior	4.2520093982675267	0.0078349002935546308	0	descriptive_only	descriptive_only
fixed_treatment_server|reqresp|loopback|validated_operations_per_second|iouring	all_pairs	noqperf/picoperf	0.22962337072713843	0.22750498845691702	0.23176147803052602	inferior	4.2520093982675267	0.0075508471660442038	0	descriptive_only	descriptive_only
fixed_treatment_server|reqresp|loopback|validated_operations_per_second|iouring	all_pairs	noqperf/quicheperf	0.4110791731982264	0.40805663072949178	0.41412410413534334	inferior	4.2520093982675267	0.0060123586125155528	0	descriptive_only	descriptive_only
fixed_treatment_server|reqresp|loopback|validated_operations_per_second|iouring	all_pairs	noqperf/quiczigperf	4.7579816289432468	4.7206807188524493	4.7955772757418336	superior	4.2520093982675267	0.0064121108248359265	0	descriptive_only	descriptive_only
fixed_treatment_server|reqresp|loopback|validated_operations_per_second|iouring	all_pairs	noqperf/quinnperf	0.57508492694746716	0.56041430705601691	0.59013959679140704	inconclusive	4.2520093982675267	0.021052912668375934	1	descriptive_only	descriptive_only
fixed_treatment_server|reqresp|loopback|validated_operations_per_second|iouring	all_pairs	noqperf/s2nperf	0.58819226455000506	0.5820664019104852	0.59438259782887992	inferior	4.2520093982675267	0.0085293465061027259	0	descriptive_only	descriptive_only
fixed_treatment_server|reqresp|loopback|validated_operations_per_second|iouring	all_pairs	noqperf/tquicperf	0.49846413645597443	0.49379938048057093	0.50317295880563884	inferior	4.2520093982675267	0.0076600483041511843	0	descriptive_only	descriptive_only
fixed_treatment_server|reqresp|loopback|validated_operations_per_second|iouring	all_pairs	noqperf/xquicperf	2.9251102217571288	2.9054550606098077	2.9448983484302165	superior	4.2520093982675267	0.0054928026364433049	0	descriptive_only	descriptive_only
fixed_treatment_server|reqresp|loopback|validated_operations_per_second|iouring	all_pairs	picoperf/quicheperf	1.7902322916717048	1.766713103657809	1.814064576477427	superior	4.2520093982675267	0.010774022001005834	0	descriptive_only	descriptive_only
fixed_treatment_server|reqresp|loopback|validated_operations_per_second|iouring	all_pairs	picoperf/quiczigperf	20.720807354566535	20.530582845702703	20.912794373732407	superior	4.2520093982675267	0.0075137607723371209	0	descriptive_only	descriptive_only
fixed_treatment_server|reqresp|loopback|validated_operations_per_second|iouring	all_pairs	picoperf/quinnperf	2.5044703643464974	2.4378489410026924	2.5729124148726119	inconclusive	4.2520093982675267	0.021965233090758641	1	descriptive_only	descriptive_only
fixed_treatment_server|reqresp|loopback|validated_operations_per_second|iouring	all_pairs	picoperf/s2nperf	2.5615522613721855	2.5354797632370905	2.5878928646481145	superior	4.2520093982675267	0.0083348055761923688	0	descriptive_only	descriptive_only
fixed_treatment_server|reqresp|loopback|validated_operations_per_second|iouring	all_pairs	picoperf/tquicperf	2.1707900849879072	2.1414961653040723	2.2004847215837526	superior	4.2520093982675267	0.011068862390526527	0	descriptive_only	descriptive_only
fixed_treatment_server|reqresp|loopback|validated_operations_per_second|iouring	all_pairs	picoperf/xquicperf	12.738730437125408	12.600073482691622	12.878913235915521	superior	4.2520093982675267	0.0089163330822916321	0	descriptive_only	descriptive_only
fixed_treatment_server|reqresp|loopback|validated_operations_per_second|iouring	all_pairs	quicheperf/quiczigperf	11.574368002946484	11.478280867211673	11.671259504575504	superior	4.2520093982675267	0.0067916192463328522	0	descriptive_only	descriptive_only
fixed_treatment_server|reqresp|loopback|validated_operations_per_second|iouring	all_pairs	quicheperf/quinnperf	1.3989639087606016	1.3649276437539759	1.4338489127761427	inconclusive	4.2520093982675267	0.020066390327630673	1	descriptive_only	descriptive_only
fixed_treatment_server|reqresp|loopback|validated_operations_per_second|iouring	all_pairs	quicheperf/s2nperf	1.430849098906728	1.4089227800128465	1.4531166454867939	superior	4.2520093982675267	0.012581062081143728	0	descriptive_only	descriptive_only
fixed_treatment_server|reqresp|loopback|validated_operations_per_second|iouring	all_pairs	quicheperf/tquicperf	1.212574532973506	1.2034945508629511	1.2217230206498477	superior	4.2520093982675267	0.0061235616185243971	0	descriptive_only	descriptive_only
fixed_treatment_server|reqresp|loopback|validated_operations_per_second|iouring	all_pairs	quicheperf/xquicperf	7.1156857668063171	7.0659883276612536	7.1657327445216481	superior	4.2520093982675267	0.0057099813603623956	0	descriptive_only	descriptive_only
fixed_treatment_server|reqresp|loopback|validated_operations_per_second|iouring	all_pairs	quiczigperf/quinnperf	0.12086741223403889	0.11767736701828409	0.12414393447368037	inconclusive	4.2520093982675267	0.021791103161599629	1	descriptive_only	descriptive_only
fixed_treatment_server|reqresp|loopback|validated_operations_per_second|iouring	all_pairs	quiczigperf/s2nperf	0.12362222270300004	0.12191252837216383	0.12535589368942632	inferior	4.2520093982675267	0.011345899339407084	0	descriptive_only	descriptive_only
fixed_treatment_server|reqresp|loopback|validated_operations_per_second|iouring	all_pairs	quiczigperf/tquicperf	0.10476377912511696	0.10377192947834986	0.10576510884734124	inferior	4.2520093982675267	0.0077498819777814497	0	descriptive_only	descriptive_only
fixed_treatment_server|reqresp|loopback|validated_operations_per_second|iouring	all_pairs	quiczigperf/xquicperf	0.61477963764370369	0.60986613279767665	0.61973272909500954	inferior	4.2520093982675267	0.0065374688886058263	0	descriptive_only	descriptive_only
fixed_treatment_server|reqresp|loopback|validated_operations_per_second|iouring	all_pairs	quinnperf/s2nperf	1.0227920033865454	0.99441218900603001	1.0519817574210364	inconclusive	4.2520093982675267	0.022925285227460533	1	descriptive_only	descriptive_only
fixed_treatment_server|reqresp|loopback|validated_operations_per_second|iouring	all_pairs	quinnperf/tquicperf	0.86676612983373869	0.84595768941326011	0.88808640577288578	inconclusive	4.2520093982675267	0.019797026580239126	1	descriptive_only	descriptive_only
fixed_treatment_server|reqresp|loopback|validated_operations_per_second|iouring	all_pairs	quinnperf/xquicperf	5.0863969558088087	4.9637462183635499	5.2120783081836164	inconclusive	4.2520093982675267	0.01988592878625765	1	descriptive_only	descriptive_only
fixed_treatment_server|reqresp|loopback|validated_operations_per_second|iouring	all_pairs	s2nperf/tquicperf	0.84745102324207389	0.83562680532577105	0.85944255523739044	inferior	4.2520093982675267	0.011447265984296698	0	descriptive_only	descriptive_only
fixed_treatment_server|reqresp|loopback|validated_operations_per_second|iouring	all_pairs	s2nperf/xquicperf	4.9730511569970677	4.9098506576349381	5.0370651847937955	superior	4.2520093982675267	0.010420015193942306	0	descriptive_only	descriptive_only
fixed_treatment_server|reqresp|loopback|validated_operations_per_second|iouring	all_pairs	tquicperf/xquicperf	5.8682460940005488	5.8132686878723137	5.923743433981298	superior	4.2520093982675267	0.0076685754034914134	0	descriptive_only	descriptive_only
fixed_treatment_server|resumed_connect|loopback|validated_operations_per_second|iouring	baseline	lsperf/ngtcp2perf	1.034064730506953	1.0292765329896021	1.0388752027335104	inconclusive	3.3928078259246788	0.0047387427255643991	0	invariance_supported	invariance_supported
fixed_treatment_server|resumed_connect|loopback|validated_operations_per_second|iouring	baseline	mvfstperf/ngtcp2perf	0.059577320849208353	0.058806404219819572	0.060358343732454217	inferior	3.3928078259246788	0.013297895294513093	0	reference_client_sensitive	invariance_supported
fixed_treatment_server|resumed_connect|loopback|validated_operations_per_second|iouring	baseline	neqoperf/ngtcp2perf	0.1914975982496841	0.18858931299036968	0.19445073293877496	inferior	3.3928078259246788	0.015625140133555902	0	reference_client_sensitive	sensitivity_unresolved
fixed_treatment_server|resumed_connect|loopback|validated_operations_per_second|iouring	baseline	noqperf/ngtcp2perf	0.070874199528736012	0.069726325686851484	0.072040970312971991	inferior	3.3928078259246788	0.016671636124748826	0	reference_client_sensitive	invariance_supported
fixed_treatment_server|resumed_connect|loopback|validated_operations_per_second|iouring	baseline	picoperf/ngtcp2perf	0.8223007932158386	0.81741493270361065	0.82721585754119731	inferior	3.3928078259246788	0.0060846435984260715	0	invariance_supported	invariance_supported
fixed_treatment_server|resumed_connect|loopback|validated_operations_per_second|iouring	baseline	quicheperf/ngtcp2perf	0.12703317241606243	0.12493636613810255	0.12916516938111522	inferior	3.3928078259246788	0.016993453613554154	0	reference_client_sensitive	sensitivity_unresolved
fixed_treatment_server|resumed_connect|loopback|validated_operations_per_second|iouring	baseline	quiczigperf/ngtcp2perf	0.3917484581551316	0.38973044610546809	0.39377691940801562	inferior	3.3928078259246788	0.0052731341376713427	0	reference_client_sensitive	invariance_supported
fixed_treatment_server|resumed_connect|loopback|validated_operations_per_second|iouring	baseline	quinnperf/ngtcp2perf	0.09966026853285552	0.098285280772047637	0.10105449204623511	inferior	3.3928078259246788	0.014184741762371269	0	reference_client_sensitive	invariance_supported
fixed_treatment_server|resumed_connect|loopback|validated_operations_per_second|iouring	baseline	s2nperf/ngtcp2perf	1.0238421669433122	1.0171817029340047	1.0305462433973693	inconclusive	3.3928078259246788	0.0066637592923250825	0	reference_client_sensitive	invariance_supported
fixed_treatment_server|resumed_connect|loopback|validated_operations_per_second|iouring	baseline	tquicperf/ngtcp2perf	0.62589980271950163	0.62150765980946865	0.63032298453796587	inferior	3.3928078259246788	0.0071900395112733254	0	reference_client_sensitive	invariance_supported
fixed_treatment_server|resumed_connect|loopback|validated_operations_per_second|iouring	baseline	xquicperf/ngtcp2perf	0.063131746182911203	0.062451202997890101	0.063819705382427566	inferior	3.3928078259246788	0.01106599883801871	0	sensitivity_unresolved	invariance_supported
fixed_treatment_server|resumed_connect|loopback|validated_operations_per_second|iouring	all_pairs	lsperf/mvfstperf	17.356683982554308	17.054674982321934	17.664041043439603	superior	4.0555962698847123	0.014993227001596296	0	descriptive_only	descriptive_only
fixed_treatment_server|resumed_connect|loopback|validated_operations_per_second|iouring	all_pairs	lsperf/neqoperf	5.3998835492374582	5.30264497546783	5.4989052595875103	superior	4.0555962698847123	0.015521369594063465	0	descriptive_only	descriptive_only
fixed_treatment_server|resumed_connect|loopback|validated_operations_per_second|iouring	all_pairs	lsperf/ngtcp2perf	1.034064730506953	1.0283437456532929	1.0398175429161698	inconclusive	4.0555962698847123	0.0047387427255643991	0	invariance_supported	invariance_supported
fixed_treatment_server|resumed_connect|loopback|validated_operations_per_second|iouring	all_pairs	lsperf/noqperf	14.590143343879184	14.314211568943298	14.871394192384198	superior	4.0555962698847123	0.016308631901638809	0	descriptive_only	descriptive_only
fixed_treatment_server|resumed_connect|loopback|validated_operations_per_second|iouring	all_pairs	lsperf/picoperf	1.2575261255226959	1.2526940149649259	1.2623768753428586	superior	4.0555962698847123	0.0032884518914180249	0	descriptive_only	descriptive_only
fixed_treatment_server|resumed_connect|loopback|validated_operations_per_second|iouring	all_pairs	lsperf/quicheperf	8.1401157732261975	7.9911985990418648	8.2918080410954396	superior	4.0555962698847123	0.015770783612210657	0	descriptive_only	descriptive_only
fixed_treatment_server|resumed_connect|loopback|validated_operations_per_second|iouring	all_pairs	lsperf/quiczigperf	2.6396140405419679	2.628169372538276	2.6511085456783365	superior	4.0555962698847123	0.0037114351404516879	0	descriptive_only	descriptive_only
fixed_treatment_server|resumed_connect|loopback|validated_operations_per_second|iouring	all_pairs	lsperf/quinnperf	10.37589749385481	10.222325644055426	10.531776481371384	superior	4.0555962698847123	0.012736667393932252	0	descriptive_only	descriptive_only
fixed_treatment_server|resumed_connect|loopback|validated_operations_per_second|iouring	all_pairs	lsperf/s2nperf	1.0099845111812109	1.0044410580295928	1.0155585583359301	equivalent	4.0555962698847123	0.004701063920173389	0	descriptive_only	descriptive_only
fixed_treatment_server|resumed_connect|loopback|validated_operations_per_second|iouring	all_pairs	lsperf/tquicperf	1.6521250302588313	1.635538316046099	1.6688799576437503	superior	4.0555962698847123	0.0086187168009099115	0	descriptive_only	descriptive_only
fixed_treatment_server|resumed_connect|loopback|validated_operations_per_second|iouring	all_pairs	lsperf/xquicperf	16.379472975624083	16.196111349337858	16.564910500579384	superior	4.0555962698847123	0.0096158289210474222	0	descriptive_only	descriptive_only
fixed_treatment_server|resumed_connect|loopback|validated_operations_per_second|iouring	all_pairs	mvfstperf/neqoperf	0.31111262696636249	0.30525642059129854	0.31708118201222885	inferior	4.0555962698847123	0.016231345565404252	0	descriptive_only	descriptive_only
fixed_treatment_server|resumed_connect|loopback|validated_operations_per_second|iouring	all_pairs	mvfstperf/ngtcp2perf	0.059577320849208353	0.058656973644214579	0.060512108604491632	inferior	4.0555962698847123	0.013297895294513093	0	reference_client_sensitive	invariance_supported
fixed_treatment_server|resumed_connect|loopback|validated_operations_per_second|iouring	all_pairs	mvfstperf/noqperf	0.84060661348355181	0.8214643163375307	0.86019497691965874	inferior	4.0555962698847123	0.019675673489501673	0	descriptive_only	descriptive_only
fixed_treatment_server|resumed_connect|loopback|validated_operations_per_second|iouring	all_pairs	mvfstperf/picoperf	0.072451980273805186	0.071265587443153103	0.073658123561853653	inferior	4.0555962698847123	0.014102445308304738	0	descriptive_only	descriptive_only
fixed_treatment_server|resumed_connect|loopback|validated_operations_per_second|iouring	all_pairs	mvfstperf/quicheperf	0.46899026227636886	0.46028328391690621	0.47786194675226268	inferior	4.0555962698847123	0.016006725751177626	0	descriptive_only	descriptive_only
fixed_treatment_server|resumed_connect|loopback|validated_operations_per_second|iouring	all_pairs	mvfstperf/quiczigperf	0.15208054967153392	0.14948308017231504	0.1547231536956207	inferior	4.0555962698847123	0.014714589081442147	0	descriptive_only	descriptive_only
fixed_treatment_server|resumed_connect|loopback|validated_operations_per_second|iouring	all_pairs	mvfstperf/quinnperf	0.597804137258241	0.58342102499952397	0.61254183721500499	inconclusive	4.0555962698847123	0.020802117694188351	1	descriptive_only	descriptive_only
fixed_treatment_server|resumed_connect|loopback|validated_operations_per_second|iouring	all_pairs	mvfstperf/s2nperf	0.058189946431955242	0.057040217807641201	0.059362849510371567	inferior	4.0555962698847123	0.017045489571631368	0	descriptive_only	descriptive_only
fixed_treatment_server|resumed_connect|loopback|validated_operations_per_second|iouring	all_pairs	mvfstperf/tquicperf	0.095186674592878939	0.093666876102580718	0.096731132680542023	inferior	4.0555962698847123	0.013747892688396568	0	descriptive_only	descriptive_only
fixed_treatment_server|resumed_connect|loopback|validated_operations_per_second|iouring	all_pairs	mvfstperf/xquicperf	0.94369828891783414	0.9230592359480293	0.96479881877980489	inferior	4.0555962698847123	0.01888797744078707	0	descriptive_only	descriptive_only
fixed_treatment_server|resumed_connect|loopback|validated_operations_per_second|iouring	all_pairs	neqoperf/ngtcp2perf	0.1914975982496841	0.18802635460855294	0.19503292616475221	inferior	4.0555962698847123	0.015625140133555902	0	reference_client_sensitive	sensitivity_unresolved
fixed_treatment_server|resumed_connect|loopback|validated_operations_per_second|iouring	all_pairs	neqoperf/noqperf	2.7019366641600122	2.6408497665196653	2.7644365952529357	superior	4.0555962698847123	0.019532826145361268	0	descriptive_only	descriptive_only
fixed_treatment_server|resumed_connect|loopback|validated_operations_per_second|iouring	all_pairs	neqoperf/picoperf	0.23288023048205853	0.22885211203273459	0.23697924947102642	inferior	4.0555962698847123	0.014903520121259608	0	descriptive_only	descriptive_only
fixed_treatment_server|resumed_connect|loopback|validated_operations_per_second|iouring	all_pairs	neqoperf/quicheperf	1.5074613552315768	1.4783688414785747	1.5371263745276624	superior	4.0555962698847123	0.016645459566746946	0	descriptive_only	descriptive_only
fixed_treatment_server|resumed_connect|loopback|validated_operations_per_second|iouring	all_pairs	neqoperf/quiczigperf	0.48882795646856486	0.47958721642040103	0.49824674812801861	inferior	4.0555962698847123	0.016301375574215606	0	descriptive_only	descriptive_only
fixed_treatment_server|resumed_connect|loopback|validated_operations_per_second|iouring	all_pairs	neqoperf/quinnperf	1.921503936009886	1.8774934588266274	1.9665460663756322	inconclusive	4.0555962698847123	0.019791213096330432	1	descriptive_only	descriptive_only
fixed_treatment_server|resumed_connect|loopback|validated_operations_per_second|iouring	all_pairs	neqoperf/s2nperf	0.1870382022078671	0.1832426451768934	0.19091237769122923	inferior	4.0555962698847123	0.017511582224640762	0	descriptive_only	descriptive_only
fixed_treatment_server|resumed_connect|loopback|validated_operations_per_second|iouring	all_pairs	neqoperf/tquicperf	0.30595567759829467	0.29903274669334312	0.31303888182730427	inferior	4.0555962698847123	0.019549146130366589	0	descriptive_only	descriptive_only
fixed_treatment_server|resumed_connect|loopback|validated_operations_per_second|iouring	all_pairs	neqoperf/xquicperf	3.0333011492325785	2.9645241890768155	3.1036737348400405	superior	4.0555962698847123	0.019589984948839807	0	descriptive_only	descriptive_only
fixed_treatment_server|resumed_connect|loopback|validated_operations_per_second|iouring	all_pairs	ngtcp2perf/noqperf	14.109506797245013	13.83678321457843	14.387605773266326	superior	4.0555962698847123	0.016671636124748826	0	descriptive_only	descriptive_only
fixed_treatment_server|resumed_connect|loopback|validated_operations_per_second|iouring	all_pairs	ngtcp2perf/picoperf	1.216100006530723	1.2074677850061433	1.2247939400524048	superior	4.0555962698847123	0.0060846435984260776	0	descriptive_only	descriptive_only
fixed_treatment_server|resumed_connect|loopback|validated_operations_per_second|iouring	all_pairs	ngtcp2perf/quicheperf	7.8719595911906648	7.7168939431025567	8.0301411762599297	superior	4.0555962698847123	0.01699345361355413	0	descriptive_only	descriptive_only
fixed_treatment_server|resumed_connect|loopback|validated_operations_per_second|iouring	all_pairs	ngtcp2perf/quiczigperf	2.5526584194085125	2.536948073703142	2.5684660532549923	superior	4.0555962698847123	0.0052731341376713809	0	descriptive_only	descriptive_only
fixed_treatment_server|resumed_connect|loopback|validated_operations_per_second|iouring	all_pairs	ngtcp2perf/quinnperf	10.03408895763034	9.8688310134213548	10.202114219274089	superior	4.0555962698847123	0.014184741762371269	0	descriptive_only	descriptive_only
fixed_treatment_server|resumed_connect|loopback|validated_operations_per_second|iouring	all_pairs	ngtcp2perf/s2nperf	0.97671304453645114	0.96912277169094208	0.98436276520792421	inconclusive	4.0555962698847123	0.0066637592923250773	0	descriptive_only	descriptive_only
fixed_treatment_server|resumed_connect|loopback|validated_operations_per_second|iouring	all_pairs	ngtcp2perf/tquicperf	1.5976998165761562	1.5843072458671994	1.6112055982488716	superior	4.0555962698847123	0.0071900395112733011	0	descriptive_only	descriptive_only
fixed_treatment_server|resumed_connect|loopback|validated_operations_per_second|iouring	all_pairs	ngtcp2perf/xquicperf	15.839891345674273	15.636000985469128	16.046440395849007	superior	4.0555962698847123	0.011065998838018693	0	descriptive_only	descriptive_only
fixed_treatment_server|resumed_connect|loopback|validated_operations_per_second|iouring	all_pairs	noqperf/picoperf	0.086190114509755625	0.084750644084350943	0.087654034013134915	inferior	4.0555962698847123	0.014385775849221568	0	descriptive_only	descriptive_only
fixed_treatment_server|resumed_connect|loopback|validated_operations_per_second|iouring	all_pairs	noqperf/quicheperf	0.55791883474819415	0.54776880863981836	0.5682569384330507	inferior	4.0555962698847123	0.015682410100590065	0	descriptive_only	descriptive_only
fixed_treatment_server|resumed_connect|loopback|validated_operations_per_second|iouring	all_pairs	noqperf/quiczigperf	0.18091762214586679	0.17764743743866013	0.18424800534607416	inferior	4.0555962698847123	0.015580531233333587	0	descriptive_only	descriptive_only
fixed_treatment_server|resumed_connect|loopback|validated_operations_per_second|iouring	all_pairs	noqperf/quinnperf	0.71115802287217944	0.693032552340754	0.72975754427015627	inconclusive	4.0555962698847123	0.022052268007000157	1	descriptive_only	descriptive_only
fixed_treatment_server|resumed_connect|loopback|validated_operations_per_second|iouring	all_pairs	noqperf/s2nperf	0.069223755200795656	0.067983383133045555	0.070486758135024474	inferior	4.0555962698847123	0.015443758653477708	0	descriptive_only	descriptive_only
fixed_treatment_server|resumed_connect|loopback|validated_operations_per_second|iouring	all_pairs	noqperf/tquicperf	0.11323569558704343	0.11107685084197504	0.11543649876537654	inferior	4.0555962698847123	0.01644171661808539	0	descriptive_only	descriptive_only
fixed_treatment_server|resumed_connect|loopback|validated_operations_per_second|iouring	all_pairs	noqperf/xquicperf	1.1226396197468169	1.1024482311844896	1.1432008144919132	superior	4.0555962698847123	0.015502325404658209	0	descriptive_only	descriptive_only
fixed_treatment_server|resumed_connect|loopback|validated_operations_per_second|iouring	all_pairs	picoperf/quicheperf	6.4731186159991099	6.3612338567575337	6.5869712638032558	superior	4.0555962698847123	0.014892714883995789	0	descriptive_only	descriptive_only
fixed_treatment_server|resumed_connect|loopback|validated_operations_per_second|iouring	all_pairs	picoperf/quiczigperf	2.0990530430887082	2.0893997538475615	2.1087509317383706	superior	4.0555962698847123	0.0039372080687192978	0	descriptive_only	descriptive_only
fixed_treatment_server|resumed_connect|loopback|validated_operations_per_second|iouring	all_pairs	picoperf/quinnperf	8.251039309057715	8.1288119314849112	8.3751045359932856	superior	4.0555962698847123	0.012747719698149997	0	descriptive_only	descriptive_only
fixed_treatment_server|resumed_connect|loopback|validated_operations_per_second|iouring	all_pairs	picoperf/s2nperf	0.80315191126658037	0.79913965302332857	0.80718431394409929	inferior	4.0555962698847123	0.0042777376214055852	0	descriptive_only	descriptive_only
fixed_treatment_server|resumed_connect|loopback|validated_operations_per_second|iouring	all_pairs	picoperf/tquicperf	1.313789826491373	1.3010287383531303	1.3266760812502072	superior	4.0555962698847123	0.0083371093970228873	0	descriptive_only	descriptive_only
fixed_treatment_server|resumed_connect|loopback|validated_operations_per_second|iouring	all_pairs	picoperf/xquicperf	13.02515521800065	12.898610079671764	13.152941860021466	superior	4.0555962698847123	0.0083390530619322917	0	descriptive_only	descriptive_only
fixed_treatment_server|resumed_connect|loopback|validated_operations_per_second|iouring	all_pairs	quicheperf/quiczigperf	0.32427229711203498	0.31810752056830216	0.33055654417242286	inferior	4.0555962698847123	0.016394745835688108	0	descriptive_only	descriptive_only
fixed_treatment_server|resumed_connect|loopback|validated_operations_per_second|iouring	all_pairs	quicheperf/quinnperf	1.2746621525927633	1.2416497164243125	1.3085523088841764	inconclusive	4.0555962698847123	0.02241320330892492	1	descriptive_only	descriptive_only
fixed_treatment_server|resumed_connect|loopback|validated_operations_per_second|iouring	all_pairs	quicheperf/s2nperf	0.12407495658761632	0.12140965968128033	0.12679876455161915	inferior	4.0555962698847123	0.018548307335970158	0	descriptive_only	descriptive_only
fixed_treatment_server|resumed_connect|loopback|validated_operations_per_second|iouring	all_pairs	quicheperf/tquicperf	0.20296087626823023	0.19851652574025869	0.2075047260773917	inferior	4.0555962698847123	0.018911711948042514	0	descriptive_only	descriptive_only
fixed_treatment_server|resumed_connect|loopback|validated_operations_per_second|iouring	all_pairs	quicheperf/xquicperf	2.012191648366735	1.970069201333311	2.0552147239379193	superior	4.0555962698847123	0.018070326103915364	0	descriptive_only	descriptive_only
fixed_treatment_server|resumed_connect|loopback|validated_operations_per_second|iouring	all_pairs	quiczigperf/quinnperf	3.9308388781431169	3.8709742866417911	3.9916292751523708	superior	4.0555962698847123	0.013108376445633776	0	descriptive_only	descriptive_only
fixed_treatment_server|resumed_connect|loopback|validated_operations_per_second|iouring	all_pairs	quiczigperf/s2nperf	0.3826258292571591	0.38071890565345556	0.38454230415336838	inferior	4.0555962698847123	0.0042675575565752589	0	descriptive_only	descriptive_only
fixed_treatment_server|resumed_connect|loopback|validated_operations_per_second|iouring	all_pairs	quiczigperf/tquicperf	0.62589643973844578	0.62103136105383472	0.63079963081494506	inferior	4.0555962698847123	0.0066652534495706302	0	descriptive_only	descriptive_only
fixed_treatment_server|resumed_connect|loopback|validated_operations_per_second|iouring	all_pairs	quiczigperf/xquicperf	6.2052530120127081	6.1382305357637543	6.2730072972571653	superior	4.0555962698847123	0.009275832523630425	0	descriptive_only	descriptive_only
fixed_treatment_server|resumed_connect|loopback|validated_operations_per_second|iouring	all_pairs	quinnperf/s2nperf	0.097339484298045592	0.09590048391657327	0.098800077084616494	inferior	4.0555962698847123	0.012721487142347724	0	descriptive_only	descriptive_only
fixed_treatment_server|resumed_connect|loopback|validated_operations_per_second|iouring	all_pairs	quinnperf/tquicperf	0.15922719275487374	0.15598457377435757	0.16253721954116443	inferior	4.0555962698847123	0.017574165978112566	0	descriptive_only	descriptive_only
fixed_treatment_server|resumed_connect|loopback|validated_operations_per_second|iouring	all_pairs	quinnperf/xquicperf	1.5786078250411522	1.5521797690217076	1.6054858560950005	superior	4.0555962698847123	0.014420749535715103	0	descriptive_only	descriptive_only
fixed_treatment_server|resumed_connect|loopback|validated_operations_per_second|iouring	all_pairs	s2nperf/tquicperf	1.6357924423282644	1.6198974776950692	1.6518433735606852	superior	4.0555962698847123	0.0083403809071521604	0	descriptive_only	descriptive_only
fixed_treatment_server|resumed_connect|loopback|validated_operations_per_second|iouring	all_pairs	s2nperf/xquicperf	16.217548679501768	16.069765549011912	16.366690874851081	superior	4.0555962698847123	0.0078191920153440047	0	descriptive_only	descriptive_only
fixed_treatment_server|resumed_connect|loopback|validated_operations_per_second|iouring	all_pairs	tquicperf/xquicperf	9.9141848683558678	9.7735233268920076	10.056870825026529	superior	4.0555962698847123	0.012205441743593236	0	descriptive_only	descriptive_only
fixed_treatment_server|small_payload_pps|loopback|validated_operations_per_second|iouring	baseline	lsperf/ngtcp2perf	1.1423934034931706	1.0789657134224422	1.2095497309224925	inconclusive	3.3587134391368836	0.058914996568560252	1	sensitivity_unresolved	sensitivity_unresolved
fixed_treatment_server|small_payload_pps|loopback|validated_operations_per_second|iouring	baseline	mvfstperf/ngtcp2perf	0.58447812446276737	0.55751605799005732	0.61274410499868781	inconclusive	3.3587134391368836	0.048709947758908599	1	reference_client_sensitive	sensitivity_unresolved
fixed_treatment_server|small_payload_pps|loopback|validated_operations_per_second|iouring	baseline	neqoperf/ngtcp2perf	0.4679689962639122	0.44771617535300484	0.48913797070562709	inconclusive	3.3587134391368836	0.045630774521070762	1	reference_client_sensitive	sensitivity_unresolved
fixed_treatment_server|small_payload_pps|loopback|validated_operations_per_second|iouring	baseline	noqperf/ngtcp2perf	0.26334046716740739	0.23951211912671347	0.28953942665114085	inconclusive	3.3587134391368836	0.097819692804056349	1	sensitivity_unresolved	sensitivity_unresolved
fixed_treatment_server|small_payload_pps|loopback|validated_operations_per_second|iouring	baseline	picoperf/ngtcp2perf	1.5829227374740997	1.5331574581952909	1.634303364875477	inconclusive	3.3587134391368836	0.03294597870385222	1	reference_client_sensitive	sensitivity_unresolved
fixed_treatment_server|small_payload_pps|loopback|validated_operations_per_second|iouring	baseline	quicheperf/ngtcp2perf	0.73279541424753558	0.70687764614674864	0.75966346095309634	inconclusive	3.3587134391368836	0.037138838043589514	1	reference_client_sensitive	sensitivity_unresolved
fixed_treatment_server|small_payload_pps|loopback|validated_operations_per_second|iouring	baseline	quiczigperf/ngtcp2perf	0.84921133134855575	0.81738207495165482	0.88228003450337533	inconclusive	3.3587134391368836	0.039400098829236944	1	reference_client_sensitive	sensitivity_unresolved
fixed_treatment_server|small_payload_pps|loopback|validated_operations_per_second|iouring	baseline	quinnperf/ngtcp2perf	0.43766644128268084	0.41690900028959843	0.45945737245295293	inconclusive	3.3587134391368836	0.050113703910708636	1	sensitivity_unresolved	sensitivity_unresolved
fixed_treatment_server|small_payload_pps|loopback|validated_operations_per_second|iouring	baseline	s2nperf/ngtcp2perf	0.55018541571995716	0.52681552894248729	0.57459200619727446	inconclusive	3.3587134391368836	0.044766832523191857	1	reference_client_sensitive	sensitivity_unresolved
fixed_treatment_server|small_payload_pps|loopback|validated_operations_per_second|iouring	baseline	tquicperf/ngtcp2perf	0.50971026260310215	0.48054577932613257	0.54064474807633567	inconclusive	3.3587134391368836	0.060768716900506059	1	sensitivity_unresolved	sensitivity_unresolved
fixed_treatment_server|small_payload_pps|loopback|validated_operations_per_second|iouring	baseline	xquicperf/ngtcp2perf	0.12768815687080232	0.12044479234786465	0.13536712619316227	inconclusive	3.3587134391368836	0.060231957350425525	1	reference_client_sensitive	sensitivity_unresolved
fixed_treatment_server|small_payload_pps|loopback|validated_operations_per_second|iouring	all_pairs	lsperf/mvfstperf	1.9545528834688553	1.8287555675035865	2.0890036056001913	inconclusive	4.2924626432830415	0.053687582448140009	1	descriptive_only	descriptive_only
fixed_treatment_server|small_payload_pps|loopback|validated_operations_per_second|iouring	all_pairs	lsperf/neqoperf	2.4411732670617243	2.1907687167958918	2.7201990215254788	inconclusive	4.2924626432830415	0.087340729575515086	1	descriptive_only	descriptive_only
fixed_treatment_server|small_payload_pps|loopback|validated_operations_per_second|iouring	all_pairs	lsperf/ngtcp2perf	1.1423934034931706	1.0619664826767838	1.228911373036162	inconclusive	4.2924626432830415	0.058914996568560252	1	sensitivity_unresolved	sensitivity_unresolved
fixed_treatment_server|small_payload_pps|loopback|validated_operations_per_second|iouring	all_pairs	lsperf/noqperf	4.3380852771364733	3.7469342022291694	5.0225018257625722	inconclusive	4.2924626432830415	0.11822443018252851	1	descriptive_only	descriptive_only
fixed_treatment_server|small_payload_pps|loopback|validated_operations_per_second|iouring	all_pairs	lsperf/picoperf	0.72169877685635486	0.68156343235944927	0.76419757837193991	inconclusive	4.2924626432830415	0.046176469578167352	1	descriptive_only	descriptive_only
fixed_treatment_server|small_payload_pps|loopback|validated_operations_per_second|iouring	all_pairs	lsperf/quicheperf	1.5589527189744044	1.4744439745211964	1.6483051387468977	inconclusive	4.2924626432830415	0.044977874847593829	1	descriptive_only	descriptive_only
fixed_treatment_server|small_payload_pps|loopback|validated_operations_per_second|iouring	all_pairs	lsperf/quiczigperf	1.3452404146315839	1.2744277789788914	1.4199877019379767	inconclusive	4.2924626432830415	0.043639963342368977	1	descriptive_only	descriptive_only
fixed_treatment_server|small_payload_pps|loopback|validated_operations_per_second|iouring	all_pairs	lsperf/quinnperf	2.6101919081232898	2.3938652755546785	2.846067348403158	inconclusive	4.2924626432830415	0.069818832793197769	1	descriptive_only	descriptive_only
fixed_treatment_server|small_payload_pps|loopback|validated_operations_per_second|iouring	all_pairs	lsperf/s2nperf	2.0763789276352709	1.9579715310430996	2.2019469551893578	inconclusive	4.2924626432830415	0.04738534570078537	1	descriptive_only	descriptive_only
fixed_treatment_server|small_payload_pps|loopback|validated_operations_per_second|iouring	all_pairs	lsperf/tquicperf	2.2412603537918598	2.0406447666112011	2.4615984397034842	inconclusive	4.2924626432830415	0.075676285070357369	1	descriptive_only	descriptive_only
fixed_treatment_server|small_payload_pps|loopback|validated_operations_per_second|iouring	all_pairs	lsperf/xquicperf	8.9467451914829468	8.3466089656717202	9.5900322934179076	inconclusive	4.2924626432830415	0.056034968930832652	1	descriptive_only	descriptive_only
fixed_treatment_server|small_payload_pps|loopback|validated_operations_per_second|iouring	all_pairs	mvfstperf/neqoperf	1.2489676220626154	1.1538100633582984	1.3519730590842787	inconclusive	4.2924626432830415	0.063954484244268237	1	descriptive_only	descriptive_only
fixed_treatment_server|small_payload_pps|loopback|validated_operations_per_second|iouring	all_pairs	mvfstperf/ngtcp2perf	0.58447812446276737	0.55024384330558662	0.62084234495613089	inconclusive	4.2924626432830415	0.048709947758908599	1	reference_client_sensitive	sensitivity_unresolved
fixed_treatment_server|small_payload_pps|loopback|validated_operations_per_second|iouring	all_pairs	mvfstperf/noqperf	2.2194770547407385	1.9626211836708454	2.5099486531104236	inconclusive	4.2924626432830415	0.099255900195363386	1	descriptive_only	descriptive_only
fixed_treatment_server|small_payload_pps|loopback|validated_operations_per_second|iouring	all_pairs	mvfstperf/picoperf	0.36923983124750004	0.35565318696504256	0.38334551179793902	inconclusive	4.2924626432830415	0.03025542418096195	1	descriptive_only	descriptive_only
fixed_treatment_server|small_payload_pps|loopback|validated_operations_per_second|iouring	all_pairs	mvfstperf/quicheperf	0.79760068512837734	0.77177023699772562	0.82429565487264522	inconclusive	4.2924626432830415	0.026568048498615559	1	descriptive_only	descriptive_only
fixed_treatment_server|small_payload_pps|loopback|validated_operations_per_second|iouring	all_pairs	mvfstperf/quiczigperf	0.68825992174952555	0.66287951001144929	0.71461210179581691	inconclusive	4.2924626432830415	0.030322407361985246	1	descriptive_only	descriptive_only
fixed_treatment_server|small_payload_pps|loopback|validated_operations_per_second|iouring	all_pairs	mvfstperf/quinnperf	1.335441946953533	1.2432284689621631	1.4344951376248765	inconclusive	4.2924626432830415	0.057742806029316113	1	descriptive_only	descriptive_only
fixed_treatment_server|small_payload_pps|loopback|validated_operations_per_second|iouring	all_pairs	mvfstperf/s2nperf	1.0623293670878857	1.0213576396336639	1.1049446740146076	inconclusive	4.2924626432830415	0.031741092214199677	1	descriptive_only	descriptive_only
fixed_treatment_server|small_payload_pps|loopback|validated_operations_per_second|iouring	all_pairs	mvfstperf/tquicperf	1.1466869854215296	1.0780093181697241	1.2197399599175787	inconclusive	4.2924626432830415	0.049842166690534526	1	descriptive_only	descriptive_only
fixed_treatment_server|small_payload_pps|loopback|validated_operations_per_second|iouring	all_pairs	mvfstperf/xquicperf	4.5773871186358752	4.3244264038233755	4.8451449688978023	inconclusive	4.2924626432830415	0.045878120974894486	1	descriptive_only	descriptive_only
fixed_treatment_server|small_payload_pps|loopback|validated_operations_per_second|iouring	all_pairs	neqoperf/ngtcp2perf	0.4679689962639122	0.4422430912642325	0.49519141347853823	inconclusive	4.2924626432830415	0.045630774521070762	1	reference_client_sensitive	sensitivity_unresolved
fixed_treatment_server|small_payload_pps|loopback|validated_operations_per_second|iouring	all_pairs	neqoperf/noqperf	1.7770493129960963	1.5728477807392187	2.0077621620419759	inconclusive	4.2924626432830415	0.098510021444693133	1	descriptive_only	descriptive_only
fixed_treatment_server|small_payload_pps|loopback|validated_operations_per_second|iouring	all_pairs	neqoperf/picoperf	0.29563603149112599	0.27437101474392001	0.31854918493265805	inconclusive	4.2924626432830415	0.060242252464806419	1	descriptive_only	descriptive_only
fixed_treatment_server|small_payload_pps|loopback|validated_operations_per_second|iouring	all_pairs	neqoperf/quicheperf	0.63860797593069274	0.59255315547864396	0.68824230054580204	inconclusive	4.2924626432830415	0.06040557026924253	1	descriptive_only	descriptive_only
fixed_treatment_server|small_payload_pps|loopback|validated_operations_per_second|iouring	all_pairs	neqoperf/quiczigperf	0.55106306167720698	0.50811146600425228	0.5976454346387764	inconclusive	4.2924626432830415	0.065488357678122014	1	descriptive_only	descriptive_only
fixed_treatment_server|small_payload_pps|loopback|validated_operations_per_second|iouring	all_pairs	neqoperf/quinnperf	1.0692366426185724	0.99430901640392944	1.1498105509020089	inconclusive	4.2924626432830415	0.05863176344360662	1	descriptive_only	descriptive_only
fixed_treatment_server|small_payload_pps|loopback|validated_operations_per_second|iouring	all_pairs	neqoperf/s2nperf	0.85056597811038137	0.7932901428299034	0.91197714941731489	inconclusive	4.2924626432830415	0.056259718966522716	1	descriptive_only	descriptive_only
fixed_treatment_server|small_payload_pps|loopback|validated_operations_per_second|iouring	all_pairs	neqoperf/tquicperf	0.91810785577277521	0.85317519730639668	0.9879823481659048	inconclusive	4.2924626432830415	0.059194855733453927	1	descriptive_only	descriptive_only
fixed_treatment_server|small_payload_pps|loopback|validated_operations_per_second|iouring	all_pairs	neqoperf/xquicperf	3.6649365746379563	3.2888177176490609	4.0840694891781339	inconclusive	4.2924626432830415	0.0873864143297063	1	descriptive_only	descriptive_only
fixed_treatment_server|small_payload_pps|loopback|validated_operations_per_second|iouring	all_pairs	ngtcp2perf/noqperf	3.7973654818660778	3.3638847675685346	4.2867058770538584	inconclusive	4.2924626432830415	0.09781969280405628	1	descriptive_only	descriptive_only
fixed_treatment_server|small_payload_pps|loopback|validated_operations_per_second|iouring	all_pairs	ngtcp2perf/picoperf	0.63174277324218575	0.60647168874154611	0.65806687921718909	inconclusive	4.2924626432830415	0.032945978703852234	1	descriptive_only	descriptive_only
fixed_treatment_server|small_payload_pps|loopback|validated_operations_per_second|iouring	all_pairs	ngtcp2perf/quicheperf	1.3646373606565771	1.3032602087456024	1.4289050748293495	inconclusive	4.2924626432830415	0.037138838043589514	1	descriptive_only	descriptive_only
fixed_treatment_server|small_payload_pps|loopback|validated_operations_per_second|iouring	all_pairs	ngtcp2perf/quiczigperf	1.1775631849047403	1.1214533413355114	1.2364803807099651	inconclusive	4.2924626432830415	0.039400098829236958	1	descriptive_only	descriptive_only
fixed_treatment_server|small_payload_pps|loopback|validated_operations_per_second|iouring	all_pairs	ngtcp2perf/quinnperf	2.2848450456225819	2.147277913301747	2.4312255298517771	inconclusive	4.2924626432830415	0.050113703910708643	1	descriptive_only	descriptive_only
fixed_treatment_server|small_payload_pps|loopback|validated_operations_per_second|iouring	all_pairs	ngtcp2perf/s2nperf	1.8175690802189441	1.719490690563467	1.9212417836850177	inconclusive	4.2924626432830415	0.044766832523191816	1	descriptive_only	descriptive_only
fixed_treatment_server|small_payload_pps|loopback|validated_operations_per_second|iouring	all_pairs	ngtcp2perf/tquicperf	1.9618988930946315	1.8195926462978287	2.1153345912653978	inconclusive	4.2924626432830415	0.060768716900506073	1	descriptive_only	descriptive_only
fixed_treatment_server|small_payload_pps|loopback|validated_operations_per_second|iouring	all_pairs	ngtcp2perf/xquicperf	7.8315798779351322	7.2683492574063537	8.4384557225260295	inconclusive	4.2924626432830415	0.060231957350425525	1	descriptive_only	descriptive_only
fixed_treatment_server|small_payload_pps|loopback|validated_operations_per_second|iouring	all_pairs	noqperf/picoperf	0.16636343703523065	0.14919887788940983	0.18550268992431651	inconclusive	4.2924626432830415	0.087880086277297542	1	descriptive_only	descriptive_only
fixed_treatment_server|small_payload_pps|loopback|validated_operations_per_second|iouring	all_pairs	noqperf/quicheperf	0.35936424006940076	0.32151974237631237	0.40166322629578083	inconclusive	4.2924626432830415	0.089803144297135734	1	descriptive_only	descriptive_only
fixed_treatment_server|small_payload_pps|loopback|validated_operations_per_second|iouring	all_pairs	noqperf/quiczigperf	0.31010003923195439	0.27692443571472358	0.34725008677356994	inconclusive	4.2924626432830415	0.091314496239399384	1	descriptive_only	descriptive_only
fixed_treatment_server|small_payload_pps|loopback|validated_operations_per_second|iouring	all_pairs	noqperf/quinnperf	0.60169216171938689	0.54222502182217958	0.66768120780910067	inconclusive	4.2924626432830415	0.083982393355271898	1	descriptive_only	descriptive_only
fixed_treatment_server|small_payload_pps|loopback|validated_operations_per_second|iouring	all_pairs	noqperf/s2nperf	0.47863949069389161	0.42666145126314736	0.53694975576879822	inconclusive	4.2924626432830415	0.092772426866254837	1	descriptive_only	descriptive_only
fixed_treatment_server|small_payload_pps|loopback|validated_operations_per_second|iouring	all_pairs	noqperf/tquicperf	0.5166473710427596	0.45893075224951213	0.58162261887447686	inconclusive	4.2924626432830415	0.095600547762224236	1	descriptive_only	descriptive_only
fixed_treatment_server|small_payload_pps|loopback|validated_operations_per_second|iouring	all_pairs	noqperf/xquicperf	2.0623719037143049	1.8168273947046292	2.3411017918527479	inconclusive	4.2924626432830415	0.10230179481479404	1	descriptive_only	descriptive_only
fixed_treatment_server|small_payload_pps|loopback|validated_operations_per_second|iouring	all_pairs	picoperf/quicheperf	2.1601155065899391	2.1276449060480136	2.1930816503010075	superior	4.2924626432830415	0.012223123711682136	0	descriptive_only	descriptive_only
fixed_treatment_server|small_payload_pps|loopback|validated_operations_per_second|iouring	all_pairs	picoperf/quiczigperf	1.8639915401981308	1.8293570313652061	1.8992817707854921	superior	4.2924626432830415	0.015136154806444464	0	descriptive_only	descriptive_only
fixed_treatment_server|small_payload_pps|loopback|validated_operations_per_second|iouring	all_pairs	picoperf/quinnperf	3.6167331743210318	3.4097732614896885	3.8362547451379401	inconclusive	4.2924626432830415	0.047553941210724225	1	descriptive_only	descriptive_only
fixed_treatment_server|small_payload_pps|loopback|validated_operations_per_second|iouring	all_pairs	picoperf/s2nperf	2.8770714240084523	2.7885919190707114	2.9683583037866956	inconclusive	4.2924626432830415	0.025208170239166886	1	descriptive_only	descriptive_only
fixed_treatment_server|small_payload_pps|loopback|validated_operations_per_second|iouring	all_pairs	picoperf/tquicperf	3.1055343665047603	2.9260878743170045	3.2959856695326586	inconclusive	4.2924626432830415	0.048033376563162242	1	descriptive_only	descriptive_only
fixed_treatment_server|small_payload_pps|loopback|validated_operations_per_second|iouring	all_pairs	picoperf/xquicperf	12.396785859128158	11.778960013612927	13.047017687425017	inconclusive	4.2924626432830415	0.041256735030077332	1	descriptive_only	descriptive_only
fixed_treatment_server|small_payload_pps|loopback|validated_operations_per_second|iouring	all_pairs	quicheperf/quiczigperf	0.86291290188491643	0.84838795554256474	0.87768652463158281	inferior	4.2924626432830415	0.013699751591356519	0	descriptive_only	descriptive_only
fixed_treatment_server|small_payload_pps|loopback|validated_operations_per_second|iouring	all_pairs	quicheperf/quinnperf	1.6743239716984293	1.5753287745510969	1.7795401236182229	inconclusive	4.2924626432830415	0.049184205660197412	1	descriptive_only	descriptive_only
fixed_treatment_server|small_payload_pps|loopback|validated_operations_per_second|iouring	all_pairs	quicheperf/s2nperf	1.3319062870625533	1.2857001034388562	1.3797730534297348	inconclusive	4.2924626432830415	0.028494101438461102	1	descriptive_only	descriptive_only
fixed_treatment_server|small_payload_pps|loopback|validated_operations_per_second|iouring	all_pairs	quicheperf/tquicperf	1.4376705120770621	1.350453850337787	1.5305199069030995	inconclusive	4.2924626432830415	0.05050601809358022	1	descriptive_only	descriptive_only
fixed_treatment_server|small_payload_pps|loopback|validated_operations_per_second|iouring	all_pairs	quicheperf/xquicperf	5.7389458208641413	5.4633761554843048	6.0284150674399983	inconclusive	4.2924626432830415	0.039712303275948387	1	descriptive_only	descriptive_only
fixed_treatment_server|small_payload_pps|loopback|validated_operations_per_second|iouring	all_pairs	quiczigperf/quinnperf	1.9403163031183044	1.8407134783286865	2.045308735156889	inconclusive	4.2924626432830415	0.042528115657683996	1	descriptive_only	descriptive_only
fixed_treatment_server|small_payload_pps|loopback|validated_operations_per_second|iouring	all_pairs	quiczigperf/s2nperf	1.5435002584306994	1.4880316053274787	1.6010365903829917	inconclusive	4.2924626432830415	0.029535753183896226	1	descriptive_only	descriptive_only
fixed_treatment_server|small_payload_pps|loopback|validated_operations_per_second|iouring	all_pairs	quiczigperf/tquicperf	1.6660667709761501	1.5519071589855438	1.7886240612263016	inconclusive	4.2924626432830415	0.057283077988808516	1	descriptive_only	descriptive_only
fixed_treatment_server|small_payload_pps|loopback|validated_operations_per_second|iouring	all_pairs	quiczigperf/xquicperf	6.6506663747038557	6.3208666091658916	6.9976738891272596	inconclusive	4.2924626432830415	0.041045612285358989	1	descriptive_only	descriptive_only
fixed_treatment_server|small_payload_pps|loopback|validated_operations_per_second|iouring	all_pairs	quinnperf/s2nperf	0.79548899112486071	0.75004152550453485	0.84369026711578088	inconclusive	4.2924626432830415	0.047475702995993414	1	descriptive_only	descriptive_only
fixed_treatment_server|small_payload_pps|loopback|validated_operations_per_second|iouring	all_pairs	quinnperf/tquicperf	0.85865730669715812	0.77984936100768887	0.94542921647293388	inconclusive	4.2924626432830415	0.077691072684804838	1	descriptive_only	descriptive_only
fixed_treatment_server|small_payload_pps|loopback|validated_operations_per_second|iouring	all_pairs	quinnperf/xquicperf	3.4276196947969222	3.1547817431109615	3.7240537472409603	inconclusive	4.2924626432830415	0.066939646018494017	1	descriptive_only	descriptive_only
fixed_treatment_server|small_payload_pps|loopback|validated_operations_per_second|iouring	all_pairs	s2nperf/tquicperf	1.0794081580977937	1.0248251205239893	1.1368983336126159	inconclusive	4.2924626432830415	0.041876979171581126	1	descriptive_only	descriptive_only
fixed_treatment_server|small_payload_pps|loopback|validated_operations_per_second|iouring	all_pairs	s2nperf/xquicperf	4.3088210308857926	4.0372436492717476	4.5986668849061658	inconclusive	4.2924626432830415	0.052538696787068212	1	descriptive_only	descriptive_only
fixed_treatment_server|small_payload_pps|loopback|validated_operations_per_second|iouring	all_pairs	tquicperf/xquicperf	3.991836636179487	3.6325824067475847	4.3866203008486941	inconclusive	4.2924626432830415	0.07610811082597882	1	descriptive_only	descriptive_only
fixed_treatment_server|stream_churn|loopback|validated_operations_per_second|iouring	baseline	lsperf/ngtcp2perf	2.3865175960195	2.3791535553738221	2.3939044301055206	superior	3.6260323441413025	0.0029524421473875084	0	reference_client_sensitive	invariance_supported
fixed_treatment_server|stream_churn|loopback|validated_operations_per_second|iouring	baseline	mvfstperf/ngtcp2perf	1.0937157090588947	1.090201355034063	1.0972413918939088	superior	3.6260323441413025	0.0030746712503331932	0	reference_client_sensitive	invariance_supported
fixed_treatment_server|stream_churn|loopback|validated_operations_per_second|iouring	baseline	neqoperf/ngtcp2perf	0.52776339341756318	0.52520610632541787	0.53033313222569745	inferior	3.6260323441413025	0.0046403794389560634	0	reference_client_sensitive	invariance_supported
fixed_treatment_server|stream_churn|loopback|validated_operations_per_second|iouring	baseline	noqperf/ngtcp2perf	0.46665622626409681	0.46330837702765465	0.47002826693558669	inferior	3.6260323441413025	0.006878445408059001	0	reference_client_sensitive	invariance_supported
fixed_treatment_server|stream_churn|loopback|validated_operations_per_second|iouring	baseline	picoperf/ngtcp2perf	2.1989099254039446	2.1888074550071548	2.2090590238894152	superior	3.6260323441413025	0.0043992501014428458	0	reference_client_sensitive	invariance_supported
fixed_treatment_server|stream_churn|loopback|validated_operations_per_second|iouring	baseline	quicheperf/ngtcp2perf	1.221459561026675	1.2172265286426873	1.225707314222888	superior	3.6260323441413025	0.0033165387133259321	0	reference_client_sensitive	invariance_supported
fixed_treatment_server|stream_churn|loopback|validated_operations_per_second|iouring	baseline	quiczigperf/ngtcp2perf	0.099593830054055393	0.099086174528830423	0.10010408648837306	inferior	3.6260323441413025	0.0048820794878714664	0	reference_client_sensitive	invariance_supported
fixed_treatment_server|stream_churn|loopback|validated_operations_per_second|iouring	baseline	quinnperf/ngtcp2perf	0.76024484308393447	0.75150326253114474	0.76908810680214867	inferior	3.6260323441413025	0.011048525347052947	0	reference_client_sensitive	invariance_supported
fixed_treatment_server|stream_churn|loopback|validated_operations_per_second|iouring	baseline	s2nperf/ngtcp2perf	0.83737759311073989	0.82827183996573706	0.84658345196541063	inferior	3.6260323441413025	0.010445411231546489	0	reference_client_sensitive	invariance_supported
fixed_treatment_server|stream_churn|loopback|validated_operations_per_second|iouring	baseline	tquicperf/ngtcp2perf	0.97237720159680197	0.9675893259224646	0.97718876888581385	inconclusive	3.6260323441413025	0.0047156162416704282	0	reference_client_sensitive	invariance_supported
fixed_treatment_server|stream_churn|loopback|validated_operations_per_second|iouring	baseline	xquicperf/ngtcp2perf	0.15791045957775948	0.15624780892446383	0.15959080268520176	inferior	3.6260323441413025	0.010112196786602053	0	reference_client_sensitive	invariance_supported
fixed_treatment_server|stream_churn|loopback|validated_operations_per_second|iouring	all_pairs	lsperf/mvfstperf	2.182027355237512	2.1721540063198033	2.1919455826576506	superior	4.4170196751170092	0.0035567226432920642	0	descriptive_only	descriptive_only
fixed_treatment_server|stream_churn|loopback|validated_operations_per_second|iouring	all_pairs	lsperf/neqoperf	4.5219460572387629	4.4850217229812284	4.559174382545744	superior	4.4170196751170092	0.0064302488802106279	0	descriptive_only	descriptive_only
fixed_treatment_server|stream_churn|loopback|validated_operations_per_second|iouring	all_pairs	lsperf/ngtcp2perf	2.3865175960195	2.3775501756349646	2.3955188388777633	superior	4.4170196751170092	0.0029524421473875084	0	reference_client_sensitive	invariance_supported
fixed_treatment_server|stream_churn|loopback|validated_operations_per_second|iouring	all_pairs	lsperf/noqperf	5.1140806908871888	5.0794334746535261	5.1489642385146439	superior	4.4170196751170092	0.005331352190722961	0	descriptive_only	descriptive_only
fixed_treatment_server|stream_churn|loopback|validated_operations_per_second|iouring	all_pairs	lsperf/picoperf	1.0853184882418918	1.0807020414154578	1.0899546551951362	superior	4.4170196751170092	0.0033430064268911721	0	descriptive_only	descriptive_only
fixed_treatment_server|stream_churn|loopback|validated_operations_per_second|iouring	all_pairs	lsperf/quicheperf	1.9538244835658392	1.9459904583853325	1.9616900463884057	superior	4.4170196751170092	0.0031508870357065209	0	descriptive_only	descriptive_only
fixed_treatment_server|stream_churn|loopback|validated_operations_per_second|iouring	all_pairs	lsperf/quiczigperf	23.962504451572915	23.782951983767319	24.143412473925192	superior	4.4170196751170092	0.0058986504550360705	0	descriptive_only	descriptive_only
fixed_treatment_server|stream_churn|loopback|validated_operations_per_second|iouring	all_pairs	lsperf/quinnperf	3.1391434190314103	3.096767399229055	3.1820993103006177	superior	4.4170196751170092	0.010659043568375047	0	descriptive_only	descriptive_only
fixed_treatment_server|stream_churn|loopback|validated_operations_per_second|iouring	all_pairs	lsperf/s2nperf	2.8499897963043446	2.8097396376132355	2.8908165476636754	superior	4.4170196751170092	0.01115502463233024	0	descriptive_only	descriptive_only
fixed_treatment_server|stream_churn|loopback|validated_operations_per_second|iouring	all_pairs	lsperf/tquicperf	2.4543125775680963	2.4383261880312617	2.470403778615252	superior	4.4170196751170092	0.0051250731630812438	0	descriptive_only	descriptive_only
fixed_treatment_server|stream_churn|loopback|validated_operations_per_second|iouring	all_pairs	lsperf/xquicperf	15.113106518725015	14.934065224757196	15.294294300234117	superior	4.4170196751170092	0.0093464359375594018	0	descriptive_only	descriptive_only
fixed_treatment_server|stream_churn|loopback|validated_operations_per_second|iouring	all_pairs	mvfstperf/neqoperf	2.0723599300369693	2.0588096928462352	2.0859993493063405	superior	4.4170196751170092	0.0051447788664003161	0	descriptive_only	descriptive_only
fixed_treatment_server|stream_churn|loopback|validated_operations_per_second|iouring	all_pairs	mvfstperf/ngtcp2perf	1.0937157090588947	1.0894362309609495	1.0980119976247409	superior	4.4170196751170092	0.0030746712503331932	0	reference_client_sensitive	invariance_supported
fixed_treatment_server|stream_churn|loopback|validated_operations_per_second|iouring	all_pairs	mvfstperf/noqperf	2.3437289539986197	2.3235691634075302	2.3640636553102841	superior	4.4170196751170092	0.0067750805135663242	0	descriptive_only	descriptive_only
fixed_treatment_server|stream_churn|loopback|validated_operations_per_second|iouring	all_pairs	mvfstperf/picoperf	0.497389955096945	0.49429477249418391	0.50050451916169503	inferior	4.4170196751170092	0.0048955934590164179	0	descriptive_only	descriptive_only
fixed_treatment_server|stream_churn|loopback|validated_operations_per_second|iouring	all_pairs	mvfstperf/quicheperf	0.89541704363883512	0.89099365175752243	0.89986239571671833	inferior	4.4170196751170092	0.0038838842541415054	0	descriptive_only	descriptive_only
fixed_treatment_server|stream_churn|loopback|validated_operations_per_second|iouring	all_pairs	mvfstperf/quiczigperf	10.98176170617468	10.914001669518814	11.049942433857233	superior	4.4170196751170092	0.0048540719845440771	0	descriptive_only	descriptive_only
fixed_treatment_server|stream_churn|loopback|validated_operations_per_second|iouring	all_pairs	mvfstperf/quinnperf	1.4386361433538108	1.4185444206827096	1.4590124375293407	superior	4.4170196751170092	0.011030061432884188	0	descriptive_only	descriptive_only
fixed_treatment_server|stream_churn|loopback|validated_operations_per_second|iouring	all_pairs	mvfstperf/s2nperf	1.3061201040690553	1.2897088195877422	1.3227402188337907	superior	4.4170196751170092	0.0099166178599035711	0	descriptive_only	descriptive_only
fixed_treatment_server|stream_churn|loopback|validated_operations_per_second|iouring	all_pairs	mvfstperf/tquicperf	1.1247854302454181	1.1180445513146324	1.1315669510707564	superior	4.4170196751170092	0.0047142517036218882	0	descriptive_only	descriptive_only
fixed_treatment_server|stream_churn|loopback|validated_operations_per_second|iouring	all_pairs	mvfstperf/xquicperf	6.9261764672423034	6.8242072008715224	7.0296693877135734	superior	4.4170196751170092	0.011631982087723971	0	descriptive_only	descriptive_only
fixed_treatment_server|stream_churn|loopback|validated_operations_per_second|iouring	all_pairs	neqoperf/ngtcp2perf	0.52776339341756318	0.52464990489515417	0.5308953586626185	inferior	4.4170196751170092	0.0046403794389560634	0	reference_client_sensitive	invariance_supported
fixed_treatment_server|stream_churn|loopback|validated_operations_per_second|iouring	all_pairs	neqoperf/noqperf	1.1309468591958391	1.1178628088336542	1.1441840521194615	superior	4.4170196751170092	0.0091261098683935813	0	descriptive_only	descriptive_only
fixed_treatment_server|stream_churn|loopback|validated_operations_per_second|iouring	all_pairs	neqoperf/picoperf	0.2400113744179912	0.2381222289936176	0.24191550739917339	inferior	4.4170196751170092	0.0061974020067522284	0	descriptive_only	descriptive_only
fixed_treatment_server|stream_churn|loopback|validated_operations_per_second|iouring	all_pairs	neqoperf/quicheperf	0.43207602630246839	0.42909848389515165	0.43507423007103468	inferior	4.4170196751170092	0.005423252241147934	0	descriptive_only	descriptive_only
fixed_treatment_server|stream_churn|loopback|validated_operations_per_second|iouring	all_pairs	neqoperf/quiczigperf	5.2991575194077276	5.2551475619721435	5.3435360442965827	superior	4.4170196751170092	0.0065405626036313174	0	descriptive_only	descriptive_only
fixed_treatment_server|stream_churn|loopback|validated_operations_per_second|iouring	all_pairs	neqoperf/quinnperf	0.69420187222407193	0.6836815216674702	0.70488410776999433	inferior	4.4170196751170092	0.011976156696222802	0	descriptive_only	descriptive_only
fixed_treatment_server|stream_churn|loopback|validated_operations_per_second|iouring	all_pairs	neqoperf/s2nperf	0.63025736269942034	0.62317483313705258	0.63742038688758884	inferior	4.4170196751170092	0.0088630552611440351	0	descriptive_only	descriptive_only
fixed_treatment_server|stream_churn|loopback|validated_operations_per_second|iouring	all_pairs	neqoperf/tquicperf	0.54275582824328827	0.53766118918005434	0.5478987418476402	inferior	4.4170196751170092	0.0073963339052734193	0	descriptive_only	descriptive_only
fixed_treatment_server|stream_churn|loopback|validated_operations_per_second|iouring	all_pairs	neqoperf/xquicperf	3.3421686874242669	3.2933213689679981	3.3917405208163847	superior	4.4170196751170092	0.011546938559955996	0	descriptive_only	descriptive_only
fixed_treatment_server|stream_churn|loopback|validated_operations_per_second|iouring	all_pairs	ngtcp2perf/noqperf	2.1429050845537536	2.1241927134188376	2.1617822961154727	superior	4.4170196751170092	0.0068784454080590253	0	descriptive_only	descriptive_only
fixed_treatment_server|stream_churn|loopback|validated_operations_per_second|iouring	all_pairs	ngtcp2perf/picoperf	0.45477078821966654	0.45222693279785009	0.45732895327219664	inferior	4.4170196751170092	0.0043992501014428424	0	descriptive_only	descriptive_only
fixed_treatment_server|stream_churn|loopback|validated_operations_per_second|iouring	all_pairs	ngtcp2perf/quicheperf	0.81869267874858553	0.81523784840075775	0.8221621500416979	inferior	4.4170196751170092	0.0033165387133259408	0	descriptive_only	descriptive_only
fixed_treatment_server|stream_churn|loopback|validated_operations_per_second|iouring	all_pairs	ngtcp2perf/quiczigperf	10.0407826414271	9.9784723088580876	10.10348206938313	superior	4.4170196751170092	0.0048820794878714387	0	descriptive_only	descriptive_only
fixed_treatment_server|stream_churn|loopback|validated_operations_per_second|iouring	all_pairs	ngtcp2perf/quinnperf	1.315365712897832	1.2969650270935336	1.3340274583536984	superior	4.4170196751170092	0.01104852534705293	0	descriptive_only	descriptive_only
fixed_treatment_server|stream_churn|loopback|validated_operations_per_second|iouring	all_pairs	ngtcp2perf/s2nperf	1.1942043926505614	1.1784045052240109	1.2102161228200621	superior	4.4170196751170092	0.010445411231546492	0	descriptive_only	descriptive_only
fixed_treatment_server|stream_churn|loopback|validated_operations_per_second|iouring	all_pairs	ngtcp2perf/tquicperf	1.0284074928513718	1.0222424317122798	1.034609734973829	inconclusive	4.4170196751170092	0.0047156162416704403	0	descriptive_only	descriptive_only
fixed_treatment_server|stream_churn|loopback|validated_operations_per_second|iouring	all_pairs	ngtcp2perf/xquicperf	6.3327027397293607	6.2515736767719909	6.4148846455702424	superior	4.4170196751170092	0.010112196786602074	0	descriptive_only	descriptive_only
fixed_treatment_server|stream_churn|loopback|validated_operations_per_second|iouring	all_pairs	noqperf/picoperf	0.21222161984573837	0.21065022816257797	0.21380473367059041	inferior	4.4170196751170092	0.0058286631928264306	0	descriptive_only	descriptive_only
fixed_treatment_server|stream_churn|loopback|validated_operations_per_second|iouring	all_pairs	noqperf/quicheperf	0.38204803593485936	0.37954818221309888	0.38456435467719713	inferior	4.4170196751170092	0.0051485230640473034	0	descriptive_only	descriptive_only
fixed_treatment_server|stream_churn|loopback|validated_operations_per_second|iouring	all_pairs	noqperf/quiczigperf	4.6855937361864175	4.6278360558107297	4.7440722609485864	superior	4.4170196751170092	0.0097274039358767744	0	descriptive_only	descriptive_only
fixed_treatment_server|stream_churn|loopback|validated_operations_per_second|iouring	all_pairs	noqperf/quinnperf	0.61382359973808565	0.60443449114475434	0.62335855599806889	inferior	4.4170196751170092	0.012088848684101487	0	descriptive_only	descriptive_only
fixed_treatment_server|stream_churn|loopback|validated_operations_per_second|iouring	all_pairs	noqperf/s2nperf	0.55728291526231855	0.54800786935397672	0.56671494153793744	inferior	4.4170196751170092	0.013162579217845371	0	descriptive_only	descriptive_only
fixed_treatment_server|stream_churn|loopback|validated_operations_per_second|iouring	all_pairs	noqperf/tquicperf	0.47991275967574215	0.47525573470894283	0.48461541877161662	inferior	4.4170196751170092	0.0076475672263894663	0	descriptive_only	descriptive_only
fixed_treatment_server|stream_churn|loopback|validated_operations_per_second|iouring	all_pairs	noqperf/xquicperf	2.9551951625744102	2.9176364505145562	2.9932373676518216	superior	4.4170196751170092	0.010031372287292575	0	descriptive_only	descriptive_only
fixed_treatment_server|stream_churn|loopback|validated_operations_per_second|iouring	all_pairs	picoperf/quicheperf	1.8002314571558078	1.791109275632877	1.8094000982649119	superior	4.4170196751170092	0.0039841374939869811	0	descriptive_only	descriptive_only
fixed_treatment_server|stream_churn|loopback|validated_operations_per_second|iouring	all_pairs	picoperf/quiczigperf	22.078776609057684	21.898967689318571	22.260061911066337	superior	4.4170196751170092	0.0064131586987599956	0	descriptive_only	descriptive_only
fixed_treatment_server|stream_churn|loopback|validated_operations_per_second|iouring	all_pairs	picoperf/quinnperf	2.8923707216270786	2.8542786727903016	2.9309711315424063	superior	4.4170196751170092	0.010397221033679883	0	descriptive_only	descriptive_only
fixed_treatment_server|stream_churn|loopback|validated_operations_per_second|iouring	all_pairs	picoperf/s2nperf	2.6259478919603083	2.5956281697441432	2.6566217810660078	superior	4.4170196751170092	0.0091079319134346366	0	descriptive_only	descriptive_only
fixed_treatment_server|stream_churn|loopback|validated_operations_per_second|iouring	all_pairs	picoperf/tquicperf	2.2613754433906674	2.2393645914340619	2.283602641361544	superior	4.4170196751170092	0.0076709238497596277	0	descriptive_only	descriptive_only
fixed_treatment_server|stream_churn|loopback|validated_operations_per_second|iouring	all_pairs	picoperf/xquicperf	13.925042909023643	13.782017631838503	14.069552455817222	superior	4.4170196751170092	0.0080968759742281772	0	descriptive_only	descriptive_only
fixed_treatment_server|stream_churn|loopback|validated_operations_per_second|iouring	all_pairs	quicheperf/quiczigperf	12.264409957561803	12.165309632953823	12.364317567362983	superior	4.4170196751170092	0.0063628291505904398	0	descriptive_only	descriptive_only
fixed_treatment_server|stream_churn|loopback|validated_operations_per_second|iouring	all_pairs	quicheperf/quinnperf	1.6066660262657255	1.5832005585001003	1.6304792883613255	superior	4.4170196751170092	0.011538671668215284	0	descriptive_only	descriptive_only
fixed_treatment_server|stream_churn|loopback|validated_operations_per_second|iouring	all_pairs	quicheperf/s2nperf	1.4586723732230817	1.4374170936410022	1.4802419574785308	superior	4.4170196751170092	0.011512083491475377	0	descriptive_only	descriptive_only
fixed_treatment_server|stream_churn|loopback|validated_operations_per_second|iouring	all_pairs	quicheperf/tquicperf	1.2561581647747799	1.2478615740207395	1.2645099166296774	superior	4.4170196751170092	0.0051970248601939627	0	descriptive_only	descriptive_only
fixed_treatment_server|stream_churn|loopback|validated_operations_per_second|iouring	all_pairs	quicheperf/xquicperf	7.7351403085822499	7.6371914887746284	7.8343453455890604	superior	4.4170196751170092	0.0099943975418808704	0	descriptive_only	descriptive_only
fixed_treatment_server|stream_churn|loopback|validated_operations_per_second|iouring	all_pairs	quiczigperf/quinnperf	0.13100230926927817	0.12878299088951067	0.13325987318160204	inferior	4.4170196751170092	0.013400064448647707	0	descriptive_only	descriptive_only
fixed_treatment_server|stream_churn|loopback|validated_operations_per_second|iouring	all_pairs	quiczigperf/s2nperf	0.11893538933144647	0.11730337151816252	0.12059011307473402	inferior	4.4170196751170092	0.010836073265544291	0	descriptive_only	descriptive_only
fixed_treatment_server|stream_churn|loopback|validated_operations_per_second|iouring	all_pairs	quiczigperf/tquicperf	0.10242304106935674	0.10160818070522709	0.10324443631491444	inferior	4.4170196751170092	0.006264409758972223	0	descriptive_only	descriptive_only
fixed_treatment_server|stream_churn|loopback|validated_operations_per_second|iouring	all_pairs	quiczigperf/xquicperf	0.63069812044345708	0.62020601249086227	0.64136772478768933	inferior	4.4170196751170092	0.013156494626742296	0	descriptive_only	descriptive_only
fixed_treatment_server|stream_churn|loopback|validated_operations_per_second|iouring	all_pairs	quinnperf/s2nperf	0.90788773110077137	0.89429015665372247	0.92169205503451357	inferior	4.4170196751170092	0.011834865178954546	0	descriptive_only	descriptive_only
fixed_treatment_server|stream_churn|loopback|validated_operations_per_second|iouring	all_pairs	quinnperf/tquicperf	0.78184149302913364	0.76926176591118522	0.79462693625228131	inferior	4.4170196751170092	0.012721294806279827	0	descriptive_only	descriptive_only
fixed_treatment_server|stream_churn|loopback|validated_operations_per_second|iouring	all_pairs	quinnperf/xquicperf	4.8144046006627494	4.761391755804592	4.8680076850693599	superior	4.4170196751170092	0.0086836424072778331	0	descriptive_only	descriptive_only
fixed_treatment_server|stream_churn|loopback|validated_operations_per_second|iouring	all_pairs	s2nperf/tquicperf	0.86116539110093215	0.84594593453738909	0.87665866168571782	inferior	4.4170196751170092	0.013984279436122895	0	descriptive_only	descriptive_only
fixed_treatment_server|stream_churn|loopback|validated_operations_per_second|iouring	all_pairs	s2nperf/xquicperf	5.3028633780803602	5.2183186487051474	5.3887778611533275	superior	4.4170196751170092	0.012604413344994028	0	descriptive_only	descriptive_only
fixed_treatment_server|stream_churn|loopback|validated_operations_per_second|iouring	all_pairs	tquicperf/xquicperf	6.1577757686024386	6.0552793389106947	6.2620071336310286	superior	4.4170196751170092	0.013163940244309072	0	descriptive_only	descriptive_only
fixed_treatment_server|upload|loopback|validated_body_bits_per_second|iouring	baseline	lsperf/ngtcp2perf	1.1189558241847843	1.1104020678873854	1.1275754726026244	superior	3.4427806263634086	0.0077213009173795442	0	sensitivity_unresolved	invariance_supported
fixed_treatment_server|upload|loopback|validated_body_bits_per_second|iouring	baseline	mvfstperf/ngtcp2perf	0.61666745459523253	0.61422141419015708	0.61912323597241514	inferior	3.4427806263634086	0.0039990480501493333	0	reference_client_sensitive	invariance_supported
fixed_treatment_server|upload|loopback|validated_body_bits_per_second|iouring	baseline	neqoperf/ngtcp2perf	0.4091513148563321	0.40558399306569182	0.41275001309420783	inferior	3.4427806263634086	0.0088112960384295145	0	invariance_supported	sensitivity_unresolved
fixed_treatment_server|upload|loopback|validated_body_bits_per_second|iouring	baseline	noqperf/ngtcp2perf	0.24170813185293388	0.2406734502694664	0.24274726164611443	inferior	3.4427806263634086	0.0043164621375986556	0	invariance_supported	session_sensitive
fixed_treatment_server|upload|loopback|validated_body_bits_per_second|iouring	baseline	picoperf/ngtcp2perf	1.7527476035261114	1.7388398689191389	1.7667665761403066	superior	3.4427806263634086	0.0080158029634006256	0	reference_client_sensitive	invariance_supported
fixed_treatment_server|upload|loopback|validated_body_bits_per_second|iouring	baseline	quicheperf/ngtcp2perf	0.56281743829648934	0.56078693712851879	0.56485529151694214	inferior	3.4427806263634086	0.0036366504812498728	0	sensitivity_unresolved	invariance_supported
fixed_treatment_server|upload|loopback|validated_body_bits_per_second|iouring	baseline	quiczigperf/ngtcp2perf	0.6583946463406154	0.6543519275853954	0.662462341831205	inferior	3.4427806263634086	0.006197339341214525	0	sensitivity_unresolved	sensitivity_unresolved
fixed_treatment_server|upload|loopback|validated_body_bits_per_second|iouring	baseline	quinnperf/ngtcp2perf	0.41861539269273357	0.41704135694946515	0.42019536930608553	inferior	3.4427806263634086	0.0037905169820518186	0	invariance_supported	invariance_supported
fixed_treatment_server|upload|loopback|validated_body_bits_per_second|iouring	baseline	s2nperf/ngtcp2perf	0.60012133611087903	0.59359511067005455	0.60671931352158814	inferior	3.4427806263634086	0.011002122843195428	0	reference_client_sensitive	sensitivity_unresolved
fixed_treatment_server|upload|loopback|validated_body_bits_per_second|iouring	baseline	tquicperf/ngtcp2perf	0.49682637200023871	0.49478390800553979	0.49887726726988851	inferior	3.4427806263634086	0.0041450070294832631	0	invariance_supported	invariance_supported
fixed_treatment_server|upload|loopback|validated_body_bits_per_second|iouring	baseline	xquicperf/ngtcp2perf	0.12108301967607082	0.1202368541750183	0.12193514005726459	inferior	3.4427806263634086	0.0070562713503843728	0	sensitivity_unresolved	invariance_supported
fixed_treatment_server|upload|loopback|validated_body_bits_per_second|iouring	all_pairs	lsperf/mvfstperf	1.8145206396845497	1.7966380218191282	1.8325812500102425	superior	4.1335039597085466	0.008300234010922709	0	descriptive_only	descriptive_only
fixed_treatment_server|upload|loopback|validated_body_bits_per_second|iouring	all_pairs	lsperf/neqoperf	2.7348215282595159	2.6961006486790104	2.7740985096740616	superior	4.1335039597085466	0.011950367313710771	0	descriptive_only	descriptive_only
fixed_treatment_server|upload|loopback|validated_body_bits_per_second|iouring	all_pairs	lsperf/ngtcp2perf	1.1189558241847843	1.1086938236264723	1.1293128091772247	superior	4.1335039597085466	0.0077213009173795442	0	sensitivity_unresolved	invariance_supported
fixed_treatment_server|upload|loopback|validated_body_bits_per_second|iouring	all_pairs	lsperf/noqperf	4.6293677238199304	4.5772169824766209	4.682112647137366	superior	4.1335039597085466	0.0094944287330702652	0	descriptive_only	descriptive_only
fixed_treatment_server|upload|loopback|validated_body_bits_per_second|iouring	all_pairs	lsperf/picoperf	0.63840100076800066	0.62914691790337307	0.64779120136161716	inferior	4.1335039597085466	0.012237113116748806	0	descriptive_only	descriptive_only
fixed_treatment_server|upload|loopback|validated_body_bits_per_second|iouring	all_pairs	lsperf/quicheperf	1.9881328261107007	1.9682908972962057	2.0081747772591001	superior	4.1335039597085466	0.0084059536631038677	0	descriptive_only	descriptive_only
fixed_treatment_server|upload|loopback|validated_body_bits_per_second|iouring	all_pairs	lsperf/quiczigperf	1.6995214502487026	1.6874355149971898	1.7116939487078788	superior	4.1335039597085466	0.0059810122066560551	0	descriptive_only	descriptive_only
fixed_treatment_server|upload|loopback|validated_body_bits_per_second|iouring	all_pairs	lsperf/quinnperf	2.6729925457043695	2.6439789046835966	2.7023245672401273	superior	4.1335039597085466	0.0091462796582039742	0	descriptive_only	descriptive_only
fixed_treatment_server|upload|loopback|validated_body_bits_per_second|iouring	all_pairs	lsperf/s2nperf	1.8645493117045997	1.8325759289717554	1.89708054155702	superior	4.1335039597085466	0.014495643910041756	0	descriptive_only	descriptive_only
fixed_treatment_server|upload|loopback|validated_body_bits_per_second|iouring	all_pairs	lsperf/tquicperf	2.2522069826523756	2.2296997974984976	2.2749413613433025	superior	4.1335039597085466	0.0084171346707851737	0	descriptive_only	descriptive_only
fixed_treatment_server|upload|loopback|validated_body_bits_per_second|iouring	all_pairs	lsperf/xquicperf	9.2412282678305182	9.1033033295594645	9.3812429188034763	superior	4.1335039597085466	0.012602207189710314	0	descriptive_only	descriptive_only
fixed_treatment_server|upload|loopback|validated_body_bits_per_second|iouring	all_pairs	mvfstperf/neqoperf	1.5071867844583779	1.4878966370967444	1.5267270229728214	superior	4.1335039597085466	0.010795304278372117	0	descriptive_only	descriptive_only
fixed_treatment_server|upload|loopback|validated_body_bits_per_second|iouring	all_pairs	mvfstperf/ngtcp2perf	0.61666745459523253	0.61373183613714799	0.61961711478168113	inferior	4.1335039597085466	0.0039990480501493333	0	reference_client_sensitive	invariance_supported
fixed_treatment_server|upload|loopback|validated_body_bits_per_second|iouring	all_pairs	mvfstperf/noqperf	2.5512896478403988	2.5351277515693575	2.5675545791126999	superior	4.1335039597085466	0.0053257900404707044	0	descriptive_only	descriptive_only
fixed_treatment_server|upload|loopback|validated_body_bits_per_second|iouring	all_pairs	mvfstperf/picoperf	0.35182901026630653	0.34820335089265808	0.3554924217347008	inferior	4.1335039597085466	0.0086811053604915703	0	descriptive_only	descriptive_only
fixed_treatment_server|upload|loopback|validated_body_bits_per_second|iouring	all_pairs	mvfstperf/quicheperf	1.09567936711722	1.0901273384722365	1.1012596722955836	superior	4.1335039597085466	0.0042573870899271114	0	descriptive_only	descriptive_only
fixed_treatment_server|upload|loopback|validated_body_bits_per_second|iouring	all_pairs	mvfstperf/quiczigperf	0.93662282648058515	0.92814057416373807	0.94518259787845249	inferior	4.1335039597085466	0.0076241723669447743	0	descriptive_only	descriptive_only
fixed_treatment_server|upload|loopback|validated_body_bits_per_second|iouring	all_pairs	mvfstperf/quinnperf	1.4731122298884753	1.4650207473462931	1.4812484026439865	superior	4.1335039597085466	0.0046159384840446897	0	descriptive_only	descriptive_only
fixed_treatment_server|upload|loopback|validated_body_bits_per_second|iouring	all_pairs	mvfstperf/s2nperf	1.0275712884857278	1.0118823925486746	1.043503435474026	inconclusive	4.1335039597085466	0.012894050411158552	0	descriptive_only	descriptive_only
fixed_treatment_server|upload|loopback|validated_body_bits_per_second|iouring	all_pairs	mvfstperf/tquicperf	1.2412132071663382	1.2348696367927621	1.2475893646923435	superior	4.1335039597085466	0.0042940965193626951	0	descriptive_only	descriptive_only
fixed_treatment_server|upload|loopback|validated_body_bits_per_second|iouring	all_pairs	mvfstperf/xquicperf	5.0929309183482658	5.0390460963047543	5.1473919554116767	superior	4.1335039597085466	0.0089141227950443411	0	descriptive_only	descriptive_only
fixed_treatment_server|upload|loopback|validated_body_bits_per_second|iouring	all_pairs	neqoperf/ngtcp2perf	0.4091513148563321	0.40487203789600473	0.41347582144377409	inferior	4.1335039597085466	0.0088112960384295145	0	invariance_supported	sensitivity_unresolved
fixed_treatment_server|upload|loopback|validated_body_bits_per_second|iouring	all_pairs	neqoperf/noqperf	1.692749481450124	1.6778714147806186	1.7077594753137353	superior	4.1335039597085466	0.0073984658391020109	0	descriptive_only	descriptive_only
fixed_treatment_server|upload|loopback|validated_body_bits_per_second|iouring	all_pairs	neqoperf/picoperf	0.23343424577116348	0.23032479471143155	0.23658567531569111	inferior	4.1335039597085466	0.011238286662413274	0	descriptive_only	descriptive_only
fixed_treatment_server|upload|loopback|validated_body_bits_per_second|iouring	all_pairs	neqoperf/quicheperf	0.72696986094590987	0.71928627219985608	0.73473552763269512	inferior	4.1335039597085466	0.0089048220442334292	0	descriptive_only	descriptive_only
fixed_treatment_server|upload|loopback|validated_body_bits_per_second|iouring	all_pairs	neqoperf/quiczigperf	0.62143779134659116	0.61271808567168273	0.63028158878382079	inferior	4.1335039597085466	0.011842442852847029	0	descriptive_only	descriptive_only
fixed_treatment_server|upload|loopback|validated_body_bits_per_second|iouring	all_pairs	neqoperf/quinnperf	0.97739194974287957	0.96468710352478504	0.99026411769341527	inconclusive	4.1335039597085466	0.010965058795015135	0	descriptive_only	descriptive_only
fixed_treatment_server|upload|loopback|validated_body_bits_per_second|iouring	all_pairs	neqoperf/s2nperf	0.68178098367216999	0.67404830721986009	0.68960236932302799	inferior	4.1335039597085466	0.0095594255790021204	0	descriptive_only	descriptive_only
fixed_treatment_server|upload|loopback|validated_body_bits_per_second|iouring	all_pairs	neqoperf/tquicperf	0.82352978407542232	0.81237669733600393	0.83483599109047757	inferior	4.1335039597085466	0.011427351764318089	0	descriptive_only	descriptive_only
fixed_treatment_server|upload|loopback|validated_body_bits_per_second|iouring	all_pairs	neqoperf/xquicperf	3.3790973825307651	3.3374868895473004	3.4212266590131999	superior	4.1335039597085466	0.010383940953223699	0	descriptive_only	descriptive_only
fixed_treatment_server|upload|loopback|validated_body_bits_per_second|iouring	all_pairs	ngtcp2perf/noqperf	4.1372211697389023	4.1159668868787316	4.1585852067716198	superior	4.1335039597085466	0.0043164621375986669	0	descriptive_only	descriptive_only
fixed_treatment_server|upload|loopback|validated_body_bits_per_second|iouring	all_pairs	ngtcp2perf/picoperf	0.57053280117926719	0.56510179774815061	0.57601600015884313	inferior	4.1335039597085466	0.0080158029634006343	0	descriptive_only	descriptive_only
fixed_treatment_server|upload|loopback|validated_body_bits_per_second|iouring	all_pairs	ngtcp2perf/quicheperf	1.7767750818573695	1.7690816554171434	1.7845019656624439	superior	4.1335039597085466	0.0036366504812498463	0	descriptive_only	descriptive_only
fixed_treatment_server|upload|loopback|validated_body_bits_per_second|iouring	all_pairs	ngtcp2perf/quiczigperf	1.5188458860624721	1.5076555810036667	1.5301192491677484	superior	4.1335039597085466	0.0061973393412145458	0	descriptive_only	descriptive_only
fixed_treatment_server|upload|loopback|validated_body_bits_per_second|iouring	all_pairs	ngtcp2perf/quinnperf	2.3888275908048286	2.3780473316260284	2.399656719485264	superior	4.1335039597085466	0.0037905169820518026	0	descriptive_only	descriptive_only
fixed_treatment_server|upload|loopback|validated_body_bits_per_second|iouring	all_pairs	ngtcp2perf/s2nperf	1.6663296900599431	1.6445967976591442	1.6883497766306304	superior	4.1335039597085466	0.011002122843195456	0	descriptive_only	descriptive_only
fixed_treatment_server|upload|loopback|validated_body_bits_per_second|iouring	all_pairs	ngtcp2perf/tquicperf	2.0127756020155863	2.0028450177488857	2.0227554244924346	superior	4.1335039597085466	0.0041450070294832119	0	descriptive_only	descriptive_only
fixed_treatment_server|upload|loopback|validated_body_bits_per_second|iouring	all_pairs	ngtcp2perf/xquicperf	8.2587963421730404	8.189550658673129	8.3286275235693843	superior	4.1335039597085466	0.0070562713503843476	0	descriptive_only	descriptive_only
fixed_treatment_server|upload|loopback|validated_body_bits_per_second|iouring	all_pairs	noqperf/picoperf	0.13790241753386204	0.1363291111015047	0.13949388071286065	inferior	4.1335039597085466	0.0096161883105816137	0	descriptive_only	descriptive_only
fixed_treatment_server|upload|loopback|validated_body_bits_per_second|iouring	all_pairs	noqperf/quicheperf	0.4294609857585886	0.42688883807791167	0.43204863148723743	inferior	4.1335039597085466	0.0050344062062592423	0	descriptive_only	descriptive_only
fixed_treatment_server|upload|loopback|validated_body_bits_per_second|iouring	all_pairs	noqperf/quiczigperf	0.36711740169267426	0.36299405769048815	0.37128758383284122	inferior	4.1335039597085466	0.0094660170354933151	0	descriptive_only	descriptive_only
fixed_treatment_server|upload|loopback|validated_body_bits_per_second|iouring	all_pairs	noqperf/quinnperf	0.57739905429217997	0.57384445765342462	0.58097566936658573	inferior	4.1335039597085466	0.0051751956252544988	0	descriptive_only	descriptive_only
fixed_treatment_server|upload|loopback|validated_body_bits_per_second|iouring	all_pairs	noqperf/s2nperf	0.40276543643546725	0.39852229063428957	0.40705375985082903	inferior	4.1335039597085466	0.0088757647795711814	0	descriptive_only	descriptive_only
fixed_treatment_server|upload|loopback|validated_body_bits_per_second|iouring	all_pairs	noqperf/tquicperf	0.48650423060235171	0.48329410457281619	0.48973567886410152	inferior	4.1335039597085466	0.0055481027526228174	0	descriptive_only	descriptive_only
fixed_treatment_server|upload|loopback|validated_body_bits_per_second|iouring	all_pairs	noqperf/xquicperf	1.9962182352204898	1.9789543180368701	2.0136327586277125	superior	4.1335039597085466	0.007279278742937545	0	descriptive_only	descriptive_only
fixed_treatment_server|upload|loopback|validated_body_bits_per_second|iouring	all_pairs	picoperf/quicheperf	3.1142382667304158	3.0862912993902203	3.1424382992895907	superior	4.1335039597085466	0.0075545935980011027	0	descriptive_only	descriptive_only
fixed_treatment_server|upload|loopback|validated_body_bits_per_second|iouring	all_pairs	picoperf/quiczigperf	2.6621534869214916	2.6361921594129378	2.6883704826382977	superior	4.1335039597085466	0.0082128207753152955	0	descriptive_only	descriptive_only
fixed_treatment_server|upload|loopback|validated_body_bits_per_second|iouring	all_pairs	picoperf/quinnperf	4.1870118350202175	4.1439594678213529	4.2305114812853519	superior	4.1335039597085466	0.0086617874819222614	0	descriptive_only	descriptive_only
fixed_treatment_server|upload|loopback|validated_body_bits_per_second|iouring	all_pairs	picoperf/s2nperf	2.9206553709369731	2.8704487958753431	2.9717401014226059	superior	4.1335039597085466	0.014531564074252072	0	descriptive_only	descriptive_only
fixed_treatment_server|upload|loopback|validated_body_bits_per_second|iouring	all_pairs	picoperf/tquicperf	3.5278876128686449	3.4926186050796906	3.5635127726029068	superior	4.1335039597085466	0.0084203613260838018	0	descriptive_only	descriptive_only
fixed_treatment_server|upload|loopback|validated_body_bits_per_second|iouring	all_pairs	picoperf/xquicperf	14.475585496754016	14.303399327210467	14.649844465658321	superior	4.1335039597085466	0.010028367426003772	0	descriptive_only	descriptive_only
fixed_treatment_server|upload|loopback|validated_body_bits_per_second|iouring	all_pairs	quicheperf/quiczigperf	0.85483295076084209	0.84796591029566393	0.86175560224077663	inferior	4.1335039597085466	0.0067594423847545555	0	descriptive_only	descriptive_only
fixed_treatment_server|upload|loopback|validated_body_bits_per_second|iouring	all_pairs	quicheperf/quinnperf	1.3444738251887478	1.3367118559127957	1.3522808663826114	superior	4.1335039597085466	0.0048523095869554556	0	descriptive_only	descriptive_only
fixed_treatment_server|upload|loopback|validated_body_bits_per_second|iouring	all_pairs	quicheperf/s2nperf	0.93783940751692019	0.9245462953774064	0.95132364781436107	inferior	4.1335039597085466	0.011963731992279651	0	descriptive_only	descriptive_only
fixed_treatment_server|upload|loopback|validated_body_bits_per_second|iouring	all_pairs	quicheperf/tquicperf	1.1328252081920862	1.126777407104949	1.1389054699034418	superior	4.1335039597085466	0.0044860977015795129	0	descriptive_only	descriptive_only
fixed_treatment_server|upload|loopback|validated_body_bits_per_second|iouring	all_pairs	quicheperf/xquicperf	4.6481946007142465	4.6075000351190001	4.6892485906516228	superior	4.1335039597085466	0.007369405567038417	0	descriptive_only	descriptive_only
fixed_treatment_server|upload|loopback|validated_body_bits_per_second|iouring	all_pairs	quiczigperf/quinnperf	1.5727912968166495	1.5590019727018183	1.5867025870757661	superior	4.1335039597085466	0.0073799761866593884	0	descriptive_only	descriptive_only
fixed_treatment_server|upload|loopback|validated_body_bits_per_second|iouring	all_pairs	quiczigperf/s2nperf	1.0971025469738835	1.0782862523213663	1.1162471894502632	superior	4.1335039597085466	0.014498073893486825	0	descriptive_only	descriptive_only
fixed_treatment_server|upload|loopback|validated_body_bits_per_second|iouring	all_pairs	quiczigperf/tquicperf	1.3252006806520711	1.3140606744645582	1.3364351267237304	superior	4.1335039597085466	0.0070746974693148383	0	descriptive_only	descriptive_only
fixed_treatment_server|upload|loopback|validated_body_bits_per_second|iouring	all_pairs	quiczigperf/xquicperf	5.4375472969041878	5.3696953592379559	5.506256617557173	superior	4.1335039597085466	0.010523381590625391	0	descriptive_only	descriptive_only
fixed_treatment_server|upload|loopback|validated_body_bits_per_second|iouring	all_pairs	quinnperf/s2nperf	0.69755125756000413	0.68895473395443607	0.70625504542323525	inferior	4.1335039597085466	0.010392234433282152	0	descriptive_only	descriptive_only
fixed_treatment_server|upload|loopback|validated_body_bits_per_second|iouring	all_pairs	quinnperf/tquicperf	0.84257884904010782	0.84030951716190039	0.84485430945437034	inferior	4.1335039597085466	0.0022601914600679151	0	descriptive_only	descriptive_only
fixed_treatment_server|upload|loopback|validated_body_bits_per_second|iouring	all_pairs	quinnperf/xquicperf	3.4572592739480794	3.4294706483261455	3.4852730677645081	superior	4.1335039597085466	0.0067632997228006956	0	descriptive_only	descriptive_only
fixed_treatment_server|upload|loopback|validated_body_bits_per_second|iouring	all_pairs	s2nperf/tquicperf	1.2079095835729723	1.1914353756583074	1.2246115835542155	superior	4.1335039597085466	0.01150855867812723	0	descriptive_only	descriptive_only
fixed_treatment_server|upload|loopback|validated_body_bits_per_second|iouring	all_pairs	s2nperf/xquicperf	4.9562798955325258	4.8975820521567899	5.0156812364260714	superior	4.1335039597085466	0.0099844252321388827	0	descriptive_only	descriptive_only
fixed_treatment_server|upload|loopback|validated_body_bits_per_second|iouring	all_pairs	tquicperf/xquicperf	4.103187823770674	4.0632775450853504	4.143490108743304	superior	4.1335039597085466	0.0081913664291245452	0	descriptive_only	descriptive_only
fixed_treatment_server|zero_rtt_reqresp|loopback|validated_operations_per_second|iouring	baseline	lsperf/ngtcp2perf	1.2790996096948231	1.2723186258902439	1.2859167336143251	superior	3.2193955116893265	0.0057195038795893717	0	reference_client_sensitive	invariance_supported
fixed_treatment_server|zero_rtt_reqresp|loopback|validated_operations_per_second|iouring	baseline	mvfstperf/ngtcp2perf	0.068156417337578143	0.067806403870597554	0.068508237557609694	inferior	3.2193955116893265	0.0055400263541551436	0	reference_client_sensitive	invariance_supported
fixed_treatment_server|zero_rtt_reqresp|loopback|validated_operations_per_second|iouring	baseline	neqoperf/ngtcp2perf	0.22030658366747291	0.21907549342259339	0.22154459199874979	inferior	3.2193955116893265	0.0060296898429020411	0	reference_client_sensitive	invariance_supported
fixed_treatment_server|zero_rtt_reqresp|loopback|validated_operations_per_second|iouring	baseline	noqperf/ngtcp2perf	0.078882832928278315	0.078026977550362198	0.079748075936612831	inferior	3.2193955116893265	0.011738183042377249	0	invariance_supported	invariance_supported
fixed_treatment_server|zero_rtt_reqresp|loopback|validated_operations_per_second|iouring	baseline	picoperf/ngtcp2perf	0.98431842643057277	0.98049950832284494	0.98815221872782311	equivalent	3.2193955116893265	0.004182778462824127	0	reference_client_sensitive	invariance_supported
fixed_treatment_server|zero_rtt_reqresp|loopback|validated_operations_per_second|iouring	baseline	quicheperf/ngtcp2perf	0.40973754182740812	0.40848009899921839	0.41099885549892667	inferior	3.2193955116893265	0.0033072424667391896	0	reference_client_sensitive	invariance_supported
fixed_treatment_server|zero_rtt_reqresp|loopback|validated_operations_per_second|iouring	baseline	quiczigperf/ngtcp2perf	0.44201350719144744	0.43921372862568864	0.44483113301357918	inferior	3.2193955116893265	0.0068372824143127378	0	reference_client_sensitive	invariance_supported
fixed_treatment_server|zero_rtt_reqresp|loopback|validated_operations_per_second|iouring	baseline	quinnperf/ngtcp2perf	0.10567297715656494	0.1035415668701232	0.10784826267057444	inconclusive	3.2193955116893265	0.021924843157728736	1	sensitivity_unresolved	sensitivity_unresolved
fixed_treatment_server|zero_rtt_reqresp|loopback|validated_operations_per_second|iouring	baseline	s2nperf/ngtcp2perf	0.40805943783512866	0.40469399026320046	0.41145287257175883	inferior	3.2193955116893265	0.0089111301352797125	0	reference_client_sensitive	invariance_supported
fixed_treatment_server|zero_rtt_reqresp|loopback|validated_operations_per_second|iouring	baseline	tquicperf/ngtcp2perf	0.45115220850918064	0.44749733241949435	0.45483693532257674	inferior	3.2193955116893265	0.008752477036723957	0	sensitivity_unresolved	invariance_supported
fixed_treatment_server|zero_rtt_reqresp|loopback|validated_operations_per_second|iouring	baseline	xquicperf/ngtcp2perf	0.065931175003228953	0.065509932132257684	0.066355126555930885	inferior	3.2193955116893265	0.006896823736718371	0	reference_client_sensitive	invariance_supported
fixed_treatment_server|zero_rtt_reqresp|loopback|validated_operations_per_second|iouring	all_pairs	lsperf/mvfstperf	18.767119218714999	18.635746053149862	18.899418502750596	superior	4.0854487374988162	0.0059564079005578717	0	descriptive_only	descriptive_only
fixed_treatment_server|zero_rtt_reqresp|loopback|validated_operations_per_second|iouring	all_pairs	lsperf/neqoperf	5.8059981159050373	5.7583066092868158	5.8540846136131472	superior	4.0854487374988162	0.0069936650824032748	0	descriptive_only	descriptive_only
fixed_treatment_server|zero_rtt_reqresp|loopback|validated_operations_per_second|iouring	all_pairs	lsperf/ngtcp2perf	1.2790996096948231	1.2705006097356923	1.2877568093901293	superior	4.0854487374988162	0.0057195038795893717	0	reference_client_sensitive	invariance_supported
fixed_treatment_server|zero_rtt_reqresp|loopback|validated_operations_per_second|iouring	all_pairs	lsperf/noqperf	16.215183484317858	16.023136979470852	16.409531776890404	superior	4.0854487374988162	0.010102293691362198	0	descriptive_only	descriptive_only
fixed_treatment_server|zero_rtt_reqresp|loopback|validated_operations_per_second|iouring	all_pairs	lsperf/picoperf	1.2994774611029212	1.2918150693779673	1.3071853022488784	superior	4.0854487374988162	0.0050145276051664434	0	descriptive_only	descriptive_only
fixed_treatment_server|zero_rtt_reqresp|loopback|validated_operations_per_second|iouring	all_pairs	lsperf/quicheperf	3.1217535107720553	3.1018747596095215	3.1417596573900499	superior	4.0854487374988162	0.0054166126860848585	0	descriptive_only	descriptive_only
fixed_treatment_server|zero_rtt_reqresp|loopback|validated_operations_per_second|iouring	all_pairs	lsperf/quiczigperf	2.8938020872308141	2.8753512642194896	2.9123713072095048	superior	4.0854487374988162	0.0054235792885890203	0	descriptive_only	descriptive_only
fixed_treatment_server|zero_rtt_reqresp|loopback|validated_operations_per_second|iouring	all_pairs	lsperf/quinnperf	12.104320746066525	11.796455713588303	12.420220469686225	inconclusive	4.0854487374988162	0.021845059320787105	1	descriptive_only	descriptive_only
fixed_treatment_server|zero_rtt_reqresp|loopback|validated_operations_per_second|iouring	all_pairs	lsperf/s2nperf	3.1345914126648071	3.1137305012915064	3.155592084888684	superior	4.0854487374988162	0.0056617716370989902	0	descriptive_only	descriptive_only
fixed_treatment_server|zero_rtt_reqresp|loopback|validated_operations_per_second|iouring	all_pairs	lsperf/tquicperf	2.8351841918752223	2.8096391592811272	2.8609614780268884	superior	4.0854487374988162	0.0076743203373325353	0	descriptive_only	descriptive_only
fixed_treatment_server|zero_rtt_reqresp|loopback|validated_operations_per_second|iouring	all_pairs	lsperf/xquicperf	19.400528045073965	19.162433828324883	19.641580594598377	superior	4.0854487374988162	0.010470437659274398	0	descriptive_only	descriptive_only
fixed_treatment_server|zero_rtt_reqresp|loopback|validated_operations_per_second|iouring	all_pairs	mvfstperf/neqoperf	0.30937076960193033	0.30714931172367282	0.3116082941777728	inferior	4.0854487374988162	0.0061104555403844255	0	descriptive_only	descriptive_only
fixed_treatment_server|zero_rtt_reqresp|loopback|validated_operations_per_second|iouring	all_pairs	mvfstperf/ngtcp2perf	0.068156417337578143	0.067712553546204521	0.068603190708564021	inferior	4.0854487374988162	0.0055400263541551436	0	reference_client_sensitive	invariance_supported
fixed_treatment_server|zero_rtt_reqresp|loopback|validated_operations_per_second|iouring	all_pairs	mvfstperf/noqperf	0.86402091313768081	0.85278004671018082	0.87540995033738456	inferior	4.0854487374988162	0.011103679028256888	0	descriptive_only	descriptive_only
fixed_treatment_server|zero_rtt_reqresp|loopback|validated_operations_per_second|iouring	all_pairs	mvfstperf/picoperf	0.069242244691825286	0.068789175228000835	0.069698298228919542	inferior	4.0854487374988162	0.0055663338420829647	0	descriptive_only	descriptive_only
fixed_treatment_server|zero_rtt_reqresp|loopback|validated_operations_per_second|iouring	all_pairs	mvfstperf/quicheperf	0.16634164649303079	0.1653202394394496	0.16736936416152912	inferior	4.0854487374988162	0.0052225849498522105	0	descriptive_only	descriptive_only
fixed_treatment_server|zero_rtt_reqresp|loopback|validated_operations_per_second|iouring	all_pairs	mvfstperf/quiczigperf	0.1541953271307111	0.15340427867932649	0.15499045472289819	inferior	4.0854487374988162	0.0043611308837291094	0	descriptive_only	descriptive_only
fixed_treatment_server|zero_rtt_reqresp|loopback|validated_operations_per_second|iouring	all_pairs	mvfstperf/quinnperf	0.64497489492131632	0.62821796514763295	0.66217879487257847	inconclusive	4.0854487374988162	0.022320616537423614	1	descriptive_only	descriptive_only
fixed_treatment_server|zero_rtt_reqresp|loopback|validated_operations_per_second|iouring	all_pairs	mvfstperf/s2nperf	0.16702571002687092	0.16506007687713853	0.16901475110026618	inferior	4.0854487374988162	0.010037789973434727	0	descriptive_only	descriptive_only
fixed_treatment_server|zero_rtt_reqresp|loopback|validated_operations_per_second|iouring	all_pairs	mvfstperf/tquicperf	0.15107189115354006	0.14949255814553766	0.15266790922453896	inferior	4.0854487374988162	0.0089108873085329918	0	descriptive_only	descriptive_only
fixed_treatment_server|zero_rtt_reqresp|loopback|validated_operations_per_second|iouring	all_pairs	mvfstperf/xquicperf	1.0337509885761966	1.0235579264429138	1.0440455579256016	inconclusive	4.0854487374988162	0.0084021333577155022	0	descriptive_only	descriptive_only
fixed_treatment_server|zero_rtt_reqresp|loopback|validated_operations_per_second|iouring	all_pairs	neqoperf/ngtcp2perf	0.22030658366747291	0.21874549228995319	0.22187881587474623	inferior	4.0854487374988162	0.0060296898429020411	0	reference_client_sensitive	invariance_supported
fixed_treatment_server|zero_rtt_reqresp|loopback|validated_operations_per_second|iouring	all_pairs	neqoperf/noqperf	2.7928330599863163	2.7509625453201627	2.8353408570470955	superior	4.0854487374988162	0.012808261935182466	0	descriptive_only	descriptive_only
fixed_treatment_server|zero_rtt_reqresp|loopback|validated_operations_per_second|iouring	all_pairs	neqoperf/picoperf	0.22381637664385612	0.2221003394677111	0.2255456726182406	inferior	4.0854487374988162	0.0065261332385477648	0	descriptive_only	descriptive_only
fixed_treatment_server|zero_rtt_reqresp|loopback|validated_operations_per_second|iouring	all_pairs	neqoperf/quicheperf	0.53767732066951202	0.53390430782080189	0.54147699677182015	inferior	4.0854487374988162	0.0059709807726053598	0	descriptive_only	descriptive_only
fixed_treatment_server|zero_rtt_reqresp|loopback|validated_operations_per_second|iouring	all_pairs	neqoperf/quiczigperf	0.49841595354698615	0.49558628310483627	0.50126178068088501	inferior	4.0854487374988162	0.0048275916009127553	0	descriptive_only	descriptive_only
fixed_treatment_server|zero_rtt_reqresp|loopback|validated_operations_per_second|iouring	all_pairs	neqoperf/quinnperf	2.0847958446468948	2.0236464111462267	2.1477930580743614	inconclusive	4.0854487374988162	0.025242256557805841	1	descriptive_only	descriptive_only
fixed_treatment_server|zero_rtt_reqresp|loopback|validated_operations_per_second|iouring	all_pairs	neqoperf/s2nperf	0.53988846535755164	0.53282031982751676	0.54705037360528819	inferior	4.0854487374988162	0.011174054463591706	0	descriptive_only	descriptive_only
fixed_treatment_server|zero_rtt_reqresp|loopback|validated_operations_per_second|iouring	all_pairs	neqoperf/tquicperf	0.4883198608191891	0.48401074100010838	0.49266734448444571	inferior	4.0854487374988162	0.0075155074954705477	0	descriptive_only	descriptive_only
fixed_treatment_server|zero_rtt_reqresp|loopback|validated_operations_per_second|iouring	all_pairs	neqoperf/xquicperf	3.3414630280240494	3.310427170673655	3.3727898521868256	superior	4.0854487374988162	0.0079122988043035976	0	descriptive_only	descriptive_only
fixed_treatment_server|zero_rtt_reqresp|loopback|validated_operations_per_second|iouring	all_pairs	ngtcp2perf/noqperf	12.677029499044714	12.502742543949338	12.853745996507268	superior	4.0854487374988162	0.011738183042377226	0	descriptive_only	descriptive_only
fixed_treatment_server|zero_rtt_reqresp|loopback|validated_operations_per_second|iouring	all_pairs	ngtcp2perf/picoperf	1.0159314030382356	1.0109321210243125	1.0209554076028966	equivalent	4.0854487374988162	0.0041827784628241192	0	descriptive_only	descriptive_only
fixed_treatment_server|zero_rtt_reqresp|loopback|validated_operations_per_second|iouring	all_pairs	ngtcp2perf/quicheperf	2.4405867120207048	2.431085856294763	2.4501246977637918	superior	4.0854487374988162	0.0033072424667392047	0	descriptive_only	descriptive_only
fixed_treatment_server|zero_rtt_reqresp|loopback|validated_operations_per_second|iouring	all_pairs	ngtcp2perf/quiczigperf	2.2623743024370389	2.2442046218072593	2.2806910896590518	superior	4.0854487374988162	0.0068372824143127517	0	descriptive_only	descriptive_only
fixed_treatment_server|zero_rtt_reqresp|loopback|validated_operations_per_second|iouring	all_pairs	ngtcp2perf/quinnperf	9.4631572508684165	9.2216006441241607	9.7110413485238052	inconclusive	4.0854487374988162	0.021924843157728711	1	descriptive_only	descriptive_only
fixed_treatment_server|zero_rtt_reqresp|loopback|validated_operations_per_second|iouring	all_pairs	ngtcp2perf/s2nperf	2.4506233829691193	2.4250034262362163	2.4765140123847464	superior	4.0854487374988162	0.0089111301352797056	0	descriptive_only	descriptive_only
fixed_treatment_server|zero_rtt_reqresp|loopback|validated_operations_per_second|iouring	all_pairs	ngtcp2perf/tquicperf	2.2165468352786544	2.1937844649289122	2.2395453844838049	superior	4.0854487374988162	0.0087524770367239726	0	descriptive_only	descriptive_only
fixed_treatment_server|zero_rtt_reqresp|loopback|validated_operations_per_second|iouring	all_pairs	ngtcp2perf/xquicperf	15.167331690221285	15.044462668862222	15.291204190185205	superior	4.0854487374988162	0.006896823736718371	0	descriptive_only	descriptive_only
fixed_treatment_server|zero_rtt_reqresp|loopback|validated_operations_per_second|iouring	all_pairs	noqperf/picoperf	0.08013954713245651	0.079056801487138367	0.081237121838783996	inferior	4.0854487374988162	0.01153402512605611	0	descriptive_only	descriptive_only
fixed_treatment_server|zero_rtt_reqresp|loopback|validated_operations_per_second|iouring	all_pairs	noqperf/quicheperf	0.19252039385130537	0.18978231842791823	0.19529797272836646	inferior	4.0854487374988162	0.012145805075746315	0	descriptive_only	descriptive_only
fixed_treatment_server|zero_rtt_reqresp|loopback|validated_operations_per_second|iouring	all_pairs	noqperf/quiczigperf	0.17846249412037116	0.17632759468791961	0.18062324200606536	inferior	4.0854487374988162	0.010204507227110608	0	descriptive_only	descriptive_only
fixed_treatment_server|zero_rtt_reqresp|loopback|validated_operations_per_second|iouring	all_pairs	noqperf/quinnperf	0.74648065239427863	0.72738571993902434	0.76607685458232511	inconclusive	4.0854487374988162	0.021971776364373294	1	descriptive_only	descriptive_only
fixed_treatment_server|zero_rtt_reqresp|loopback|validated_operations_per_second|iouring	all_pairs	noqperf/s2nperf	0.19331211488888522	0.19083717265790218	0.19581915432064623	inferior	4.0854487374988162	0.010925766037052724	0	descriptive_only	descriptive_only
fixed_treatment_server|zero_rtt_reqresp|loopback|validated_operations_per_second|iouring	all_pairs	noqperf/tquicperf	0.17484749368499014	0.17197353089187101	0.17776948516074079	inferior	4.0854487374988162	0.014052918209155742	0	descriptive_only	descriptive_only
fixed_treatment_server|zero_rtt_reqresp|loopback|validated_operations_per_second|iouring	all_pairs	noqperf/xquicperf	1.1964420916875069	1.1772770558676178	1.2159191174473571	superior	4.0854487374988162	0.013692116713590651	0	descriptive_only	descriptive_only
fixed_treatment_server|zero_rtt_reqresp|loopback|validated_operations_per_second|iouring	all_pairs	picoperf/quicheperf	2.4023144719435856	2.3964390541643126	2.4082042946517142	superior	4.0854487374988162	0.0020763060960402773	0	descriptive_only	descriptive_only
fixed_treatment_server|zero_rtt_reqresp|loopback|validated_operations_per_second|iouring	all_pairs	picoperf/quiczigperf	2.226896713371791	2.2128228406889621	2.241060097916415	superior	4.0854487374988162	0.0053757663953466952	0	descriptive_only	descriptive_only
fixed_treatment_server|zero_rtt_reqresp|loopback|validated_operations_per_second|iouring	all_pairs	picoperf/quinnperf	9.3147600542398603	9.0679194737061941	9.5683199569261852	inconclusive	4.0854487374988162	0.022772709210505938	1	descriptive_only	descriptive_only
fixed_treatment_server|zero_rtt_reqresp|loopback|validated_operations_per_second|iouring	all_pairs	picoperf/s2nperf	2.4121937520981303	2.3930237271895551	2.4315173441656182	superior	4.0854487374988162	0.006765389206073948	0	descriptive_only	descriptive_only
fixed_treatment_server|zero_rtt_reqresp|loopback|validated_operations_per_second|iouring	all_pairs	picoperf/tquicperf	2.1817878930111512	2.165430189509332	2.198269162936469	superior	4.0854487374988162	0.0063810743845065911	0	descriptive_only	descriptive_only
fixed_treatment_server|zero_rtt_reqresp|loopback|validated_operations_per_second|iouring	all_pairs	picoperf/xquicperf	14.929484062469177	14.780250073487155	15.080224844865162	superior	4.0854487374988162	0.0085183109239679936	0	descriptive_only	descriptive_only
fixed_treatment_server|zero_rtt_reqresp|loopback|validated_operations_per_second|iouring	all_pairs	quicheperf/quiczigperf	0.92697968537404951	0.92082306825225901	0.9331774655983851	inferior	4.0854487374988162	0.0056502673309035386	0	descriptive_only	descriptive_only
fixed_treatment_server|zero_rtt_reqresp|loopback|validated_operations_per_second|iouring	all_pairs	quicheperf/quinnperf	3.8774107898970374	3.7745728189532648	3.9830505741254094	inconclusive	4.0854487374988162	0.022792211711732863	1	descriptive_only	descriptive_only
fixed_treatment_server|zero_rtt_reqresp|loopback|validated_operations_per_second|iouring	all_pairs	quicheperf/s2nperf	1.0041124008825337	0.99474068312386899	1.0135724120982152	equivalent	4.0854487374988162	0.0079510111353583487	0	descriptive_only	descriptive_only
fixed_treatment_server|zero_rtt_reqresp|loopback|validated_operations_per_second|iouring	all_pairs	quicheperf/tquicperf	0.90820245163239677	0.90075393441453966	0.91571256215184837	inferior	4.0854487374988162	0.0069827265894665484	0	descriptive_only	descriptive_only
fixed_treatment_server|zero_rtt_reqresp|loopback|validated_operations_per_second|iouring	all_pairs	quicheperf/xquicperf	6.2146252028322166	6.1576897569517861	6.2720870872188978	superior	4.0854487374988162	0.0078039715549657208	0	descriptive_only	descriptive_only
fixed_treatment_server|zero_rtt_reqresp|loopback|validated_operations_per_second|iouring	all_pairs	quiczigperf/quinnperf	4.1828433255605235	4.067880317567611	4.301055321275542	inconclusive	4.0854487374988162	0.02363061579206277	1	descriptive_only	descriptive_only
fixed_treatment_server|zero_rtt_reqresp|loopback|validated_operations_per_second|iouring	all_pairs	quiczigperf/s2nperf	1.0832086363115498	1.0716370206267583	1.094905203157023	superior	4.0854487374988162	0.0091067383851665597	0	descriptive_only	descriptive_only
fixed_treatment_server|zero_rtt_reqresp|loopback|validated_operations_per_second|iouring	all_pairs	quiczigperf/tquicperf	0.97974364051562157	0.97115027268756149	0.9884130480387785	equivalent	4.0854487374988162	0.0074698762974512098	0	descriptive_only	descriptive_only
fixed_treatment_server|zero_rtt_reqresp|loopback|validated_operations_per_second|iouring	all_pairs	quiczigperf/xquicperf	6.7041654751306945	6.6328365395736295	6.7762614757311006	superior	4.0854487374988162	0.0090696916088918635	0	descriptive_only	descriptive_only
fixed_treatment_server|zero_rtt_reqresp|loopback|validated_operations_per_second|iouring	all_pairs	quinnperf/s2nperf	0.25896466876783969	0.25269796328294619	0.26538678348961103	inconclusive	4.0854487374988162	0.020771035809489836	1	descriptive_only	descriptive_only
fixed_treatment_server|zero_rtt_reqresp|loopback|validated_operations_per_second|iouring	all_pairs	quinnperf/tquicperf	0.23422910309085759	0.2277691074774516	0.24087231733205469	inconclusive	4.0854487374988162	0.023713796528247313	1	descriptive_only	descriptive_only
fixed_treatment_server|zero_rtt_reqresp|loopback|validated_operations_per_second|iouring	all_pairs	quinnperf/xquicperf	1.6027770952267979	1.5560354156269713	1.650922846089959	inconclusive	4.0854487374988162	0.025095336202584792	1	descriptive_only	descriptive_only
fixed_treatment_server|zero_rtt_reqresp|loopback|validated_operations_per_second|iouring	all_pairs	s2nperf/tquicperf	0.9044828555390414	0.89586257311492379	0.91318608513753774	inferior	4.0854487374988162	0.0081198840287856691	0	descriptive_only	descriptive_only
fixed_treatment_server|zero_rtt_reqresp|loopback|validated_operations_per_second|iouring	all_pairs	s2nperf/xquicperf	6.1891728429706312	6.0877693166859554	6.2922654403432627	superior	4.0854487374988162	0.01400727250163691	0	descriptive_only	descriptive_only
fixed_treatment_server|zero_rtt_reqresp|loopback|validated_operations_per_second|iouring	all_pairs	tquicperf/xquicperf	6.8427751892346178	6.7458859861110945	6.9410559838705428	superior	4.0854487374988162	0.012091687847262292	0	descriptive_only	descriptive_only
