run_order	binary	scenario	network	path_profile	threads	status	reason	metric	samples	p50	out_dir
1	s2nperf	download	syscall	loopback	1	ok		throughput_gbps	3	5.526883	.run/fixed-full-matrix-20260601T015324Z/scout/blocks/r000b00001t1-s2nperf-download-syscall-loopback
2	s2nperf	download	syscall	loopback	2	ok		throughput_gbps	3	5.792334	.run/fixed-full-matrix-20260601T015324Z/scout/blocks/r000b00002t2-s2nperf-download-syscall-loopback
3	s2nperf	download	syscall	loopback	4	ok		throughput_gbps	3	5.710545	.run/fixed-full-matrix-20260601T015324Z/scout/blocks/r000b00003t4-s2nperf-download-syscall-loopback
4	s2nperf	download	syscall	loopback	8	ok		throughput_gbps	3	2.212495	.run/fixed-full-matrix-20260601T015324Z/scout/blocks/r000b00004t8-s2nperf-download-syscall-loopback
5	s2nperf	download	syscall	loopback	16	ok		throughput_gbps	3	5.572133	.run/fixed-full-matrix-20260601T015324Z/scout/blocks/r000b00005t16-s2nperf-download-syscall-loopback
7	s2nperf	download	iouring	loopback	1	ok		throughput_gbps	3	6.281045	.run/fixed-full-matrix-20260601T015324Z/scout/blocks/r000b00007t1-s2nperf-download-iouring-loopback
8	s2nperf	download	iouring	loopback	2	ok		throughput_gbps	3	5.698875	.run/fixed-full-matrix-20260601T015324Z/scout/blocks/r000b00008t2-s2nperf-download-iouring-loopback
9	s2nperf	download	iouring	loopback	4	ok		throughput_gbps	3	5.010096	.run/fixed-full-matrix-20260601T015324Z/scout/blocks/r000b00009t4-s2nperf-download-iouring-loopback
10	s2nperf	download	iouring	loopback	8	ok		throughput_gbps	3	5.712642	.run/fixed-full-matrix-20260601T015324Z/scout/blocks/r000b00010t8-s2nperf-download-iouring-loopback
11	s2nperf	download	iouring	loopback	16	ok		throughput_gbps	3	5.454692	.run/fixed-full-matrix-20260601T015324Z/scout/blocks/r000b00011t16-s2nperf-download-iouring-loopback
13	s2nperf	upload	syscall	loopback	1	ok		throughput_gbps	3	5.483687	.run/fixed-full-matrix-20260601T015324Z/scout/blocks/r000b00013t1-s2nperf-upload-syscall-loopback
14	s2nperf	upload	syscall	loopback	2	ok		throughput_gbps	3	5.923406	.run/fixed-full-matrix-20260601T015324Z/scout/blocks/r000b00014t2-s2nperf-upload-syscall-loopback
15	s2nperf	upload	syscall	loopback	4	ok		throughput_gbps	3	4.963959	.run/fixed-full-matrix-20260601T015324Z/scout/blocks/r000b00015t4-s2nperf-upload-syscall-loopback
16	s2nperf	upload	syscall	loopback	8	ok		throughput_gbps	3	2.206203	.run/fixed-full-matrix-20260601T015324Z/scout/blocks/r000b00016t8-s2nperf-upload-syscall-loopback
17	s2nperf	upload	syscall	loopback	16	ok		throughput_gbps	3	0.081001	.run/fixed-full-matrix-20260601T015324Z/scout/blocks/r000b00017t16-s2nperf-upload-syscall-loopback
19	s2nperf	upload	iouring	loopback	1	ok		throughput_gbps	3	5.296831	.run/fixed-full-matrix-20260601T015324Z/scout/blocks/r000b00019t1-s2nperf-upload-iouring-loopback
20	s2nperf	upload	iouring	loopback	2	ok		throughput_gbps	3	5.858394	.run/fixed-full-matrix-20260601T015324Z/scout/blocks/r000b00020t2-s2nperf-upload-iouring-loopback
21	s2nperf	upload	iouring	loopback	4	ok		throughput_gbps	3	4.275044	.run/fixed-full-matrix-20260601T015324Z/scout/blocks/r000b00021t4-s2nperf-upload-iouring-loopback
22	s2nperf	upload	iouring	loopback	8	ok		throughput_gbps	3	1.800404	.run/fixed-full-matrix-20260601T015324Z/scout/blocks/r000b00022t8-s2nperf-upload-iouring-loopback
23	s2nperf	upload	iouring	loopback	16	ok		throughput_gbps	3	0.115867	.run/fixed-full-matrix-20260601T015324Z/scout/blocks/r000b00023t16-s2nperf-upload-iouring-loopback
25	s2nperf	connect	syscall	loopback	1	ok		connections_per_second	3	309.569921	.run/fixed-full-matrix-20260601T015324Z/scout/blocks/r000b00025t1-s2nperf-connect-syscall-loopback
26	s2nperf	connect	syscall	loopback	2	ok		connections_per_second	3	1420.825898	.run/fixed-full-matrix-20260601T015324Z/scout/blocks/r000b00026t2-s2nperf-connect-syscall-loopback
27	s2nperf	connect	syscall	loopback	4	ok		connections_per_second	3	1859.627851	.run/fixed-full-matrix-20260601T015324Z/scout/blocks/r000b00027t4-s2nperf-connect-syscall-loopback
28	s2nperf	connect	syscall	loopback	8	ok		connections_per_second	3	2270.342124	.run/fixed-full-matrix-20260601T015324Z/scout/blocks/r000b00028t8-s2nperf-connect-syscall-loopback
29	s2nperf	connect	syscall	loopback	16	ok		connections_per_second	3	2629.930915	.run/fixed-full-matrix-20260601T015324Z/scout/blocks/r000b00029t16-s2nperf-connect-syscall-loopback
31	s2nperf	connect	iouring	loopback	1	ok		connections_per_second	3	395.852730	.run/fixed-full-matrix-20260601T015324Z/scout/blocks/r000b00031t1-s2nperf-connect-iouring-loopback
32	s2nperf	connect	iouring	loopback	2	ok		connections_per_second	3	1661.520108	.run/fixed-full-matrix-20260601T015324Z/scout/blocks/r000b00032t2-s2nperf-connect-iouring-loopback
33	s2nperf	connect	iouring	loopback	4	ok		connections_per_second	3	2326.108827	.run/fixed-full-matrix-20260601T015324Z/scout/blocks/r000b00033t4-s2nperf-connect-iouring-loopback
34	s2nperf	connect	iouring	loopback	8	ok		connections_per_second	3	3218.940244	.run/fixed-full-matrix-20260601T015324Z/scout/blocks/r000b00034t8-s2nperf-connect-iouring-loopback
35	s2nperf	connect	iouring	loopback	16	ok		connections_per_second	3	3753.147953	.run/fixed-full-matrix-20260601T015324Z/scout/blocks/r000b00035t16-s2nperf-connect-iouring-loopback
37	s2nperf	reqresp	syscall	loopback	1	ok		requests_per_second	3	30598.000000	.run/fixed-full-matrix-20260601T015324Z/scout/blocks/r000b00037t1-s2nperf-reqresp-syscall-loopback
38	s2nperf	reqresp	syscall	loopback	2	ok		requests_per_second	3	38977.000000	.run/fixed-full-matrix-20260601T015324Z/scout/blocks/r000b00038t2-s2nperf-reqresp-syscall-loopback
39	s2nperf	reqresp	syscall	loopback	4	ok		requests_per_second	3	40224.000000	.run/fixed-full-matrix-20260601T015324Z/scout/blocks/r000b00039t4-s2nperf-reqresp-syscall-loopback
40	s2nperf	reqresp	syscall	loopback	8	ok		requests_per_second	3	38501.000000	.run/fixed-full-matrix-20260601T015324Z/scout/blocks/r000b00040t8-s2nperf-reqresp-syscall-loopback
41	s2nperf	reqresp	syscall	loopback	16	ok		requests_per_second	3	38315.000000	.run/fixed-full-matrix-20260601T015324Z/scout/blocks/r000b00041t16-s2nperf-reqresp-syscall-loopback
43	s2nperf	reqresp	iouring	loopback	1	ok		requests_per_second	3	32637.000000	.run/fixed-full-matrix-20260601T015324Z/scout/blocks/r000b00043t1-s2nperf-reqresp-iouring-loopback
44	s2nperf	reqresp	iouring	loopback	2	ok		requests_per_second	3	39113.000000	.run/fixed-full-matrix-20260601T015324Z/scout/blocks/r000b00044t2-s2nperf-reqresp-iouring-loopback
45	s2nperf	reqresp	iouring	loopback	4	ok		requests_per_second	3	40235.000000	.run/fixed-full-matrix-20260601T015324Z/scout/blocks/r000b00045t4-s2nperf-reqresp-iouring-loopback
46	s2nperf	reqresp	iouring	loopback	8	ok		requests_per_second	3	40644.000000	.run/fixed-full-matrix-20260601T015324Z/scout/blocks/r000b00046t8-s2nperf-reqresp-iouring-loopback
47	s2nperf	reqresp	iouring	loopback	16	ok		requests_per_second	3	39244.000000	.run/fixed-full-matrix-20260601T015324Z/scout/blocks/r000b00047t16-s2nperf-reqresp-iouring-loopback
49	s2nperf	stream_churn	syscall	loopback	1	ok		streams_per_second	3	29956.000000	.run/fixed-full-matrix-20260601T015324Z/scout/blocks/r000b00049t1-s2nperf-stream_churn-syscall-loopback
50	s2nperf	stream_churn	syscall	loopback	2	ok		streams_per_second	3	37927.000000	.run/fixed-full-matrix-20260601T015324Z/scout/blocks/r000b00050t2-s2nperf-stream_churn-syscall-loopback
51	s2nperf	stream_churn	syscall	loopback	4	ok		streams_per_second	3	39821.000000	.run/fixed-full-matrix-20260601T015324Z/scout/blocks/r000b00051t4-s2nperf-stream_churn-syscall-loopback
52	s2nperf	stream_churn	syscall	loopback	8	ok		streams_per_second	3	39439.000000	.run/fixed-full-matrix-20260601T015324Z/scout/blocks/r000b00052t8-s2nperf-stream_churn-syscall-loopback
53	s2nperf	stream_churn	syscall	loopback	16	ok		streams_per_second	3	38287.000000	.run/fixed-full-matrix-20260601T015324Z/scout/blocks/r000b00053t16-s2nperf-stream_churn-syscall-loopback
55	s2nperf	stream_churn	iouring	loopback	1	ok		streams_per_second	3	31559.000000	.run/fixed-full-matrix-20260601T015324Z/scout/blocks/r000b00055t1-s2nperf-stream_churn-iouring-loopback
56	s2nperf	stream_churn	iouring	loopback	2	ok		streams_per_second	3	39248.000000	.run/fixed-full-matrix-20260601T015324Z/scout/blocks/r000b00056t2-s2nperf-stream_churn-iouring-loopback
57	s2nperf	stream_churn	iouring	loopback	4	ok		streams_per_second	3	41383.000000	.run/fixed-full-matrix-20260601T015324Z/scout/blocks/r000b00057t4-s2nperf-stream_churn-iouring-loopback
58	s2nperf	stream_churn	iouring	loopback	8	ok		streams_per_second	3	40877.000000	.run/fixed-full-matrix-20260601T015324Z/scout/blocks/r000b00058t8-s2nperf-stream_churn-iouring-loopback
59	s2nperf	stream_churn	iouring	loopback	16	ok		streams_per_second	3	37764.000000	.run/fixed-full-matrix-20260601T015324Z/scout/blocks/r000b00059t16-s2nperf-stream_churn-iouring-loopback
61	s2nperf	multistream_download	syscall	loopback	1	ok		throughput_gbps	3	0.134480	.run/fixed-full-matrix-20260601T015324Z/scout/blocks/r000b00061t1-s2nperf-multistream_download-syscall-loopback
62	s2nperf	multistream_download	syscall	loopback	2	ok		throughput_gbps	3	0.268435	.run/fixed-full-matrix-20260601T015324Z/scout/blocks/r000b00062t2-s2nperf-multistream_download-syscall-loopback
63	s2nperf	multistream_download	syscall	loopback	4	ok		throughput_gbps	3	0.536871	.run/fixed-full-matrix-20260601T015324Z/scout/blocks/r000b00063t4-s2nperf-multistream_download-syscall-loopback
64	s2nperf	multistream_download	syscall	loopback	8	ok		throughput_gbps	3	1.073742	.run/fixed-full-matrix-20260601T015324Z/scout/blocks/r000b00064t8-s2nperf-multistream_download-syscall-loopback
65	s2nperf	multistream_download	syscall	loopback	16	ok		throughput_gbps	3	2.147484	.run/fixed-full-matrix-20260601T015324Z/scout/blocks/r000b00065t16-s2nperf-multistream_download-syscall-loopback
67	s2nperf	multistream_download	iouring	loopback	1	ok		throughput_gbps	3	0.134218	.run/fixed-full-matrix-20260601T015324Z/scout/blocks/r000b00067t1-s2nperf-multistream_download-iouring-loopback
68	s2nperf	multistream_download	iouring	loopback	2	ok		throughput_gbps	3	0.268435	.run/fixed-full-matrix-20260601T015324Z/scout/blocks/r000b00068t2-s2nperf-multistream_download-iouring-loopback
69	s2nperf	multistream_download	iouring	loopback	4	ok		throughput_gbps	3	0.536871	.run/fixed-full-matrix-20260601T015324Z/scout/blocks/r000b00069t4-s2nperf-multistream_download-iouring-loopback
70	s2nperf	multistream_download	iouring	loopback	8	ok		throughput_gbps	3	1.073742	.run/fixed-full-matrix-20260601T015324Z/scout/blocks/r000b00070t8-s2nperf-multistream_download-iouring-loopback
71	s2nperf	multistream_download	iouring	loopback	16	ok		throughput_gbps	3	2.147484	.run/fixed-full-matrix-20260601T015324Z/scout/blocks/r000b00071t16-s2nperf-multistream_download-iouring-loopback
73	s2nperf	multistream_upload	syscall	loopback	1	ok		throughput_gbps	3	0.163578	.run/fixed-full-matrix-20260601T015324Z/scout/blocks/r000b00073t1-s2nperf-multistream_upload-syscall-loopback
74	s2nperf	multistream_upload	syscall	loopback	2	ok		throughput_gbps	3	0.301990	.run/fixed-full-matrix-20260601T015324Z/scout/blocks/r000b00074t2-s2nperf-multistream_upload-syscall-loopback
75	s2nperf	multistream_upload	syscall	loopback	4	ok		throughput_gbps	3	0.593494	.run/fixed-full-matrix-20260601T015324Z/scout/blocks/r000b00075t4-s2nperf-multistream_upload-syscall-loopback
76	s2nperf	multistream_upload	syscall	loopback	8	ok		throughput_gbps	3	1.472201	.run/fixed-full-matrix-20260601T015324Z/scout/blocks/r000b00076t8-s2nperf-multistream_upload-syscall-loopback
77	s2nperf	multistream_upload	syscall	loopback	16	ok		throughput_gbps	3	2.770338	.run/fixed-full-matrix-20260601T015324Z/scout/blocks/r000b00077t16-s2nperf-multistream_upload-syscall-loopback
79	s2nperf	multistream_upload	iouring	loopback	1	ok		throughput_gbps	3	0.153092	.run/fixed-full-matrix-20260601T015324Z/scout/blocks/r000b00079t1-s2nperf-multistream_upload-iouring-loopback
80	s2nperf	multistream_upload	iouring	loopback	2	ok		throughput_gbps	3	0.285213	.run/fixed-full-matrix-20260601T015324Z/scout/blocks/r000b00080t2-s2nperf-multistream_upload-iouring-loopback
81	s2nperf	multistream_upload	iouring	loopback	4	ok		throughput_gbps	3	0.597688	.run/fixed-full-matrix-20260601T015324Z/scout/blocks/r000b00081t4-s2nperf-multistream_upload-iouring-loopback
82	s2nperf	multistream_upload	iouring	loopback	8	ok		throughput_gbps	3	1.331692	.run/fixed-full-matrix-20260601T015324Z/scout/blocks/r000b00082t8-s2nperf-multistream_upload-iouring-loopback
83	s2nperf	multistream_upload	iouring	loopback	16	ok		throughput_gbps	3	2.671772	.run/fixed-full-matrix-20260601T015324Z/scout/blocks/r000b00083t16-s2nperf-multistream_upload-iouring-loopback
85	s2nperf	bidi	syscall	loopback	1	ok		throughput_gbps	3	0.268435	.run/fixed-full-matrix-20260601T015324Z/scout/blocks/r000b00085t1-s2nperf-bidi-syscall-loopback
86	s2nperf	bidi	syscall	loopback	2	ok		throughput_gbps	3	0.536871	.run/fixed-full-matrix-20260601T015324Z/scout/blocks/r000b00086t2-s2nperf-bidi-syscall-loopback
87	s2nperf	bidi	syscall	loopback	4	ok		throughput_gbps	3	1.073742	.run/fixed-full-matrix-20260601T015324Z/scout/blocks/r000b00087t4-s2nperf-bidi-syscall-loopback
88	s2nperf	bidi	syscall	loopback	8	ok		throughput_gbps	3	2.147484	.run/fixed-full-matrix-20260601T015324Z/scout/blocks/r000b00088t8-s2nperf-bidi-syscall-loopback
89	s2nperf	bidi	syscall	loopback	16	ok		throughput_gbps	3	4.294967	.run/fixed-full-matrix-20260601T015324Z/scout/blocks/r000b00089t16-s2nperf-bidi-syscall-loopback
91	s2nperf	bidi	iouring	loopback	1	ok		throughput_gbps	3	0.268435	.run/fixed-full-matrix-20260601T015324Z/scout/blocks/r000b00091t1-s2nperf-bidi-iouring-loopback
92	s2nperf	bidi	iouring	loopback	2	ok		throughput_gbps	3	0.536871	.run/fixed-full-matrix-20260601T015324Z/scout/blocks/r000b00092t2-s2nperf-bidi-iouring-loopback
93	s2nperf	bidi	iouring	loopback	4	ok		throughput_gbps	3	1.073742	.run/fixed-full-matrix-20260601T015324Z/scout/blocks/r000b00093t4-s2nperf-bidi-iouring-loopback
94	s2nperf	bidi	iouring	loopback	8	ok		throughput_gbps	3	2.147484	.run/fixed-full-matrix-20260601T015324Z/scout/blocks/r000b00094t8-s2nperf-bidi-iouring-loopback
95	s2nperf	bidi	iouring	loopback	16	ok		throughput_gbps	3	4.294967	.run/fixed-full-matrix-20260601T015324Z/scout/blocks/r000b00095t16-s2nperf-bidi-iouring-loopback
97	s2nperf	small_payload_pps	syscall	loopback	1	ok		messages_per_second	3	30079.000000	.run/fixed-full-matrix-20260601T015324Z/scout/blocks/r000b00097t1-s2nperf-small_payload_pps-syscall-loopback
98	s2nperf	small_payload_pps	syscall	loopback	2	ok		messages_per_second	3	38664.000000	.run/fixed-full-matrix-20260601T015324Z/scout/blocks/r000b00098t2-s2nperf-small_payload_pps-syscall-loopback
99	s2nperf	small_payload_pps	syscall	loopback	4	ok		messages_per_second	3	39706.000000	.run/fixed-full-matrix-20260601T015324Z/scout/blocks/r000b00099t4-s2nperf-small_payload_pps-syscall-loopback
100	s2nperf	small_payload_pps	syscall	loopback	8	ok		messages_per_second	3	39127.000000	.run/fixed-full-matrix-20260601T015324Z/scout/blocks/r000b00100t8-s2nperf-small_payload_pps-syscall-loopback
101	s2nperf	small_payload_pps	syscall	loopback	16	ok		messages_per_second	3	38453.000000	.run/fixed-full-matrix-20260601T015324Z/scout/blocks/r000b00101t16-s2nperf-small_payload_pps-syscall-loopback
103	s2nperf	small_payload_pps	iouring	loopback	1	ok		messages_per_second	3	32664.000000	.run/fixed-full-matrix-20260601T015324Z/scout/blocks/r000b00103t1-s2nperf-small_payload_pps-iouring-loopback
104	s2nperf	small_payload_pps	iouring	loopback	2	ok		messages_per_second	3	39677.000000	.run/fixed-full-matrix-20260601T015324Z/scout/blocks/r000b00104t2-s2nperf-small_payload_pps-iouring-loopback
105	s2nperf	small_payload_pps	iouring	loopback	4	ok		messages_per_second	3	41062.000000	.run/fixed-full-matrix-20260601T015324Z/scout/blocks/r000b00105t4-s2nperf-small_payload_pps-iouring-loopback
106	s2nperf	small_payload_pps	iouring	loopback	8	ok		messages_per_second	3	41031.000000	.run/fixed-full-matrix-20260601T015324Z/scout/blocks/r000b00106t8-s2nperf-small_payload_pps-iouring-loopback
107	s2nperf	small_payload_pps	iouring	loopback	16	ok		messages_per_second	3	38815.000000	.run/fixed-full-matrix-20260601T015324Z/scout/blocks/r000b00107t16-s2nperf-small_payload_pps-iouring-loopback
109	s2nperf	loss_recovery	syscall	loopback	1	ok		throughput_gbps	3	4.177918	.run/fixed-full-matrix-20260601T015324Z/scout/blocks/r000b00109t1-s2nperf-loss_recovery-syscall-loopback
110	s2nperf	loss_recovery	syscall	loopback	2	ok		throughput_gbps	3	5.474784	.run/fixed-full-matrix-20260601T015324Z/scout/blocks/r000b00110t2-s2nperf-loss_recovery-syscall-loopback
111	s2nperf	loss_recovery	syscall	loopback	4	ok		throughput_gbps	3	2.873098	.run/fixed-full-matrix-20260601T015324Z/scout/blocks/r000b00111t4-s2nperf-loss_recovery-syscall-loopback
112	s2nperf	loss_recovery	syscall	loopback	8	ok		throughput_gbps	3	3.057648	.run/fixed-full-matrix-20260601T015324Z/scout/blocks/r000b00112t8-s2nperf-loss_recovery-syscall-loopback
113	s2nperf	loss_recovery	syscall	loopback	16	ok		throughput_gbps	3	5.421138	.run/fixed-full-matrix-20260601T015324Z/scout/blocks/r000b00113t16-s2nperf-loss_recovery-syscall-loopback
115	s2nperf	loss_recovery	iouring	loopback	1	ok		throughput_gbps	3	4.538718	.run/fixed-full-matrix-20260601T015324Z/scout/blocks/r000b00115t1-s2nperf-loss_recovery-iouring-loopback
116	s2nperf	loss_recovery	iouring	loopback	2	ok		throughput_gbps	3	5.633943	.run/fixed-full-matrix-20260601T015324Z/scout/blocks/r000b00116t2-s2nperf-loss_recovery-iouring-loopback
117	s2nperf	loss_recovery	iouring	loopback	4	ok		throughput_gbps	3	5.553258	.run/fixed-full-matrix-20260601T015324Z/scout/blocks/r000b00117t4-s2nperf-loss_recovery-iouring-loopback
118	s2nperf	loss_recovery	iouring	loopback	8	ok		throughput_gbps	3	5.729419	.run/fixed-full-matrix-20260601T015324Z/scout/blocks/r000b00118t8-s2nperf-loss_recovery-iouring-loopback
119	s2nperf	loss_recovery	iouring	loopback	16	ok		throughput_gbps	3	5.496635	.run/fixed-full-matrix-20260601T015324Z/scout/blocks/r000b00119t16-s2nperf-loss_recovery-iouring-loopback
121	s2nperf	flow_control	syscall	loopback	1	ok		throughput_gbps	3	1.929470	.run/fixed-full-matrix-20260601T015324Z/scout/blocks/r000b00121t1-s2nperf-flow_control-syscall-loopback
122	s2nperf	flow_control	syscall	loopback	2	ok		throughput_gbps	3	4.931977	.run/fixed-full-matrix-20260601T015324Z/scout/blocks/r000b00122t2-s2nperf-flow_control-syscall-loopback
123	s2nperf	flow_control	syscall	loopback	4	ok		throughput_gbps	3	2.968514	.run/fixed-full-matrix-20260601T015324Z/scout/blocks/r000b00123t4-s2nperf-flow_control-syscall-loopback
124	s2nperf	flow_control	syscall	loopback	8	ok		throughput_gbps	3	4.667193	.run/fixed-full-matrix-20260601T015324Z/scout/blocks/r000b00124t8-s2nperf-flow_control-syscall-loopback
125	s2nperf	flow_control	syscall	loopback	16	ok		throughput_gbps	3	1.697222	.run/fixed-full-matrix-20260601T015324Z/scout/blocks/r000b00125t16-s2nperf-flow_control-syscall-loopback
127	s2nperf	flow_control	iouring	loopback	1	ok		throughput_gbps	3	2.044289	.run/fixed-full-matrix-20260601T015324Z/scout/blocks/r000b00127t1-s2nperf-flow_control-iouring-loopback
128	s2nperf	flow_control	iouring	loopback	2	ok		throughput_gbps	3	4.957143	.run/fixed-full-matrix-20260601T015324Z/scout/blocks/r000b00128t2-s2nperf-flow_control-iouring-loopback
129	s2nperf	flow_control	iouring	loopback	4	ok		throughput_gbps	3	3.495952	.run/fixed-full-matrix-20260601T015324Z/scout/blocks/r000b00129t4-s2nperf-flow_control-iouring-loopback
130	s2nperf	flow_control	iouring	loopback	8	ok		throughput_gbps	3	2.908226	.run/fixed-full-matrix-20260601T015324Z/scout/blocks/r000b00130t8-s2nperf-flow_control-iouring-loopback
131	s2nperf	flow_control	iouring	loopback	16	ok		throughput_gbps	3	1.926234	.run/fixed-full-matrix-20260601T015324Z/scout/blocks/r000b00131t16-s2nperf-flow_control-iouring-loopback
133	s2nperf	resumed_connect	syscall	loopback	1	ok		connections_per_second	3	0.944622	.run/fixed-full-matrix-20260601T015324Z/scout/blocks/r000b00133t1-s2nperf-resumed_connect-syscall-loopback
134	s2nperf	resumed_connect	syscall	loopback	2	ok		connections_per_second	3	1.886383	.run/fixed-full-matrix-20260601T015324Z/scout/blocks/r000b00134t2-s2nperf-resumed_connect-syscall-loopback
135	s2nperf	resumed_connect	syscall	loopback	4	ok		connections_per_second	3	3.749059	.run/fixed-full-matrix-20260601T015324Z/scout/blocks/r000b00135t4-s2nperf-resumed_connect-syscall-loopback
136	s2nperf	resumed_connect	syscall	loopback	8	ok		connections_per_second	3	7.365965	.run/fixed-full-matrix-20260601T015324Z/scout/blocks/r000b00136t8-s2nperf-resumed_connect-syscall-loopback
137	s2nperf	resumed_connect	syscall	loopback	16	ok		connections_per_second	3	14.420653	.run/fixed-full-matrix-20260601T015324Z/scout/blocks/r000b00137t16-s2nperf-resumed_connect-syscall-loopback
139	s2nperf	resumed_connect	iouring	loopback	1	ok		connections_per_second	3	0.991579	.run/fixed-full-matrix-20260601T015324Z/scout/blocks/r000b00139t1-s2nperf-resumed_connect-iouring-loopback
140	s2nperf	resumed_connect	iouring	loopback	2	ok		connections_per_second	3	1.982346	.run/fixed-full-matrix-20260601T015324Z/scout/blocks/r000b00140t2-s2nperf-resumed_connect-iouring-loopback
141	s2nperf	resumed_connect	iouring	loopback	4	ok		connections_per_second	3	3.948251	.run/fixed-full-matrix-20260601T015324Z/scout/blocks/r000b00141t4-s2nperf-resumed_connect-iouring-loopback
142	s2nperf	resumed_connect	iouring	loopback	8	ok		connections_per_second	3	7.816235	.run/fixed-full-matrix-20260601T015324Z/scout/blocks/r000b00142t8-s2nperf-resumed_connect-iouring-loopback
143	s2nperf	resumed_connect	iouring	loopback	16	ok		connections_per_second	3	15.341014	.run/fixed-full-matrix-20260601T015324Z/scout/blocks/r000b00143t16-s2nperf-resumed_connect-iouring-loopback
145	s2nperf	zero_rtt_reqresp	syscall	loopback	1	ok		requests_per_second	3	32971.000000	.run/fixed-full-matrix-20260601T015324Z/scout/blocks/r000b00145t1-s2nperf-zero_rtt_reqresp-syscall-loopback
146	s2nperf	zero_rtt_reqresp	syscall	loopback	2	ok		requests_per_second	3	40611.000000	.run/fixed-full-matrix-20260601T015324Z/scout/blocks/r000b00146t2-s2nperf-zero_rtt_reqresp-syscall-loopback
147	s2nperf	zero_rtt_reqresp	syscall	loopback	4	ok		requests_per_second	3	41650.000000	.run/fixed-full-matrix-20260601T015324Z/scout/blocks/r000b00147t4-s2nperf-zero_rtt_reqresp-syscall-loopback
148	s2nperf	zero_rtt_reqresp	syscall	loopback	8	ok		requests_per_second	3	41530.000000	.run/fixed-full-matrix-20260601T015324Z/scout/blocks/r000b00148t8-s2nperf-zero_rtt_reqresp-syscall-loopback
149	s2nperf	zero_rtt_reqresp	syscall	loopback	16	ok		requests_per_second	3	39816.000000	.run/fixed-full-matrix-20260601T015324Z/scout/blocks/r000b00149t16-s2nperf-zero_rtt_reqresp-syscall-loopback
151	s2nperf	zero_rtt_reqresp	iouring	loopback	1	ok		requests_per_second	3	33009.000000	.run/fixed-full-matrix-20260601T015324Z/scout/blocks/r000b00151t1-s2nperf-zero_rtt_reqresp-iouring-loopback
152	s2nperf	zero_rtt_reqresp	iouring	loopback	2	ok		requests_per_second	3	41409.000000	.run/fixed-full-matrix-20260601T015324Z/scout/blocks/r000b00152t2-s2nperf-zero_rtt_reqresp-iouring-loopback
153	s2nperf	zero_rtt_reqresp	iouring	loopback	4	ok		requests_per_second	3	43542.000000	.run/fixed-full-matrix-20260601T015324Z/scout/blocks/r000b00153t4-s2nperf-zero_rtt_reqresp-iouring-loopback
154	s2nperf	zero_rtt_reqresp	iouring	loopback	8	ok		requests_per_second	3	41814.000000	.run/fixed-full-matrix-20260601T015324Z/scout/blocks/r000b00154t8-s2nperf-zero_rtt_reqresp-iouring-loopback
155	s2nperf	zero_rtt_reqresp	iouring	loopback	16	ok		requests_per_second	3	40966.000000	.run/fixed-full-matrix-20260601T015324Z/scout/blocks/r000b00155t16-s2nperf-zero_rtt_reqresp-iouring-loopback
157	s2nperf	datagram	syscall	loopback	1	ok		datagrams_per_second	3	1099646.000000	.run/fixed-full-matrix-20260601T015324Z/scout/blocks/r000b00157t1-s2nperf-datagram-syscall-loopback
158	s2nperf	datagram	syscall	loopback	2	ok		datagrams_per_second	3	1816544.000000	.run/fixed-full-matrix-20260601T015324Z/scout/blocks/r000b00158t2-s2nperf-datagram-syscall-loopback
159	s2nperf	datagram	syscall	loopback	4	ok		datagrams_per_second	3	2172780.000000	.run/fixed-full-matrix-20260601T015324Z/scout/blocks/r000b00159t4-s2nperf-datagram-syscall-loopback
160	s2nperf	datagram	syscall	loopback	8	ok		datagrams_per_second	3	2085706.000000	.run/fixed-full-matrix-20260601T015324Z/scout/blocks/r000b00160t8-s2nperf-datagram-syscall-loopback
161	s2nperf	datagram	syscall	loopback	16	ok		datagrams_per_second	3	1854194.000000	.run/fixed-full-matrix-20260601T015324Z/scout/blocks/r000b00161t16-s2nperf-datagram-syscall-loopback
163	s2nperf	datagram	iouring	loopback	1	ok		datagrams_per_second	3	975201.000000	.run/fixed-full-matrix-20260601T015324Z/scout/blocks/r000b00163t1-s2nperf-datagram-iouring-loopback
164	s2nperf	datagram	iouring	loopback	2	ok		datagrams_per_second	3	1609965.000000	.run/fixed-full-matrix-20260601T015324Z/scout/blocks/r000b00164t2-s2nperf-datagram-iouring-loopback
165	s2nperf	datagram	iouring	loopback	4	ok		datagrams_per_second	3	2340999.000000	.run/fixed-full-matrix-20260601T015324Z/scout/blocks/r000b00165t4-s2nperf-datagram-iouring-loopback
166	s2nperf	datagram	iouring	loopback	8	ok		datagrams_per_second	3	2546121.000000	.run/fixed-full-matrix-20260601T015324Z/scout/blocks/r000b00166t8-s2nperf-datagram-iouring-loopback
167	s2nperf	datagram	iouring	loopback	16	ok		datagrams_per_second	3	2447088.000000	.run/fixed-full-matrix-20260601T015324Z/scout/blocks/r000b00167t16-s2nperf-datagram-iouring-loopback
169	s2nperf	idle_footprint	syscall	loopback	1	ok		server_rss_delta_bytes_per_connection	3	2420736.000000	.run/fixed-full-matrix-20260601T015324Z/scout/blocks/r000b00169t1-s2nperf-idle_footprint-syscall-loopback
170	s2nperf	idle_footprint	syscall	loopback	2	ok		server_rss_delta_bytes_per_connection	3	1224704.000000	.run/fixed-full-matrix-20260601T015324Z/scout/blocks/r000b00170t2-s2nperf-idle_footprint-syscall-loopback
171	s2nperf	idle_footprint	syscall	loopback	4	ok		server_rss_delta_bytes_per_connection	3	669696.000000	.run/fixed-full-matrix-20260601T015324Z/scout/blocks/r000b00171t4-s2nperf-idle_footprint-syscall-loopback
172	s2nperf	idle_footprint	syscall	loopback	8	ok		server_rss_delta_bytes_per_connection	3	396288.000000	.run/fixed-full-matrix-20260601T015324Z/scout/blocks/r000b00172t8-s2nperf-idle_footprint-syscall-loopback
173	s2nperf	idle_footprint	syscall	loopback	16	ok		server_rss_delta_bytes_per_connection	3	268288.000000	.run/fixed-full-matrix-20260601T015324Z/scout/blocks/r000b00173t16-s2nperf-idle_footprint-syscall-loopback
175	s2nperf	idle_footprint	iouring	loopback	1	ok		server_rss_delta_bytes_per_connection	3	2363392.000000	.run/fixed-full-matrix-20260601T015324Z/scout/blocks/r000b00175t1-s2nperf-idle_footprint-iouring-loopback
176	s2nperf	idle_footprint	iouring	loopback	2	ok		server_rss_delta_bytes_per_connection	3	1234944.000000	.run/fixed-full-matrix-20260601T015324Z/scout/blocks/r000b00176t2-s2nperf-idle_footprint-iouring-loopback
177	s2nperf	idle_footprint	iouring	loopback	4	ok		server_rss_delta_bytes_per_connection	3	685056.000000	.run/fixed-full-matrix-20260601T015324Z/scout/blocks/r000b00177t4-s2nperf-idle_footprint-iouring-loopback
178	s2nperf	idle_footprint	iouring	loopback	8	ok		server_rss_delta_bytes_per_connection	3	406528.000000	.run/fixed-full-matrix-20260601T015324Z/scout/blocks/r000b00178t8-s2nperf-idle_footprint-iouring-loopback
179	s2nperf	idle_footprint	iouring	loopback	16	ok		server_rss_delta_bytes_per_connection	3	264704.000000	.run/fixed-full-matrix-20260601T015324Z/scout/blocks/r000b00179t16-s2nperf-idle_footprint-iouring-loopback
181	s2nperf	close_reset_cleanup	syscall	loopback	1	ok		streams_per_second	3	31160.000000	.run/fixed-full-matrix-20260601T015324Z/scout/blocks/r000b00181t1-s2nperf-close_reset_cleanup-syscall-loopback
182	s2nperf	close_reset_cleanup	syscall	loopback	2	ok		streams_per_second	3	38014.000000	.run/fixed-full-matrix-20260601T015324Z/scout/blocks/r000b00182t2-s2nperf-close_reset_cleanup-syscall-loopback
183	s2nperf	close_reset_cleanup	syscall	loopback	4	ok		streams_per_second	3	39290.000000	.run/fixed-full-matrix-20260601T015324Z/scout/blocks/r000b00183t4-s2nperf-close_reset_cleanup-syscall-loopback
184	s2nperf	close_reset_cleanup	syscall	loopback	8	ok		streams_per_second	3	39731.000000	.run/fixed-full-matrix-20260601T015324Z/scout/blocks/r000b00184t8-s2nperf-close_reset_cleanup-syscall-loopback
185	s2nperf	close_reset_cleanup	syscall	loopback	16	ok		streams_per_second	3	38653.000000	.run/fixed-full-matrix-20260601T015324Z/scout/blocks/r000b00185t16-s2nperf-close_reset_cleanup-syscall-loopback
187	s2nperf	close_reset_cleanup	iouring	loopback	1	ok		streams_per_second	3	31542.000000	.run/fixed-full-matrix-20260601T015324Z/scout/blocks/r000b00187t1-s2nperf-close_reset_cleanup-iouring-loopback
188	s2nperf	close_reset_cleanup	iouring	loopback	2	ok		streams_per_second	3	40268.000000	.run/fixed-full-matrix-20260601T015324Z/scout/blocks/r000b00188t2-s2nperf-close_reset_cleanup-iouring-loopback
189	s2nperf	close_reset_cleanup	iouring	loopback	4	ok		streams_per_second	3	41153.000000	.run/fixed-full-matrix-20260601T015324Z/scout/blocks/r000b00189t4-s2nperf-close_reset_cleanup-iouring-loopback
190	s2nperf	close_reset_cleanup	iouring	loopback	8	ok		streams_per_second	3	39427.000000	.run/fixed-full-matrix-20260601T015324Z/scout/blocks/r000b00190t8-s2nperf-close_reset_cleanup-iouring-loopback
191	s2nperf	close_reset_cleanup	iouring	loopback	16	ok		streams_per_second	3	40530.000000	.run/fixed-full-matrix-20260601T015324Z/scout/blocks/r000b00191t16-s2nperf-close_reset_cleanup-iouring-loopback
193	neqoperf	download	syscall	loopback	1	ok		throughput_gbps	3	4.550855	.run/fixed-full-matrix-20260601T015324Z/scout/blocks/r000b00193t1-neqoperf-download-syscall-loopback
194	neqoperf	download	syscall	loopback	2	ok		throughput_gbps	3	3.913286	.run/fixed-full-matrix-20260601T015324Z/scout/blocks/r000b00194t2-neqoperf-download-syscall-loopback
195	neqoperf	download	syscall	loopback	4	ok		throughput_gbps	3	2.690646	.run/fixed-full-matrix-20260601T015324Z/scout/blocks/r000b00195t4-neqoperf-download-syscall-loopback
196	neqoperf	download	syscall	loopback	8	ok		throughput_gbps	3	1.931477	.run/fixed-full-matrix-20260601T015324Z/scout/blocks/r000b00196t8-neqoperf-download-syscall-loopback
197	neqoperf	download	syscall	loopback	16	ok		throughput_gbps	3	1.176502	.run/fixed-full-matrix-20260601T015324Z/scout/blocks/r000b00197t16-neqoperf-download-syscall-loopback
199	neqoperf	download	iouring	loopback	1	ok		throughput_gbps	3	4.404105	.run/fixed-full-matrix-20260601T015324Z/scout/blocks/r000b00199t1-neqoperf-download-iouring-loopback
200	neqoperf	download	iouring	loopback	2	ok		throughput_gbps	3	3.558867	.run/fixed-full-matrix-20260601T015324Z/scout/blocks/r000b00200t2-neqoperf-download-iouring-loopback
201	neqoperf	download	iouring	loopback	4	ok		throughput_gbps	3	2.843738	.run/fixed-full-matrix-20260601T015324Z/scout/blocks/r000b00201t4-neqoperf-download-iouring-loopback
202	neqoperf	download	iouring	loopback	8	ok		throughput_gbps	3	1.944060	.run/fixed-full-matrix-20260601T015324Z/scout/blocks/r000b00202t8-neqoperf-download-iouring-loopback
203	neqoperf	download	iouring	loopback	16	ok		throughput_gbps	3	1.157628	.run/fixed-full-matrix-20260601T015324Z/scout/blocks/r000b00203t16-neqoperf-download-iouring-loopback
205	neqoperf	upload	syscall	loopback	1	ok		throughput_gbps	3	5.936284	.run/fixed-full-matrix-20260601T015324Z/scout/blocks/r000b00205t1-neqoperf-upload-syscall-loopback
206	neqoperf	upload	syscall	loopback	2	ok		throughput_gbps	3	3.125704	.run/fixed-full-matrix-20260601T015324Z/scout/blocks/r000b00206t2-neqoperf-upload-syscall-loopback
207	neqoperf	upload	syscall	loopback	4	ok		throughput_gbps	3	1.150647	.run/fixed-full-matrix-20260601T015324Z/scout/blocks/r000b00207t4-neqoperf-upload-syscall-loopback
208	neqoperf	upload	syscall	loopback	8	ok		throughput_gbps	3	0.178513	.run/fixed-full-matrix-20260601T015324Z/scout/blocks/r000b00208t8-neqoperf-upload-syscall-loopback
209	neqoperf	upload	syscall	loopback	16	ok		throughput_gbps	3	0.111149	.run/fixed-full-matrix-20260601T015324Z/scout/blocks/r000b00209t16-neqoperf-upload-syscall-loopback
211	neqoperf	upload	iouring	loopback	1	ok		throughput_gbps	3	4.487638	.run/fixed-full-matrix-20260601T015324Z/scout/blocks/r000b00211t1-neqoperf-upload-iouring-loopback
212	neqoperf	upload	iouring	loopback	2	ok		throughput_gbps	3	2.641503	.run/fixed-full-matrix-20260601T015324Z/scout/blocks/r000b00212t2-neqoperf-upload-iouring-loopback
213	neqoperf	upload	iouring	loopback	4	ok		throughput_gbps	3	0.903079	.run/fixed-full-matrix-20260601T015324Z/scout/blocks/r000b00213t4-neqoperf-upload-iouring-loopback
214	neqoperf	upload	iouring	loopback	8	ok		throughput_gbps	3	0.404946	.run/fixed-full-matrix-20260601T015324Z/scout/blocks/r000b00214t8-neqoperf-upload-iouring-loopback
215	neqoperf	upload	iouring	loopback	16	ok		throughput_gbps	3	0.256709	.run/fixed-full-matrix-20260601T015324Z/scout/blocks/r000b00215t16-neqoperf-upload-iouring-loopback
217	neqoperf	connect	syscall	loopback	1	ok		connections_per_second	3	229.722720	.run/fixed-full-matrix-20260601T015324Z/scout/blocks/r000b00217t1-neqoperf-connect-syscall-loopback
218	neqoperf	connect	syscall	loopback	2	ok		connections_per_second	3	419.474084	.run/fixed-full-matrix-20260601T015324Z/scout/blocks/r000b00218t2-neqoperf-connect-syscall-loopback
219	neqoperf	connect	syscall	loopback	4	ok		connections_per_second	3	570.698974	.run/fixed-full-matrix-20260601T015324Z/scout/blocks/r000b00219t4-neqoperf-connect-syscall-loopback
220	neqoperf	connect	syscall	loopback	8	ok		connections_per_second	3	782.517541	.run/fixed-full-matrix-20260601T015324Z/scout/blocks/r000b00220t8-neqoperf-connect-syscall-loopback
221	neqoperf	connect	syscall	loopback	16	ok		connections_per_second	3	956.191889	.run/fixed-full-matrix-20260601T015324Z/scout/blocks/r000b00221t16-neqoperf-connect-syscall-loopback
223	neqoperf	connect	iouring	loopback	1	ok		connections_per_second	3	293.081518	.run/fixed-full-matrix-20260601T015324Z/scout/blocks/r000b00223t1-neqoperf-connect-iouring-loopback
224	neqoperf	connect	iouring	loopback	2	ok		connections_per_second	3	467.633999	.run/fixed-full-matrix-20260601T015324Z/scout/blocks/r000b00224t2-neqoperf-connect-iouring-loopback
225	neqoperf	connect	iouring	loopback	4	ok		connections_per_second	3	560.225973	.run/fixed-full-matrix-20260601T015324Z/scout/blocks/r000b00225t4-neqoperf-connect-iouring-loopback
226	neqoperf	connect	iouring	loopback	8	ok		connections_per_second	3	736.986817	.run/fixed-full-matrix-20260601T015324Z/scout/blocks/r000b00226t8-neqoperf-connect-iouring-loopback
227	neqoperf	connect	iouring	loopback	16	ok		connections_per_second	3	934.650848	.run/fixed-full-matrix-20260601T015324Z/scout/blocks/r000b00227t16-neqoperf-connect-iouring-loopback
229	neqoperf	reqresp	syscall	loopback	1	ok		requests_per_second	3	6099.000000	.run/fixed-full-matrix-20260601T015324Z/scout/blocks/r000b00229t1-neqoperf-reqresp-syscall-loopback
230	neqoperf	reqresp	syscall	loopback	2	ok		requests_per_second	3	10945.000000	.run/fixed-full-matrix-20260601T015324Z/scout/blocks/r000b00230t2-neqoperf-reqresp-syscall-loopback
231	neqoperf	reqresp	syscall	loopback	4	ok		requests_per_second	3	14398.000000	.run/fixed-full-matrix-20260601T015324Z/scout/blocks/r000b00231t4-neqoperf-reqresp-syscall-loopback
232	neqoperf	reqresp	syscall	loopback	8	ok		requests_per_second	3	9290.000000	.run/fixed-full-matrix-20260601T015324Z/scout/blocks/r000b00232t8-neqoperf-reqresp-syscall-loopback
233	neqoperf	reqresp	syscall	loopback	16	ok		requests_per_second	3	5376.000000	.run/fixed-full-matrix-20260601T015324Z/scout/blocks/r000b00233t16-neqoperf-reqresp-syscall-loopback
235	neqoperf	reqresp	iouring	loopback	1	ok		requests_per_second	3	6075.000000	.run/fixed-full-matrix-20260601T015324Z/scout/blocks/r000b00235t1-neqoperf-reqresp-iouring-loopback
236	neqoperf	reqresp	iouring	loopback	2	ok		requests_per_second	3	10893.000000	.run/fixed-full-matrix-20260601T015324Z/scout/blocks/r000b00236t2-neqoperf-reqresp-iouring-loopback
237	neqoperf	reqresp	iouring	loopback	4	ok		requests_per_second	3	14273.000000	.run/fixed-full-matrix-20260601T015324Z/scout/blocks/r000b00237t4-neqoperf-reqresp-iouring-loopback
238	neqoperf	reqresp	iouring	loopback	8	ok		requests_per_second	3	9293.000000	.run/fixed-full-matrix-20260601T015324Z/scout/blocks/r000b00238t8-neqoperf-reqresp-iouring-loopback
239	neqoperf	reqresp	iouring	loopback	16	ok		requests_per_second	3	4992.000000	.run/fixed-full-matrix-20260601T015324Z/scout/blocks/r000b00239t16-neqoperf-reqresp-iouring-loopback
241	neqoperf	stream_churn	syscall	loopback	1	ok		streams_per_second	3	6152.000000	.run/fixed-full-matrix-20260601T015324Z/scout/blocks/r000b00241t1-neqoperf-stream_churn-syscall-loopback
242	neqoperf	stream_churn	syscall	loopback	2	ok		streams_per_second	3	10725.000000	.run/fixed-full-matrix-20260601T015324Z/scout/blocks/r000b00242t2-neqoperf-stream_churn-syscall-loopback
243	neqoperf	stream_churn	syscall	loopback	4	ok		streams_per_second	3	14693.000000	.run/fixed-full-matrix-20260601T015324Z/scout/blocks/r000b00243t4-neqoperf-stream_churn-syscall-loopback
244	neqoperf	stream_churn	syscall	loopback	8	ok		streams_per_second	3	9088.000000	.run/fixed-full-matrix-20260601T015324Z/scout/blocks/r000b00244t8-neqoperf-stream_churn-syscall-loopback
245	neqoperf	stream_churn	syscall	loopback	16	ok		streams_per_second	3	5389.000000	.run/fixed-full-matrix-20260601T015324Z/scout/blocks/r000b00245t16-neqoperf-stream_churn-syscall-loopback
247	neqoperf	stream_churn	iouring	loopback	1	ok		streams_per_second	3	6201.000000	.run/fixed-full-matrix-20260601T015324Z/scout/blocks/r000b00247t1-neqoperf-stream_churn-iouring-loopback
248	neqoperf	stream_churn	iouring	loopback	2	ok		streams_per_second	3	11082.000000	.run/fixed-full-matrix-20260601T015324Z/scout/blocks/r000b00248t2-neqoperf-stream_churn-iouring-loopback
249	neqoperf	stream_churn	iouring	loopback	4	ok		streams_per_second	3	14731.000000	.run/fixed-full-matrix-20260601T015324Z/scout/blocks/r000b00249t4-neqoperf-stream_churn-iouring-loopback
250	neqoperf	stream_churn	iouring	loopback	8	ok		streams_per_second	3	9152.000000	.run/fixed-full-matrix-20260601T015324Z/scout/blocks/r000b00250t8-neqoperf-stream_churn-iouring-loopback
251	neqoperf	stream_churn	iouring	loopback	16	ok		streams_per_second	3	5120.000000	.run/fixed-full-matrix-20260601T015324Z/scout/blocks/r000b00251t16-neqoperf-stream_churn-iouring-loopback
253	neqoperf	multistream_download	syscall	loopback	1	ok		throughput_gbps	3	2.971664	.run/fixed-full-matrix-20260601T015324Z/scout/blocks/r000b00253t1-neqoperf-multistream_download-syscall-loopback
254	neqoperf	multistream_download	syscall	loopback	2	ok		throughput_gbps	3	2.694840	.run/fixed-full-matrix-20260601T015324Z/scout/blocks/r000b00254t2-neqoperf-multistream_download-syscall-loopback
255	neqoperf	multistream_download	syscall	loopback	4	ok		throughput_gbps	3	1.931477	.run/fixed-full-matrix-20260601T015324Z/scout/blocks/r000b00255t4-neqoperf-multistream_download-syscall-loopback
256	neqoperf	multistream_download	syscall	loopback	8	ok		throughput_gbps	3	1.268777	.run/fixed-full-matrix-20260601T015324Z/scout/blocks/r000b00256t8-neqoperf-multistream_download-syscall-loopback
257	neqoperf	multistream_download	syscall	loopback	16	ok		throughput_gbps	3	0.901775	.run/fixed-full-matrix-20260601T015324Z/scout/blocks/r000b00257t16-neqoperf-multistream_download-syscall-loopback
259	neqoperf	multistream_download	iouring	loopback	1	ok		throughput_gbps	3	2.990539	.run/fixed-full-matrix-20260601T015324Z/scout/blocks/r000b00259t1-neqoperf-multistream_download-iouring-loopback
260	neqoperf	multistream_download	iouring	loopback	2	ok		throughput_gbps	3	2.696937	.run/fixed-full-matrix-20260601T015324Z/scout/blocks/r000b00260t2-neqoperf-multistream_download-iouring-loopback
261	neqoperf	multistream_download	iouring	loopback	4	ok		throughput_gbps	3	1.939866	.run/fixed-full-matrix-20260601T015324Z/scout/blocks/r000b00261t4-neqoperf-multistream_download-iouring-loopback
262	neqoperf	multistream_download	iouring	loopback	8	ok		throughput_gbps	3	1.216348	.run/fixed-full-matrix-20260601T015324Z/scout/blocks/r000b00262t8-neqoperf-multistream_download-iouring-loopback
263	neqoperf	multistream_download	iouring	loopback	16	ok		throughput_gbps	3	0.849347	.run/fixed-full-matrix-20260601T015324Z/scout/blocks/r000b00263t16-neqoperf-multistream_download-iouring-loopback
265	neqoperf	multistream_upload	syscall	loopback	1	ok		throughput_gbps	3	0.457179	.run/fixed-full-matrix-20260601T015324Z/scout/blocks/r000b00265t1-neqoperf-multistream_upload-syscall-loopback
266	neqoperf	multistream_upload	syscall	loopback	2	ok		throughput_gbps	3	3.397386	.run/fixed-full-matrix-20260601T015324Z/scout/blocks/r000b00266t2-neqoperf-multistream_upload-syscall-loopback
267	neqoperf	multistream_upload	syscall	loopback	4	ok		throughput_gbps	3	1.895825	.run/fixed-full-matrix-20260601T015324Z/scout/blocks/r000b00267t4-neqoperf-multistream_upload-syscall-loopback
268	neqoperf	multistream_upload	syscall	loopback	8	ok		throughput_gbps	3	1.291846	.run/fixed-full-matrix-20260601T015324Z/scout/blocks/r000b00268t8-neqoperf-multistream_upload-syscall-loopback
269	neqoperf	multistream_upload	syscall	loopback	16	ok		throughput_gbps	3	1.073742	.run/fixed-full-matrix-20260601T015324Z/scout/blocks/r000b00269t16-neqoperf-multistream_upload-syscall-loopback
271	neqoperf	multistream_upload	iouring	loopback	1	ok		throughput_gbps	3	0.436208	.run/fixed-full-matrix-20260601T015324Z/scout/blocks/r000b00271t1-neqoperf-multistream_upload-iouring-loopback
272	neqoperf	multistream_upload	iouring	loopback	2	ok		throughput_gbps	3	3.200254	.run/fixed-full-matrix-20260601T015324Z/scout/blocks/r000b00272t2-neqoperf-multistream_upload-iouring-loopback
273	neqoperf	multistream_upload	iouring	loopback	4	ok		throughput_gbps	3	1.853882	.run/fixed-full-matrix-20260601T015324Z/scout/blocks/r000b00273t4-neqoperf-multistream_upload-iouring-loopback
274	neqoperf	multistream_upload	iouring	loopback	8	ok		throughput_gbps	3	1.073742	.run/fixed-full-matrix-20260601T015324Z/scout/blocks/r000b00274t8-neqoperf-multistream_upload-iouring-loopback
275	neqoperf	multistream_upload	iouring	loopback	16	ok		throughput_gbps	3	1.073742	.run/fixed-full-matrix-20260601T015324Z/scout/blocks/r000b00275t16-neqoperf-multistream_upload-iouring-loopback
277	neqoperf	bidi	syscall	loopback	1	ok		throughput_gbps	3	3.693085	.run/fixed-full-matrix-20260601T015324Z/scout/blocks/r000b00277t1-neqoperf-bidi-syscall-loopback
278	neqoperf	bidi	syscall	loopback	2	ok		throughput_gbps	3	3.378512	.run/fixed-full-matrix-20260601T015324Z/scout/blocks/r000b00278t2-neqoperf-bidi-syscall-loopback
279	neqoperf	bidi	syscall	loopback	4	ok		throughput_gbps	3	2.418016	.run/fixed-full-matrix-20260601T015324Z/scout/blocks/r000b00279t4-neqoperf-bidi-syscall-loopback
280	neqoperf	bidi	syscall	loopback	8	ok		throughput_gbps	3	1.610613	.run/fixed-full-matrix-20260601T015324Z/scout/blocks/r000b00280t8-neqoperf-bidi-syscall-loopback
281	neqoperf	bidi	syscall	loopback	16	ok		throughput_gbps	3	0.977273	.run/fixed-full-matrix-20260601T015324Z/scout/blocks/r000b00281t16-neqoperf-bidi-syscall-loopback
283	neqoperf	bidi	iouring	loopback	1	ok		throughput_gbps	3	3.663725	.run/fixed-full-matrix-20260601T015324Z/scout/blocks/r000b00283t1-neqoperf-bidi-iouring-loopback
284	neqoperf	bidi	iouring	loopback	2	ok		throughput_gbps	3	3.380609	.run/fixed-full-matrix-20260601T015324Z/scout/blocks/r000b00284t2-neqoperf-bidi-iouring-loopback
285	neqoperf	bidi	iouring	loopback	4	ok		throughput_gbps	3	2.434793	.run/fixed-full-matrix-20260601T015324Z/scout/blocks/r000b00285t4-neqoperf-bidi-iouring-loopback
286	neqoperf	bidi	iouring	loopback	8	ok		throughput_gbps	3	1.610613	.run/fixed-full-matrix-20260601T015324Z/scout/blocks/r000b00286t8-neqoperf-bidi-iouring-loopback
287	neqoperf	bidi	iouring	loopback	16	ok		throughput_gbps	3	0.979370	.run/fixed-full-matrix-20260601T015324Z/scout/blocks/r000b00287t16-neqoperf-bidi-iouring-loopback
289	neqoperf	small_payload_pps	syscall	loopback	1	ok		messages_per_second	3	6105.000000	.run/fixed-full-matrix-20260601T015324Z/scout/blocks/r000b00289t1-neqoperf-small_payload_pps-syscall-loopback
290	neqoperf	small_payload_pps	syscall	loopback	2	ok		messages_per_second	3	10891.000000	.run/fixed-full-matrix-20260601T015324Z/scout/blocks/r000b00290t2-neqoperf-small_payload_pps-syscall-loopback
291	neqoperf	small_payload_pps	syscall	loopback	4	ok		messages_per_second	3	14619.000000	.run/fixed-full-matrix-20260601T015324Z/scout/blocks/r000b00291t4-neqoperf-small_payload_pps-syscall-loopback
292	neqoperf	small_payload_pps	syscall	loopback	8	ok		messages_per_second	3	9393.000000	.run/fixed-full-matrix-20260601T015324Z/scout/blocks/r000b00292t8-neqoperf-small_payload_pps-syscall-loopback
293	neqoperf	small_payload_pps	syscall	loopback	16	ok		messages_per_second	3	5415.000000	.run/fixed-full-matrix-20260601T015324Z/scout/blocks/r000b00293t16-neqoperf-small_payload_pps-syscall-loopback
295	neqoperf	small_payload_pps	iouring	loopback	1	ok		messages_per_second	3	6135.000000	.run/fixed-full-matrix-20260601T015324Z/scout/blocks/r000b00295t1-neqoperf-small_payload_pps-iouring-loopback
296	neqoperf	small_payload_pps	iouring	loopback	2	ok		messages_per_second	3	10860.000000	.run/fixed-full-matrix-20260601T015324Z/scout/blocks/r000b00296t2-neqoperf-small_payload_pps-iouring-loopback
297	neqoperf	small_payload_pps	iouring	loopback	4	ok		messages_per_second	3	14555.000000	.run/fixed-full-matrix-20260601T015324Z/scout/blocks/r000b00297t4-neqoperf-small_payload_pps-iouring-loopback
298	neqoperf	small_payload_pps	iouring	loopback	8	ok		messages_per_second	3	9024.000000	.run/fixed-full-matrix-20260601T015324Z/scout/blocks/r000b00298t8-neqoperf-small_payload_pps-iouring-loopback
299	neqoperf	small_payload_pps	iouring	loopback	16	ok		messages_per_second	3	4987.000000	.run/fixed-full-matrix-20260601T015324Z/scout/blocks/r000b00299t16-neqoperf-small_payload_pps-iouring-loopback
301	neqoperf	loss_recovery	syscall	loopback	1	ok		throughput_gbps	3	4.446916	.run/fixed-full-matrix-20260601T015324Z/scout/blocks/r000b00301t1-neqoperf-loss_recovery-syscall-loopback
302	neqoperf	loss_recovery	syscall	loopback	2	ok		throughput_gbps	3	5.345191	.run/fixed-full-matrix-20260601T015324Z/scout/blocks/r000b00302t2-neqoperf-loss_recovery-syscall-loopback
303	neqoperf	loss_recovery	syscall	loopback	4	ok		throughput_gbps	3	4.420630	.run/fixed-full-matrix-20260601T015324Z/scout/blocks/r000b00303t4-neqoperf-loss_recovery-syscall-loopback
304	neqoperf	loss_recovery	syscall	loopback	8	ok		throughput_gbps	3	3.323214	.run/fixed-full-matrix-20260601T015324Z/scout/blocks/r000b00304t8-neqoperf-loss_recovery-syscall-loopback
305	neqoperf	loss_recovery	syscall	loopback	16	ok		throughput_gbps	3	2.027227	.run/fixed-full-matrix-20260601T015324Z/scout/blocks/r000b00305t16-neqoperf-loss_recovery-syscall-loopback
307	neqoperf	loss_recovery	iouring	loopback	1	ok		throughput_gbps	3	4.225363	.run/fixed-full-matrix-20260601T015324Z/scout/blocks/r000b00307t1-neqoperf-loss_recovery-iouring-loopback
308	neqoperf	loss_recovery	iouring	loopback	2	ok		throughput_gbps	3	5.274679	.run/fixed-full-matrix-20260601T015324Z/scout/blocks/r000b00308t2-neqoperf-loss_recovery-iouring-loopback
309	neqoperf	loss_recovery	iouring	loopback	4	ok		throughput_gbps	3	4.473225	.run/fixed-full-matrix-20260601T015324Z/scout/blocks/r000b00309t4-neqoperf-loss_recovery-iouring-loopback
310	neqoperf	loss_recovery	iouring	loopback	8	ok		throughput_gbps	3	3.349577	.run/fixed-full-matrix-20260601T015324Z/scout/blocks/r000b00310t8-neqoperf-loss_recovery-iouring-loopback
311	neqoperf	loss_recovery	iouring	loopback	16	ok		throughput_gbps	3	1.992294	.run/fixed-full-matrix-20260601T015324Z/scout/blocks/r000b00311t16-neqoperf-loss_recovery-iouring-loopback
313	neqoperf	flow_control	syscall	loopback	1	ok		throughput_gbps	3	4.722236	.run/fixed-full-matrix-20260601T015324Z/scout/blocks/r000b00313t1-neqoperf-flow_control-syscall-loopback
314	neqoperf	flow_control	syscall	loopback	2	ok		throughput_gbps	3	3.541118	.run/fixed-full-matrix-20260601T015324Z/scout/blocks/r000b00314t2-neqoperf-flow_control-syscall-loopback
315	neqoperf	flow_control	syscall	loopback	4	ok		throughput_gbps	3	2.797010	.run/fixed-full-matrix-20260601T015324Z/scout/blocks/r000b00315t4-neqoperf-flow_control-syscall-loopback
316	neqoperf	flow_control	syscall	loopback	8	ok		throughput_gbps	3	1.887058	.run/fixed-full-matrix-20260601T015324Z/scout/blocks/r000b00316t8-neqoperf-flow_control-syscall-loopback
317	neqoperf	flow_control	syscall	loopback	16	ok		throughput_gbps	3	1.203608	.run/fixed-full-matrix-20260601T015324Z/scout/blocks/r000b00317t16-neqoperf-flow_control-syscall-loopback
319	neqoperf	flow_control	iouring	loopback	1	ok		throughput_gbps	3	4.615434	.run/fixed-full-matrix-20260601T015324Z/scout/blocks/r000b00319t1-neqoperf-flow_control-iouring-loopback
320	neqoperf	flow_control	iouring	loopback	2	ok		throughput_gbps	3	5.397482	.run/fixed-full-matrix-20260601T015324Z/scout/blocks/r000b00320t2-neqoperf-flow_control-iouring-loopback
321	neqoperf	flow_control	iouring	loopback	4	ok		throughput_gbps	3	3.045015	.run/fixed-full-matrix-20260601T015324Z/scout/blocks/r000b00321t4-neqoperf-flow_control-iouring-loopback
322	neqoperf	flow_control	iouring	loopback	8	ok		throughput_gbps	3	2.112088	.run/fixed-full-matrix-20260601T015324Z/scout/blocks/r000b00322t8-neqoperf-flow_control-iouring-loopback
323	neqoperf	flow_control	iouring	loopback	16	ok		throughput_gbps	3	1.278028	.run/fixed-full-matrix-20260601T015324Z/scout/blocks/r000b00323t16-neqoperf-flow_control-iouring-loopback
325	neqoperf	resumed_connect	syscall	loopback	1	ok		connections_per_second	3	0.943369	.run/fixed-full-matrix-20260601T015324Z/scout/blocks/r000b00325t1-neqoperf-resumed_connect-syscall-loopback
326	neqoperf	resumed_connect	syscall	loopback	2	ok		connections_per_second	3	1.882982	.run/fixed-full-matrix-20260601T015324Z/scout/blocks/r000b00326t2-neqoperf-resumed_connect-syscall-loopback
327	neqoperf	resumed_connect	syscall	loopback	4	ok		connections_per_second	3	3.751392	.run/fixed-full-matrix-20260601T015324Z/scout/blocks/r000b00327t4-neqoperf-resumed_connect-syscall-loopback
328	neqoperf	resumed_connect	syscall	loopback	8	ok		connections_per_second	3	7.378855	.run/fixed-full-matrix-20260601T015324Z/scout/blocks/r000b00328t8-neqoperf-resumed_connect-syscall-loopback
329	neqoperf	resumed_connect	syscall	loopback	16	ok		connections_per_second	3	14.288360	.run/fixed-full-matrix-20260601T015324Z/scout/blocks/r000b00329t16-neqoperf-resumed_connect-syscall-loopback
331	neqoperf	resumed_connect	iouring	loopback	1	ok		connections_per_second	3	0.990788	.run/fixed-full-matrix-20260601T015324Z/scout/blocks/r000b00331t1-neqoperf-resumed_connect-iouring-loopback
332	neqoperf	resumed_connect	iouring	loopback	2	ok		connections_per_second	3	1.980014	.run/fixed-full-matrix-20260601T015324Z/scout/blocks/r000b00332t2-neqoperf-resumed_connect-iouring-loopback
333	neqoperf	resumed_connect	iouring	loopback	4	ok		connections_per_second	3	3.943504	.run/fixed-full-matrix-20260601T015324Z/scout/blocks/r000b00333t4-neqoperf-resumed_connect-iouring-loopback
334	neqoperf	resumed_connect	iouring	loopback	8	ok		connections_per_second	3	7.813809	.run/fixed-full-matrix-20260601T015324Z/scout/blocks/r000b00334t8-neqoperf-resumed_connect-iouring-loopback
335	neqoperf	resumed_connect	iouring	loopback	16	ok		connections_per_second	3	15.296828	.run/fixed-full-matrix-20260601T015324Z/scout/blocks/r000b00335t16-neqoperf-resumed_connect-iouring-loopback
337	neqoperf	zero_rtt_reqresp	syscall	loopback	1	ok		requests_per_second	3	5842.000000	.run/fixed-full-matrix-20260601T015324Z/scout/blocks/r000b00337t1-neqoperf-zero_rtt_reqresp-syscall-loopback
338	neqoperf	zero_rtt_reqresp	syscall	loopback	2	ok		requests_per_second	3	10495.000000	.run/fixed-full-matrix-20260601T015324Z/scout/blocks/r000b00338t2-neqoperf-zero_rtt_reqresp-syscall-loopback
339	neqoperf	zero_rtt_reqresp	syscall	loopback	4	ok		requests_per_second	3	11034.000000	.run/fixed-full-matrix-20260601T015324Z/scout/blocks/r000b00339t4-neqoperf-zero_rtt_reqresp-syscall-loopback
340	neqoperf	zero_rtt_reqresp	syscall	loopback	8	ok		requests_per_second	3	6656.000000	.run/fixed-full-matrix-20260601T015324Z/scout/blocks/r000b00340t8-neqoperf-zero_rtt_reqresp-syscall-loopback
341	neqoperf	zero_rtt_reqresp	syscall	loopback	16	ok		requests_per_second	3	3584.000000	.run/fixed-full-matrix-20260601T015324Z/scout/blocks/r000b00341t16-neqoperf-zero_rtt_reqresp-syscall-loopback
343	neqoperf	zero_rtt_reqresp	iouring	loopback	1	ok		requests_per_second	3	5756.000000	.run/fixed-full-matrix-20260601T015324Z/scout/blocks/r000b00343t1-neqoperf-zero_rtt_reqresp-iouring-loopback
344	neqoperf	zero_rtt_reqresp	iouring	loopback	2	ok		requests_per_second	3	10535.000000	.run/fixed-full-matrix-20260601T015324Z/scout/blocks/r000b00344t2-neqoperf-zero_rtt_reqresp-iouring-loopback
345	neqoperf	zero_rtt_reqresp	iouring	loopback	4	ok		requests_per_second	3	11468.000000	.run/fixed-full-matrix-20260601T015324Z/scout/blocks/r000b00345t4-neqoperf-zero_rtt_reqresp-iouring-loopback
346	neqoperf	zero_rtt_reqresp	iouring	loopback	8	ok		requests_per_second	3	6656.000000	.run/fixed-full-matrix-20260601T015324Z/scout/blocks/r000b00346t8-neqoperf-zero_rtt_reqresp-iouring-loopback
347	neqoperf	zero_rtt_reqresp	iouring	loopback	16	ok		requests_per_second	3	3530.000000	.run/fixed-full-matrix-20260601T015324Z/scout/blocks/r000b00347t16-neqoperf-zero_rtt_reqresp-iouring-loopback
349	neqoperf	datagram	syscall	loopback	1	ok		datagrams_per_second	3	1594876.000000	.run/fixed-full-matrix-20260601T015324Z/scout/blocks/r000b00349t1-neqoperf-datagram-syscall-loopback
350	neqoperf	datagram	syscall	loopback	2	ok		datagrams_per_second	3	2129641.000000	.run/fixed-full-matrix-20260601T015324Z/scout/blocks/r000b00350t2-neqoperf-datagram-syscall-loopback
351	neqoperf	datagram	syscall	loopback	4	ok		datagrams_per_second	3	1859476.000000	.run/fixed-full-matrix-20260601T015324Z/scout/blocks/r000b00351t4-neqoperf-datagram-syscall-loopback
352	neqoperf	datagram	syscall	loopback	8	ok		datagrams_per_second	3	1349751.000000	.run/fixed-full-matrix-20260601T015324Z/scout/blocks/r000b00352t8-neqoperf-datagram-syscall-loopback
353	neqoperf	datagram	syscall	loopback	16	ok		datagrams_per_second	3	933854.000000	.run/fixed-full-matrix-20260601T015324Z/scout/blocks/r000b00353t16-neqoperf-datagram-syscall-loopback
355	neqoperf	datagram	iouring	loopback	1	ok		datagrams_per_second	3	1496565.000000	.run/fixed-full-matrix-20260601T015324Z/scout/blocks/r000b00355t1-neqoperf-datagram-iouring-loopback
356	neqoperf	datagram	iouring	loopback	2	ok		datagrams_per_second	3	1864618.000000	.run/fixed-full-matrix-20260601T015324Z/scout/blocks/r000b00356t2-neqoperf-datagram-iouring-loopback
357	neqoperf	datagram	iouring	loopback	4	ok		datagrams_per_second	3	1802910.000000	.run/fixed-full-matrix-20260601T015324Z/scout/blocks/r000b00357t4-neqoperf-datagram-iouring-loopback
358	neqoperf	datagram	iouring	loopback	8	ok		datagrams_per_second	3	1322763.000000	.run/fixed-full-matrix-20260601T015324Z/scout/blocks/r000b00358t8-neqoperf-datagram-iouring-loopback
359	neqoperf	datagram	iouring	loopback	16	ok		datagrams_per_second	3	900985.000000	.run/fixed-full-matrix-20260601T015324Z/scout/blocks/r000b00359t16-neqoperf-datagram-iouring-loopback
361	neqoperf	idle_footprint	syscall	loopback	1	ok		server_rss_delta_bytes_per_connection	3	1417216.000000	.run/fixed-full-matrix-20260601T015324Z/scout/blocks/r000b00361t1-neqoperf-idle_footprint-syscall-loopback
362	neqoperf	idle_footprint	syscall	loopback	2	ok		server_rss_delta_bytes_per_connection	3	821248.000000	.run/fixed-full-matrix-20260601T015324Z/scout/blocks/r000b00362t2-neqoperf-idle_footprint-syscall-loopback
363	neqoperf	idle_footprint	syscall	loopback	4	ok		server_rss_delta_bytes_per_connection	3	531456.000000	.run/fixed-full-matrix-20260601T015324Z/scout/blocks/r000b00363t4-neqoperf-idle_footprint-syscall-loopback
364	neqoperf	idle_footprint	syscall	loopback	8	ok		server_rss_delta_bytes_per_connection	3	412160.000000	.run/fixed-full-matrix-20260601T015324Z/scout/blocks/r000b00364t8-neqoperf-idle_footprint-syscall-loopback
365	neqoperf	idle_footprint	syscall	loopback	16	ok		server_rss_delta_bytes_per_connection	3	343040.000000	.run/fixed-full-matrix-20260601T015324Z/scout/blocks/r000b00365t16-neqoperf-idle_footprint-syscall-loopback
367	neqoperf	idle_footprint	iouring	loopback	1	ok		server_rss_delta_bytes_per_connection	3	1609728.000000	.run/fixed-full-matrix-20260601T015324Z/scout/blocks/r000b00367t1-neqoperf-idle_footprint-iouring-loopback
368	neqoperf	idle_footprint	iouring	loopback	2	ok		server_rss_delta_bytes_per_connection	3	995328.000000	.run/fixed-full-matrix-20260601T015324Z/scout/blocks/r000b00368t2-neqoperf-idle_footprint-iouring-loopback
369	neqoperf	idle_footprint	iouring	loopback	4	ok		server_rss_delta_bytes_per_connection	3	625664.000000	.run/fixed-full-matrix-20260601T015324Z/scout/blocks/r000b00369t4-neqoperf-idle_footprint-iouring-loopback
370	neqoperf	idle_footprint	iouring	loopback	8	ok		server_rss_delta_bytes_per_connection	3	452608.000000	.run/fixed-full-matrix-20260601T015324Z/scout/blocks/r000b00370t8-neqoperf-idle_footprint-iouring-loopback
371	neqoperf	idle_footprint	iouring	loopback	16	ok		server_rss_delta_bytes_per_connection	3	371968.000000	.run/fixed-full-matrix-20260601T015324Z/scout/blocks/r000b00371t16-neqoperf-idle_footprint-iouring-loopback
373	neqoperf	close_reset_cleanup	syscall	loopback	1	ok		streams_per_second	3	6139.000000	.run/fixed-full-matrix-20260601T015324Z/scout/blocks/r000b00373t1-neqoperf-close_reset_cleanup-syscall-loopback
374	neqoperf	close_reset_cleanup	syscall	loopback	2	ok		streams_per_second	3	10939.000000	.run/fixed-full-matrix-20260601T015324Z/scout/blocks/r000b00374t2-neqoperf-close_reset_cleanup-syscall-loopback
375	neqoperf	close_reset_cleanup	syscall	loopback	4	ok		streams_per_second	3	14715.000000	.run/fixed-full-matrix-20260601T015324Z/scout/blocks/r000b00375t4-neqoperf-close_reset_cleanup-syscall-loopback
376	neqoperf	close_reset_cleanup	syscall	loopback	8	ok		streams_per_second	3	9320.000000	.run/fixed-full-matrix-20260601T015324Z/scout/blocks/r000b00376t8-neqoperf-close_reset_cleanup-syscall-loopback
377	neqoperf	close_reset_cleanup	syscall	loopback	16	ok		streams_per_second	3	5307.000000	.run/fixed-full-matrix-20260601T015324Z/scout/blocks/r000b00377t16-neqoperf-close_reset_cleanup-syscall-loopback
379	neqoperf	close_reset_cleanup	iouring	loopback	1	ok		streams_per_second	3	6091.000000	.run/fixed-full-matrix-20260601T015324Z/scout/blocks/r000b00379t1-neqoperf-close_reset_cleanup-iouring-loopback
380	neqoperf	close_reset_cleanup	iouring	loopback	2	ok		streams_per_second	3	10961.000000	.run/fixed-full-matrix-20260601T015324Z/scout/blocks/r000b00380t2-neqoperf-close_reset_cleanup-iouring-loopback
381	neqoperf	close_reset_cleanup	iouring	loopback	4	ok		streams_per_second	3	14901.000000	.run/fixed-full-matrix-20260601T015324Z/scout/blocks/r000b00381t4-neqoperf-close_reset_cleanup-iouring-loopback
382	neqoperf	close_reset_cleanup	iouring	loopback	8	ok		streams_per_second	3	8768.000000	.run/fixed-full-matrix-20260601T015324Z/scout/blocks/r000b00382t8-neqoperf-close_reset_cleanup-iouring-loopback
383	neqoperf	close_reset_cleanup	iouring	loopback	16	ok		streams_per_second	3	5076.000000	.run/fixed-full-matrix-20260601T015324Z/scout/blocks/r000b00383t16-neqoperf-close_reset_cleanup-iouring-loopback
385	lsperf	download	syscall	loopback	1	ok		throughput_gbps	3	14.335704	.run/fixed-full-matrix-20260601T015324Z/scout/blocks/r000b00385t1-lsperf-download-syscall-loopback
386	lsperf	download	syscall	loopback	2	ok		throughput_gbps	3	4.389743	.run/fixed-full-matrix-20260601T015324Z/scout/blocks/r000b00386t2-lsperf-download-syscall-loopback
387	lsperf	download	syscall	loopback	4	ok		throughput_gbps	3	3.874781	.run/fixed-full-matrix-20260601T015324Z/scout/blocks/r000b00387t4-lsperf-download-syscall-loopback
388	lsperf	download	syscall	loopback	8	ok		throughput_gbps	3	3.904569	.run/fixed-full-matrix-20260601T015324Z/scout/blocks/r000b00388t8-lsperf-download-syscall-loopback
389	lsperf	download	syscall	loopback	16	ok		throughput_gbps	3	3.430967	.run/fixed-full-matrix-20260601T015324Z/scout/blocks/r000b00389t16-lsperf-download-syscall-loopback
391	lsperf	download	iouring	loopback	1	ok		throughput_gbps	3	15.183553	.run/fixed-full-matrix-20260601T015324Z/scout/blocks/r000b00391t1-lsperf-download-iouring-loopback
392	lsperf	download	iouring	loopback	2	ok		throughput_gbps	3	0.330029	.run/fixed-full-matrix-20260601T015324Z/scout/blocks/r000b00392t2-lsperf-download-iouring-loopback
393	lsperf	download	iouring	loopback	4	ok		throughput_gbps	3	0.636352	.run/fixed-full-matrix-20260601T015324Z/scout/blocks/r000b00393t4-lsperf-download-iouring-loopback
394	lsperf	download	iouring	loopback	8	ok		throughput_gbps	3	0.610415	.run/fixed-full-matrix-20260601T015324Z/scout/blocks/r000b00394t8-lsperf-download-iouring-loopback
395	lsperf	download	iouring	loopback	16	ok		throughput_gbps	3	0.610342	.run/fixed-full-matrix-20260601T015324Z/scout/blocks/r000b00395t16-lsperf-download-iouring-loopback
397	lsperf	upload	syscall	loopback	1	ok		throughput_gbps	3	13.828953	.run/fixed-full-matrix-20260601T015324Z/scout/blocks/r000b00397t1-lsperf-upload-syscall-loopback
398	lsperf	upload	syscall	loopback	2	ok		throughput_gbps	3	32.414197	.run/fixed-full-matrix-20260601T015324Z/scout/blocks/r000b00398t2-lsperf-upload-syscall-loopback
399	lsperf	upload	syscall	loopback	4	ok		throughput_gbps	3	31.620753	.run/fixed-full-matrix-20260601T015324Z/scout/blocks/r000b00399t4-lsperf-upload-syscall-loopback
400	lsperf	upload	syscall	loopback	8	ok		throughput_gbps	3	28.459097	.run/fixed-full-matrix-20260601T015324Z/scout/blocks/r000b00400t8-lsperf-upload-syscall-loopback
401	lsperf	upload	syscall	loopback	16	ok		throughput_gbps	3	25.034435	.run/fixed-full-matrix-20260601T015324Z/scout/blocks/r000b00401t16-lsperf-upload-syscall-loopback
403	lsperf	upload	iouring	loopback	1	ok		throughput_gbps	3	12.546424	.run/fixed-full-matrix-20260601T015324Z/scout/blocks/r000b00403t1-lsperf-upload-iouring-loopback
404	lsperf	upload	iouring	loopback	2	ok		throughput_gbps	3	23.173650	.run/fixed-full-matrix-20260601T015324Z/scout/blocks/r000b00404t2-lsperf-upload-iouring-loopback
405	lsperf	upload	iouring	loopback	4	ok		throughput_gbps	3	21.328708	.run/fixed-full-matrix-20260601T015324Z/scout/blocks/r000b00405t4-lsperf-upload-iouring-loopback
406	lsperf	upload	iouring	loopback	8	ok		throughput_gbps	3	18.774819	.run/fixed-full-matrix-20260601T015324Z/scout/blocks/r000b00406t8-lsperf-upload-iouring-loopback
407	lsperf	upload	iouring	loopback	16	ok		throughput_gbps	3	17.546464	.run/fixed-full-matrix-20260601T015324Z/scout/blocks/r000b00407t16-lsperf-upload-iouring-loopback
409	lsperf	connect	syscall	loopback	1	ok		connections_per_second	3	1210.082407	.run/fixed-full-matrix-20260601T015324Z/scout/blocks/r000b00409t1-lsperf-connect-syscall-loopback
410	lsperf	connect	syscall	loopback	2	ok		connections_per_second	3	2035.695928	.run/fixed-full-matrix-20260601T015324Z/scout/blocks/r000b00410t2-lsperf-connect-syscall-loopback
411	lsperf	connect	syscall	loopback	4	ok		connections_per_second	3	2802.293958	.run/fixed-full-matrix-20260601T015324Z/scout/blocks/r000b00411t4-lsperf-connect-syscall-loopback
412	lsperf	connect	syscall	loopback	8	ok		connections_per_second	3	2720.882056	.run/fixed-full-matrix-20260601T015324Z/scout/blocks/r000b00412t8-lsperf-connect-syscall-loopback
413	lsperf	connect	syscall	loopback	16	ok		connections_per_second	3	3356.990324	.run/fixed-full-matrix-20260601T015324Z/scout/blocks/r000b00413t16-lsperf-connect-syscall-loopback
415	lsperf	connect	iouring	loopback	1	ok		connections_per_second	3	1491.967248	.run/fixed-full-matrix-20260601T015324Z/scout/blocks/r000b00415t1-lsperf-connect-iouring-loopback
416	lsperf	connect	iouring	loopback	2	ok		connections_per_second	3	2705.920554	.run/fixed-full-matrix-20260601T015324Z/scout/blocks/r000b00416t2-lsperf-connect-iouring-loopback
417	lsperf	connect	iouring	loopback	4	ok		connections_per_second	3	3922.603118	.run/fixed-full-matrix-20260601T015324Z/scout/blocks/r000b00417t4-lsperf-connect-iouring-loopback
418	lsperf	connect	iouring	loopback	8	ok		connections_per_second	3	5799.833255	.run/fixed-full-matrix-20260601T015324Z/scout/blocks/r000b00418t8-lsperf-connect-iouring-loopback
419	lsperf	connect	iouring	loopback	16	ok		connections_per_second	3	6977.664061	.run/fixed-full-matrix-20260601T015324Z/scout/blocks/r000b00419t16-lsperf-connect-iouring-loopback
421	lsperf	reqresp	syscall	loopback	1	ok		requests_per_second	3	30015.000000	.run/fixed-full-matrix-20260601T015324Z/scout/blocks/r000b00421t1-lsperf-reqresp-syscall-loopback
422	lsperf	reqresp	syscall	loopback	2	ok		requests_per_second	3	47674.000000	.run/fixed-full-matrix-20260601T015324Z/scout/blocks/r000b00422t2-lsperf-reqresp-syscall-loopback
423	lsperf	reqresp	syscall	loopback	4	ok		requests_per_second	3	72306.000000	.run/fixed-full-matrix-20260601T015324Z/scout/blocks/r000b00423t4-lsperf-reqresp-syscall-loopback
424	lsperf	reqresp	syscall	loopback	8	ok		requests_per_second	3	106680.000000	.run/fixed-full-matrix-20260601T015324Z/scout/blocks/r000b00424t8-lsperf-reqresp-syscall-loopback
425	lsperf	reqresp	syscall	loopback	16	ok		requests_per_second	3	146182.000000	.run/fixed-full-matrix-20260601T015324Z/scout/blocks/r000b00425t16-lsperf-reqresp-syscall-loopback
427	lsperf	reqresp	iouring	loopback	1	ok		requests_per_second	3	18966.000000	.run/fixed-full-matrix-20260601T015324Z/scout/blocks/r000b00427t1-lsperf-reqresp-iouring-loopback
428	lsperf	reqresp	iouring	loopback	2	ok		requests_per_second	3	26341.000000	.run/fixed-full-matrix-20260601T015324Z/scout/blocks/r000b00428t2-lsperf-reqresp-iouring-loopback
429	lsperf	reqresp	iouring	loopback	4	ok		requests_per_second	3	39195.000000	.run/fixed-full-matrix-20260601T015324Z/scout/blocks/r000b00429t4-lsperf-reqresp-iouring-loopback
430	lsperf	reqresp	iouring	loopback	8	ok		requests_per_second	3	61230.000000	.run/fixed-full-matrix-20260601T015324Z/scout/blocks/r000b00430t8-lsperf-reqresp-iouring-loopback
431	lsperf	reqresp	iouring	loopback	16	ok		requests_per_second	3	70756.000000	.run/fixed-full-matrix-20260601T015324Z/scout/blocks/r000b00431t16-lsperf-reqresp-iouring-loopback
433	lsperf	stream_churn	syscall	loopback	1	ok		streams_per_second	3	28402.000000	.run/fixed-full-matrix-20260601T015324Z/scout/blocks/r000b00433t1-lsperf-stream_churn-syscall-loopback
434	lsperf	stream_churn	syscall	loopback	2	ok		streams_per_second	3	48580.000000	.run/fixed-full-matrix-20260601T015324Z/scout/blocks/r000b00434t2-lsperf-stream_churn-syscall-loopback
435	lsperf	stream_churn	syscall	loopback	4	ok		streams_per_second	3	73885.000000	.run/fixed-full-matrix-20260601T015324Z/scout/blocks/r000b00435t4-lsperf-stream_churn-syscall-loopback
436	lsperf	stream_churn	syscall	loopback	8	ok		streams_per_second	3	105072.000000	.run/fixed-full-matrix-20260601T015324Z/scout/blocks/r000b00436t8-lsperf-stream_churn-syscall-loopback
437	lsperf	stream_churn	syscall	loopback	16	ok		streams_per_second	3	141104.000000	.run/fixed-full-matrix-20260601T015324Z/scout/blocks/r000b00437t16-lsperf-stream_churn-syscall-loopback
439	lsperf	stream_churn	iouring	loopback	1	ok		streams_per_second	3	21184.000000	.run/fixed-full-matrix-20260601T015324Z/scout/blocks/r000b00439t1-lsperf-stream_churn-iouring-loopback
440	lsperf	stream_churn	iouring	loopback	2	ok		streams_per_second	3	27288.000000	.run/fixed-full-matrix-20260601T015324Z/scout/blocks/r000b00440t2-lsperf-stream_churn-iouring-loopback
441	lsperf	stream_churn	iouring	loopback	4	ok		streams_per_second	3	37720.000000	.run/fixed-full-matrix-20260601T015324Z/scout/blocks/r000b00441t4-lsperf-stream_churn-iouring-loopback
442	lsperf	stream_churn	iouring	loopback	8	ok		streams_per_second	3	53016.000000	.run/fixed-full-matrix-20260601T015324Z/scout/blocks/r000b00442t8-lsperf-stream_churn-iouring-loopback
443	lsperf	stream_churn	iouring	loopback	16	ok		streams_per_second	3	73728.000000	.run/fixed-full-matrix-20260601T015324Z/scout/blocks/r000b00443t16-lsperf-stream_churn-iouring-loopback
445	lsperf	multistream_download	syscall	loopback	1	ok		throughput_gbps	3	0.192938	.run/fixed-full-matrix-20260601T015324Z/scout/blocks/r000b00445t1-lsperf-multistream_download-syscall-loopback
446	lsperf	multistream_download	syscall	loopback	2	ok		throughput_gbps	3	0.385876	.run/fixed-full-matrix-20260601T015324Z/scout/blocks/r000b00446t2-lsperf-multistream_download-syscall-loopback
447	lsperf	multistream_download	syscall	loopback	4	ok		throughput_gbps	3	0.771752	.run/fixed-full-matrix-20260601T015324Z/scout/blocks/r000b00447t4-lsperf-multistream_download-syscall-loopback
448	lsperf	multistream_download	syscall	loopback	8	ok		throughput_gbps	3	1.543504	.run/fixed-full-matrix-20260601T015324Z/scout/blocks/r000b00448t8-lsperf-multistream_download-syscall-loopback
449	lsperf	multistream_download	syscall	loopback	16	ok		throughput_gbps	3	3.087008	.run/fixed-full-matrix-20260601T015324Z/scout/blocks/r000b00449t16-lsperf-multistream_download-syscall-loopback
451	lsperf	multistream_download	iouring	loopback	1	ok		throughput_gbps	3	0.192938	.run/fixed-full-matrix-20260601T015324Z/scout/blocks/r000b00451t1-lsperf-multistream_download-iouring-loopback
452	lsperf	multistream_download	iouring	loopback	2	ok		throughput_gbps	3	0.138516	.run/fixed-full-matrix-20260601T015324Z/scout/blocks/r000b00452t2-lsperf-multistream_download-iouring-loopback
453	lsperf	multistream_download	iouring	loopback	4	ok		throughput_gbps	3	0.101266	.run/fixed-full-matrix-20260601T015324Z/scout/blocks/r000b00453t4-lsperf-multistream_download-iouring-loopback
454	lsperf	multistream_download	iouring	loopback	8	ok		throughput_gbps	3	0.163097	.run/fixed-full-matrix-20260601T015324Z/scout/blocks/r000b00454t8-lsperf-multistream_download-iouring-loopback
455	lsperf	multistream_download	iouring	loopback	16	ok		throughput_gbps	3	0.292072	.run/fixed-full-matrix-20260601T015324Z/scout/blocks/r000b00455t16-lsperf-multistream_download-iouring-loopback
457	lsperf	multistream_upload	syscall	loopback	1	ok		throughput_gbps	3	0.192938	.run/fixed-full-matrix-20260601T015324Z/scout/blocks/r000b00457t1-lsperf-multistream_upload-syscall-loopback
458	lsperf	multistream_upload	syscall	loopback	2	ok		throughput_gbps	3	0.385876	.run/fixed-full-matrix-20260601T015324Z/scout/blocks/r000b00458t2-lsperf-multistream_upload-syscall-loopback
459	lsperf	multistream_upload	syscall	loopback	4	ok		throughput_gbps	3	0.771752	.run/fixed-full-matrix-20260601T015324Z/scout/blocks/r000b00459t4-lsperf-multistream_upload-syscall-loopback
460	lsperf	multistream_upload	syscall	loopback	8	ok		throughput_gbps	3	1.543504	.run/fixed-full-matrix-20260601T015324Z/scout/blocks/r000b00460t8-lsperf-multistream_upload-syscall-loopback
461	lsperf	multistream_upload	syscall	loopback	16	ok		throughput_gbps	3	3.087008	.run/fixed-full-matrix-20260601T015324Z/scout/blocks/r000b00461t16-lsperf-multistream_upload-syscall-loopback
463	lsperf	multistream_upload	iouring	loopback	1	ok		throughput_gbps	3	0.192938	.run/fixed-full-matrix-20260601T015324Z/scout/blocks/r000b00463t1-lsperf-multistream_upload-iouring-loopback
464	lsperf	multistream_upload	iouring	loopback	2	ok		throughput_gbps	3	0.385876	.run/fixed-full-matrix-20260601T015324Z/scout/blocks/r000b00464t2-lsperf-multistream_upload-iouring-loopback
465	lsperf	multistream_upload	iouring	loopback	4	ok		throughput_gbps	3	0.771752	.run/fixed-full-matrix-20260601T015324Z/scout/blocks/r000b00465t4-lsperf-multistream_upload-iouring-loopback
466	lsperf	multistream_upload	iouring	loopback	8	ok		throughput_gbps	3	1.543504	.run/fixed-full-matrix-20260601T015324Z/scout/blocks/r000b00466t8-lsperf-multistream_upload-iouring-loopback
467	lsperf	multistream_upload	iouring	loopback	16	ok		throughput_gbps	3	3.087008	.run/fixed-full-matrix-20260601T015324Z/scout/blocks/r000b00467t16-lsperf-multistream_upload-iouring-loopback
469	lsperf	bidi	syscall	loopback	1	ok		throughput_gbps	3	0.268435	.run/fixed-full-matrix-20260601T015324Z/scout/blocks/r000b00469t1-lsperf-bidi-syscall-loopback
470	lsperf	bidi	syscall	loopback	2	ok		throughput_gbps	3	0.536871	.run/fixed-full-matrix-20260601T015324Z/scout/blocks/r000b00470t2-lsperf-bidi-syscall-loopback
471	lsperf	bidi	syscall	loopback	4	ok		throughput_gbps	3	1.073742	.run/fixed-full-matrix-20260601T015324Z/scout/blocks/r000b00471t4-lsperf-bidi-syscall-loopback
472	lsperf	bidi	syscall	loopback	8	ok		throughput_gbps	3	2.147484	.run/fixed-full-matrix-20260601T015324Z/scout/blocks/r000b00472t8-lsperf-bidi-syscall-loopback
473	lsperf	bidi	syscall	loopback	16	ok		throughput_gbps	3	4.294967	.run/fixed-full-matrix-20260601T015324Z/scout/blocks/r000b00473t16-lsperf-bidi-syscall-loopback
475	lsperf	bidi	iouring	loopback	1	ok		throughput_gbps	3	0.268435	.run/fixed-full-matrix-20260601T015324Z/scout/blocks/r000b00475t1-lsperf-bidi-iouring-loopback
476	lsperf	bidi	iouring	loopback	2	ok		throughput_gbps	3	0.536871	.run/fixed-full-matrix-20260601T015324Z/scout/blocks/r000b00476t2-lsperf-bidi-iouring-loopback
477	lsperf	bidi	iouring	loopback	4	ok		throughput_gbps	3	1.073742	.run/fixed-full-matrix-20260601T015324Z/scout/blocks/r000b00477t4-lsperf-bidi-iouring-loopback
478	lsperf	bidi	iouring	loopback	8	ok		throughput_gbps	3	2.147484	.run/fixed-full-matrix-20260601T015324Z/scout/blocks/r000b00478t8-lsperf-bidi-iouring-loopback
479	lsperf	bidi	iouring	loopback	16	ok		throughput_gbps	3	0.364900	.run/fixed-full-matrix-20260601T015324Z/scout/blocks/r000b00479t16-lsperf-bidi-iouring-loopback
481	lsperf	small_payload_pps	syscall	loopback	1	ok		messages_per_second	3	28579.000000	.run/fixed-full-matrix-20260601T015324Z/scout/blocks/r000b00481t1-lsperf-small_payload_pps-syscall-loopback
482	lsperf	small_payload_pps	syscall	loopback	2	ok		messages_per_second	3	48644.000000	.run/fixed-full-matrix-20260601T015324Z/scout/blocks/r000b00482t2-lsperf-small_payload_pps-syscall-loopback
483	lsperf	small_payload_pps	syscall	loopback	4	ok		messages_per_second	3	74232.000000	.run/fixed-full-matrix-20260601T015324Z/scout/blocks/r000b00483t4-lsperf-small_payload_pps-syscall-loopback
484	lsperf	small_payload_pps	syscall	loopback	8	ok		messages_per_second	3	106921.000000	.run/fixed-full-matrix-20260601T015324Z/scout/blocks/r000b00484t8-lsperf-small_payload_pps-syscall-loopback
485	lsperf	small_payload_pps	syscall	loopback	16	ok		messages_per_second	3	147104.000000	.run/fixed-full-matrix-20260601T015324Z/scout/blocks/r000b00485t16-lsperf-small_payload_pps-syscall-loopback
487	lsperf	small_payload_pps	iouring	loopback	1	ok		messages_per_second	3	21277.000000	.run/fixed-full-matrix-20260601T015324Z/scout/blocks/r000b00487t1-lsperf-small_payload_pps-iouring-loopback
488	lsperf	small_payload_pps	iouring	loopback	2	ok		messages_per_second	3	26784.000000	.run/fixed-full-matrix-20260601T015324Z/scout/blocks/r000b00488t2-lsperf-small_payload_pps-iouring-loopback
489	lsperf	small_payload_pps	iouring	loopback	4	ok		messages_per_second	3	38072.000000	.run/fixed-full-matrix-20260601T015324Z/scout/blocks/r000b00489t4-lsperf-small_payload_pps-iouring-loopback
490	lsperf	small_payload_pps	iouring	loopback	8	ok		messages_per_second	3	53120.000000	.run/fixed-full-matrix-20260601T015324Z/scout/blocks/r000b00490t8-lsperf-small_payload_pps-iouring-loopback
491	lsperf	small_payload_pps	iouring	loopback	16	ok		messages_per_second	3	74968.000000	.run/fixed-full-matrix-20260601T015324Z/scout/blocks/r000b00491t16-lsperf-small_payload_pps-iouring-loopback
493	lsperf	loss_recovery	syscall	loopback	1	ok		throughput_gbps	3	16.408778	.run/fixed-full-matrix-20260601T015324Z/scout/blocks/r000b00493t1-lsperf-loss_recovery-syscall-loopback
494	lsperf	loss_recovery	syscall	loopback	2	ok		throughput_gbps	3	4.983047	.run/fixed-full-matrix-20260601T015324Z/scout/blocks/r000b00494t2-lsperf-loss_recovery-syscall-loopback
495	lsperf	loss_recovery	syscall	loopback	4	ok		throughput_gbps	3	4.228566	.run/fixed-full-matrix-20260601T015324Z/scout/blocks/r000b00495t4-lsperf-loss_recovery-syscall-loopback
496	lsperf	loss_recovery	syscall	loopback	8	ok		throughput_gbps	3	4.062659	.run/fixed-full-matrix-20260601T015324Z/scout/blocks/r000b00496t8-lsperf-loss_recovery-syscall-loopback
497	lsperf	loss_recovery	syscall	loopback	16	ok		throughput_gbps	3	3.552582	.run/fixed-full-matrix-20260601T015324Z/scout/blocks/r000b00497t16-lsperf-loss_recovery-syscall-loopback
499	lsperf	loss_recovery	iouring	loopback	1	ok		throughput_gbps	3	15.559889	.run/fixed-full-matrix-20260601T015324Z/scout/blocks/r000b00499t1-lsperf-loss_recovery-iouring-loopback
500	lsperf	loss_recovery	iouring	loopback	2	ok		throughput_gbps	3	5.206320	.run/fixed-full-matrix-20260601T015324Z/scout/blocks/r000b00500t2-lsperf-loss_recovery-iouring-loopback
501	lsperf	loss_recovery	iouring	loopback	4	ok		throughput_gbps	3	0.407085	.run/fixed-full-matrix-20260601T015324Z/scout/blocks/r000b00501t4-lsperf-loss_recovery-iouring-loopback
502	lsperf	loss_recovery	iouring	loopback	8	ok		throughput_gbps	3	0.501585	.run/fixed-full-matrix-20260601T015324Z/scout/blocks/r000b00502t8-lsperf-loss_recovery-iouring-loopback
503	lsperf	loss_recovery	iouring	loopback	16	ok		throughput_gbps	3	0.573527	.run/fixed-full-matrix-20260601T015324Z/scout/blocks/r000b00503t16-lsperf-loss_recovery-iouring-loopback
505	lsperf	flow_control	syscall	loopback	1	ok		throughput_gbps	3	13.228861	.run/fixed-full-matrix-20260601T015324Z/scout/blocks/r000b00505t1-lsperf-flow_control-syscall-loopback
506	lsperf	flow_control	syscall	loopback	2	ok		throughput_gbps	3	4.470816	.run/fixed-full-matrix-20260601T015324Z/scout/blocks/r000b00506t2-lsperf-flow_control-syscall-loopback
507	lsperf	flow_control	syscall	loopback	4	ok		throughput_gbps	3	4.394935	.run/fixed-full-matrix-20260601T015324Z/scout/blocks/r000b00507t4-lsperf-flow_control-syscall-loopback
508	lsperf	flow_control	syscall	loopback	8	ok		throughput_gbps	3	3.501179	.run/fixed-full-matrix-20260601T015324Z/scout/blocks/r000b00508t8-lsperf-flow_control-syscall-loopback
509	lsperf	flow_control	syscall	loopback	16	ok		throughput_gbps	3	3.584105	.run/fixed-full-matrix-20260601T015324Z/scout/blocks/r000b00509t16-lsperf-flow_control-syscall-loopback
511	lsperf	flow_control	iouring	loopback	1	ok		throughput_gbps	3	11.590869	.run/fixed-full-matrix-20260601T015324Z/scout/blocks/r000b00511t1-lsperf-flow_control-iouring-loopback
512	lsperf	flow_control	iouring	loopback	2	ok		throughput_gbps	3	4.608481	.run/fixed-full-matrix-20260601T015324Z/scout/blocks/r000b00512t2-lsperf-flow_control-iouring-loopback
513	lsperf	flow_control	iouring	loopback	4	ok		throughput_gbps	3	3.480523	.run/fixed-full-matrix-20260601T015324Z/scout/blocks/r000b00513t4-lsperf-flow_control-iouring-loopback
514	lsperf	flow_control	iouring	loopback	8	ok		throughput_gbps	3	3.842677	.run/fixed-full-matrix-20260601T015324Z/scout/blocks/r000b00514t8-lsperf-flow_control-iouring-loopback
515	lsperf	flow_control	iouring	loopback	16	ok		throughput_gbps	3	3.676341	.run/fixed-full-matrix-20260601T015324Z/scout/blocks/r000b00515t16-lsperf-flow_control-iouring-loopback
517	lsperf	resumed_connect	syscall	loopback	1	ok		connections_per_second	3	345.270962	.run/fixed-full-matrix-20260601T015324Z/scout/blocks/r000b00517t1-lsperf-resumed_connect-syscall-loopback
518	lsperf	resumed_connect	syscall	loopback	2	ok		connections_per_second	3	250.903157	.run/fixed-full-matrix-20260601T015324Z/scout/blocks/r000b00518t2-lsperf-resumed_connect-syscall-loopback
519	lsperf	resumed_connect	syscall	loopback	4	ok		connections_per_second	3	323.614096	.run/fixed-full-matrix-20260601T015324Z/scout/blocks/r000b00519t4-lsperf-resumed_connect-syscall-loopback
520	lsperf	resumed_connect	syscall	loopback	8	ok		connections_per_second	3	285.109121	.run/fixed-full-matrix-20260601T015324Z/scout/blocks/r000b00520t8-lsperf-resumed_connect-syscall-loopback
521	lsperf	resumed_connect	syscall	loopback	16	ok		connections_per_second	3	274.333685	.run/fixed-full-matrix-20260601T015324Z/scout/blocks/r000b00521t16-lsperf-resumed_connect-syscall-loopback
523	lsperf	resumed_connect	iouring	loopback	1	ok		connections_per_second	3	341.983346	.run/fixed-full-matrix-20260601T015324Z/scout/blocks/r000b00523t1-lsperf-resumed_connect-iouring-loopback
524	lsperf	resumed_connect	iouring	loopback	2	ok		connections_per_second	3	411.951877	.run/fixed-full-matrix-20260601T015324Z/scout/blocks/r000b00524t2-lsperf-resumed_connect-iouring-loopback
525	lsperf	resumed_connect	iouring	loopback	4	ok		connections_per_second	3	326.348789	.run/fixed-full-matrix-20260601T015324Z/scout/blocks/r000b00525t4-lsperf-resumed_connect-iouring-loopback
526	lsperf	resumed_connect	iouring	loopback	8	ok		connections_per_second	3	287.491672	.run/fixed-full-matrix-20260601T015324Z/scout/blocks/r000b00526t8-lsperf-resumed_connect-iouring-loopback
527	lsperf	resumed_connect	iouring	loopback	16	ok		connections_per_second	3	164.391348	.run/fixed-full-matrix-20260601T015324Z/scout/blocks/r000b00527t16-lsperf-resumed_connect-iouring-loopback
529	lsperf	zero_rtt_reqresp	syscall	loopback	1	ok		requests_per_second	3	29171.000000	.run/fixed-full-matrix-20260601T015324Z/scout/blocks/r000b00529t1-lsperf-zero_rtt_reqresp-syscall-loopback
530	lsperf	zero_rtt_reqresp	syscall	loopback	2	ok		requests_per_second	3	46569.000000	.run/fixed-full-matrix-20260601T015324Z/scout/blocks/r000b00530t2-lsperf-zero_rtt_reqresp-syscall-loopback
531	lsperf	zero_rtt_reqresp	syscall	loopback	4	ok		requests_per_second	3	69988.000000	.run/fixed-full-matrix-20260601T015324Z/scout/blocks/r000b00531t4-lsperf-zero_rtt_reqresp-syscall-loopback
532	lsperf	zero_rtt_reqresp	syscall	loopback	8	ok		requests_per_second	3	99996.000000	.run/fixed-full-matrix-20260601T015324Z/scout/blocks/r000b00532t8-lsperf-zero_rtt_reqresp-syscall-loopback
533	lsperf	zero_rtt_reqresp	syscall	loopback	16	ok		requests_per_second	3	131155.000000	.run/fixed-full-matrix-20260601T015324Z/scout/blocks/r000b00533t16-lsperf-zero_rtt_reqresp-syscall-loopback
535	lsperf	zero_rtt_reqresp	iouring	loopback	1	ok		requests_per_second	3	18823.000000	.run/fixed-full-matrix-20260601T015324Z/scout/blocks/r000b00535t1-lsperf-zero_rtt_reqresp-iouring-loopback
536	lsperf	zero_rtt_reqresp	iouring	loopback	2	ok		requests_per_second	3	26372.000000	.run/fixed-full-matrix-20260601T015324Z/scout/blocks/r000b00536t2-lsperf-zero_rtt_reqresp-iouring-loopback
537	lsperf	zero_rtt_reqresp	iouring	loopback	4	ok		requests_per_second	3	37416.000000	.run/fixed-full-matrix-20260601T015324Z/scout/blocks/r000b00537t4-lsperf-zero_rtt_reqresp-iouring-loopback
538	lsperf	zero_rtt_reqresp	iouring	loopback	8	ok		requests_per_second	3	56653.000000	.run/fixed-full-matrix-20260601T015324Z/scout/blocks/r000b00538t8-lsperf-zero_rtt_reqresp-iouring-loopback
539	lsperf	zero_rtt_reqresp	iouring	loopback	16	ok		requests_per_second	3	57319.000000	.run/fixed-full-matrix-20260601T015324Z/scout/blocks/r000b00539t16-lsperf-zero_rtt_reqresp-iouring-loopback
541	lsperf	datagram	syscall	loopback	1	ok		datagrams_per_second	3	1234379.000000	.run/fixed-full-matrix-20260601T015324Z/scout/blocks/r000b00541t1-lsperf-datagram-syscall-loopback
542	lsperf	datagram	syscall	loopback	2	ok		datagrams_per_second	3	2271337.000000	.run/fixed-full-matrix-20260601T015324Z/scout/blocks/r000b00542t2-lsperf-datagram-syscall-loopback
543	lsperf	datagram	syscall	loopback	4	ok		datagrams_per_second	3	497579.000000	.run/fixed-full-matrix-20260601T015324Z/scout/blocks/r000b00543t4-lsperf-datagram-syscall-loopback
544	lsperf	datagram	syscall	loopback	8	ok		datagrams_per_second	3	499657.000000	.run/fixed-full-matrix-20260601T015324Z/scout/blocks/r000b00544t8-lsperf-datagram-syscall-loopback
545	lsperf	datagram	syscall	loopback	16	ok		datagrams_per_second	3	722124.000000	.run/fixed-full-matrix-20260601T015324Z/scout/blocks/r000b00545t16-lsperf-datagram-syscall-loopback
547	lsperf	datagram	iouring	loopback	1	ok		datagrams_per_second	3	171422.000000	.run/fixed-full-matrix-20260601T015324Z/scout/blocks/r000b00547t1-lsperf-datagram-iouring-loopback
548	lsperf	datagram	iouring	loopback	2	ok		datagrams_per_second	3	329489.000000	.run/fixed-full-matrix-20260601T015324Z/scout/blocks/r000b00548t2-lsperf-datagram-iouring-loopback
549	lsperf	datagram	iouring	loopback	4	ok		datagrams_per_second	3	513261.000000	.run/fixed-full-matrix-20260601T015324Z/scout/blocks/r000b00549t4-lsperf-datagram-iouring-loopback
550	lsperf	datagram	iouring	loopback	8	ok		datagrams_per_second	3	608325.000000	.run/fixed-full-matrix-20260601T015324Z/scout/blocks/r000b00550t8-lsperf-datagram-iouring-loopback
551	lsperf	datagram	iouring	loopback	16	ok		datagrams_per_second	3	1044572.000000	.run/fixed-full-matrix-20260601T015324Z/scout/blocks/r000b00551t16-lsperf-datagram-iouring-loopback
553	lsperf	idle_footprint	syscall	loopback	1	ok		server_rss_delta_bytes_per_connection	3	356352.000000	.run/fixed-full-matrix-20260601T015324Z/scout/blocks/r000b00553t1-lsperf-idle_footprint-syscall-loopback
554	lsperf	idle_footprint	syscall	loopback	2	ok		server_rss_delta_bytes_per_connection	3	147456.000000	.run/fixed-full-matrix-20260601T015324Z/scout/blocks/r000b00554t2-lsperf-idle_footprint-syscall-loopback
555	lsperf	idle_footprint	syscall	loopback	4	ok		server_rss_delta_bytes_per_connection	3	97280.000000	.run/fixed-full-matrix-20260601T015324Z/scout/blocks/r000b00555t4-lsperf-idle_footprint-syscall-loopback
556	lsperf	idle_footprint	syscall	loopback	8	ok		server_rss_delta_bytes_per_connection	3	74240.000000	.run/fixed-full-matrix-20260601T015324Z/scout/blocks/r000b00556t8-lsperf-idle_footprint-syscall-loopback
557	lsperf	idle_footprint	syscall	loopback	16	ok		server_rss_delta_bytes_per_connection	3	78336.000000	.run/fixed-full-matrix-20260601T015324Z/scout/blocks/r000b00557t16-lsperf-idle_footprint-syscall-loopback
559	lsperf	idle_footprint	iouring	loopback	1	ok		server_rss_delta_bytes_per_connection	3	241664.000000	.run/fixed-full-matrix-20260601T015324Z/scout/blocks/r000b00559t1-lsperf-idle_footprint-iouring-loopback
560	lsperf	idle_footprint	iouring	loopback	2	ok		server_rss_delta_bytes_per_connection	3	129024.000000	.run/fixed-full-matrix-20260601T015324Z/scout/blocks/r000b00560t2-lsperf-idle_footprint-iouring-loopback
561	lsperf	idle_footprint	iouring	loopback	4	ok		server_rss_delta_bytes_per_connection	3	107520.000000	.run/fixed-full-matrix-20260601T015324Z/scout/blocks/r000b00561t4-lsperf-idle_footprint-iouring-loopback
562	lsperf	idle_footprint	iouring	loopback	8	ok		server_rss_delta_bytes_per_connection	3	78848.000000	.run/fixed-full-matrix-20260601T015324Z/scout/blocks/r000b00562t8-lsperf-idle_footprint-iouring-loopback
563	lsperf	idle_footprint	iouring	loopback	16	ok		server_rss_delta_bytes_per_connection	3	75520.000000	.run/fixed-full-matrix-20260601T015324Z/scout/blocks/r000b00563t16-lsperf-idle_footprint-iouring-loopback
565	lsperf	close_reset_cleanup	syscall	loopback	1	ok		streams_per_second	3	28385.000000	.run/fixed-full-matrix-20260601T015324Z/scout/blocks/r000b00565t1-lsperf-close_reset_cleanup-syscall-loopback
566	lsperf	close_reset_cleanup	syscall	loopback	2	ok		streams_per_second	3	48762.000000	.run/fixed-full-matrix-20260601T015324Z/scout/blocks/r000b00566t2-lsperf-close_reset_cleanup-syscall-loopback
567	lsperf	close_reset_cleanup	syscall	loopback	4	ok		streams_per_second	3	73812.000000	.run/fixed-full-matrix-20260601T015324Z/scout/blocks/r000b00567t4-lsperf-close_reset_cleanup-syscall-loopback
568	lsperf	close_reset_cleanup	syscall	loopback	8	ok		streams_per_second	3	105016.000000	.run/fixed-full-matrix-20260601T015324Z/scout/blocks/r000b00568t8-lsperf-close_reset_cleanup-syscall-loopback
569	lsperf	close_reset_cleanup	syscall	loopback	16	ok		streams_per_second	3	142072.000000	.run/fixed-full-matrix-20260601T015324Z/scout/blocks/r000b00569t16-lsperf-close_reset_cleanup-syscall-loopback
571	lsperf	close_reset_cleanup	iouring	loopback	1	ok		streams_per_second	3	21061.000000	.run/fixed-full-matrix-20260601T015324Z/scout/blocks/r000b00571t1-lsperf-close_reset_cleanup-iouring-loopback
572	lsperf	close_reset_cleanup	iouring	loopback	2	ok		streams_per_second	3	27277.000000	.run/fixed-full-matrix-20260601T015324Z/scout/blocks/r000b00572t2-lsperf-close_reset_cleanup-iouring-loopback
573	lsperf	close_reset_cleanup	iouring	loopback	4	ok		streams_per_second	3	38025.000000	.run/fixed-full-matrix-20260601T015324Z/scout/blocks/r000b00573t4-lsperf-close_reset_cleanup-iouring-loopback
574	lsperf	close_reset_cleanup	iouring	loopback	8	ok		streams_per_second	3	53040.000000	.run/fixed-full-matrix-20260601T015324Z/scout/blocks/r000b00574t8-lsperf-close_reset_cleanup-iouring-loopback
575	lsperf	close_reset_cleanup	iouring	loopback	16	ok		streams_per_second	3	73664.000000	.run/fixed-full-matrix-20260601T015324Z/scout/blocks/r000b00575t16-lsperf-close_reset_cleanup-iouring-loopback
577	xquicperf	download	syscall	loopback	1	ok		throughput_gbps	3	1.783283	.run/fixed-full-matrix-20260601T015324Z/scout/blocks/r000b00577t1-xquicperf-download-syscall-loopback
578	xquicperf	download	syscall	loopback	2	ok		throughput_gbps	3	2.980477	.run/fixed-full-matrix-20260601T015324Z/scout/blocks/r000b00578t2-xquicperf-download-syscall-loopback
579	xquicperf	download	syscall	loopback	4	ok		throughput_gbps	3	5.226846	.run/fixed-full-matrix-20260601T015324Z/scout/blocks/r000b00579t4-xquicperf-download-syscall-loopback
580	xquicperf	download	syscall	loopback	8	ok		throughput_gbps	3	5.871799	.run/fixed-full-matrix-20260601T015324Z/scout/blocks/r000b00580t8-xquicperf-download-syscall-loopback
581	xquicperf	download	syscall	loopback	16	ok		throughput_gbps	3	6.949722	.run/fixed-full-matrix-20260601T015324Z/scout/blocks/r000b00581t16-xquicperf-download-syscall-loopback
583	xquicperf	download	iouring	loopback	1	ok		throughput_gbps	3	1.366748	.run/fixed-full-matrix-20260601T015324Z/scout/blocks/r000b00583t1-xquicperf-download-iouring-loopback
584	xquicperf	download	iouring	loopback	2	ok		throughput_gbps	3	2.286215	.run/fixed-full-matrix-20260601T015324Z/scout/blocks/r000b00584t2-xquicperf-download-iouring-loopback
585	xquicperf	download	iouring	loopback	4	ok		throughput_gbps	3	1.491028	.run/fixed-full-matrix-20260601T015324Z/scout/blocks/r000b00585t4-xquicperf-download-iouring-loopback
586	xquicperf	download	iouring	loopback	8	ok		throughput_gbps	3	1.249637	.run/fixed-full-matrix-20260601T015324Z/scout/blocks/r000b00586t8-xquicperf-download-iouring-loopback
587	xquicperf	download	iouring	loopback	16	ok		throughput_gbps	3	0.954375	.run/fixed-full-matrix-20260601T015324Z/scout/blocks/r000b00587t16-xquicperf-download-iouring-loopback
589	xquicperf	upload	syscall	loopback	1	ok		throughput_gbps	3	3.146377	.run/fixed-full-matrix-20260601T015324Z/scout/blocks/r000b00589t1-xquicperf-upload-syscall-loopback
590	xquicperf	upload	syscall	loopback	2	ok		throughput_gbps	3	3.337470	.run/fixed-full-matrix-20260601T015324Z/scout/blocks/r000b00590t2-xquicperf-upload-syscall-loopback
591	xquicperf	upload	syscall	loopback	4	ok		throughput_gbps	3	3.489251	.run/fixed-full-matrix-20260601T015324Z/scout/blocks/r000b00591t4-xquicperf-upload-syscall-loopback
592	xquicperf	upload	syscall	loopback	8	ok		throughput_gbps	3	4.119633	.run/fixed-full-matrix-20260601T015324Z/scout/blocks/r000b00592t8-xquicperf-upload-syscall-loopback
593	xquicperf	upload	syscall	loopback	16	ok		throughput_gbps	3	5.029532	.run/fixed-full-matrix-20260601T015324Z/scout/blocks/r000b00593t16-xquicperf-upload-syscall-loopback
595	xquicperf	upload	iouring	loopback	1	ok		throughput_gbps	3	1.790992	.run/fixed-full-matrix-20260601T015324Z/scout/blocks/r000b00595t1-xquicperf-upload-iouring-loopback
596	xquicperf	upload	iouring	loopback	2	ok		throughput_gbps	3	1.336401	.run/fixed-full-matrix-20260601T015324Z/scout/blocks/r000b00596t2-xquicperf-upload-iouring-loopback
597	xquicperf	upload	iouring	loopback	4	ok		throughput_gbps	3	1.802526	.run/fixed-full-matrix-20260601T015324Z/scout/blocks/r000b00597t4-xquicperf-upload-iouring-loopback
598	xquicperf	upload	iouring	loopback	8	ok		throughput_gbps	3	2.121130	.run/fixed-full-matrix-20260601T015324Z/scout/blocks/r000b00598t8-xquicperf-upload-iouring-loopback
599	xquicperf	upload	iouring	loopback	16	ok		throughput_gbps	3	3.288856	.run/fixed-full-matrix-20260601T015324Z/scout/blocks/r000b00599t16-xquicperf-upload-iouring-loopback
601	xquicperf	connect	syscall	loopback	1	ok		connections_per_second	3	864.067494	.run/fixed-full-matrix-20260601T015324Z/scout/blocks/r000b00601t1-xquicperf-connect-syscall-loopback
602	xquicperf	connect	syscall	loopback	2	ok		connections_per_second	3	1574.721314	.run/fixed-full-matrix-20260601T015324Z/scout/blocks/r000b00602t2-xquicperf-connect-syscall-loopback
603	xquicperf	connect	syscall	loopback	4	ok		connections_per_second	3	2565.632076	.run/fixed-full-matrix-20260601T015324Z/scout/blocks/r000b00603t4-xquicperf-connect-syscall-loopback
604	xquicperf	connect	syscall	loopback	8	ok		connections_per_second	3	3815.304905	.run/fixed-full-matrix-20260601T015324Z/scout/blocks/r000b00604t8-xquicperf-connect-syscall-loopback
605	xquicperf	connect	syscall	loopback	16	ok		connections_per_second	3	4364.320372	.run/fixed-full-matrix-20260601T015324Z/scout/blocks/r000b00605t16-xquicperf-connect-syscall-loopback
607	xquicperf	connect	iouring	loopback	1	ok		connections_per_second	3	1199.787398	.run/fixed-full-matrix-20260601T015324Z/scout/blocks/r000b00607t1-xquicperf-connect-iouring-loopback
608	xquicperf	connect	iouring	loopback	2	ok		connections_per_second	3	2009.920970	.run/fixed-full-matrix-20260601T015324Z/scout/blocks/r000b00608t2-xquicperf-connect-iouring-loopback
609	xquicperf	connect	iouring	loopback	4	ok		connections_per_second	3	3160.231645	.run/fixed-full-matrix-20260601T015324Z/scout/blocks/r000b00609t4-xquicperf-connect-iouring-loopback
610	xquicperf	connect	iouring	loopback	8	ok		connections_per_second	3	5185.461263	.run/fixed-full-matrix-20260601T015324Z/scout/blocks/r000b00610t8-xquicperf-connect-iouring-loopback
611	xquicperf	connect	iouring	loopback	16	ok		connections_per_second	3	5986.025623	.run/fixed-full-matrix-20260601T015324Z/scout/blocks/r000b00611t16-xquicperf-connect-iouring-loopback
613	xquicperf	reqresp	syscall	loopback	1	ok		requests_per_second	3	16464.000000	.run/fixed-full-matrix-20260601T015324Z/scout/blocks/r000b00613t1-xquicperf-reqresp-syscall-loopback
614	xquicperf	reqresp	syscall	loopback	2	ok		requests_per_second	3	20159.000000	.run/fixed-full-matrix-20260601T015324Z/scout/blocks/r000b00614t2-xquicperf-reqresp-syscall-loopback
615	xquicperf	reqresp	syscall	loopback	4	ok		requests_per_second	3	23392.000000	.run/fixed-full-matrix-20260601T015324Z/scout/blocks/r000b00615t4-xquicperf-reqresp-syscall-loopback
616	xquicperf	reqresp	syscall	loopback	8	ok		requests_per_second	3	27354.000000	.run/fixed-full-matrix-20260601T015324Z/scout/blocks/r000b00616t8-xquicperf-reqresp-syscall-loopback
617	xquicperf	reqresp	syscall	loopback	16	ok		requests_per_second	3	28259.000000	.run/fixed-full-matrix-20260601T015324Z/scout/blocks/r000b00617t16-xquicperf-reqresp-syscall-loopback
619	xquicperf	reqresp	iouring	loopback	1	ok		requests_per_second	3	14904.000000	.run/fixed-full-matrix-20260601T015324Z/scout/blocks/r000b00619t1-xquicperf-reqresp-iouring-loopback
620	xquicperf	reqresp	iouring	loopback	2	ok		requests_per_second	3	22790.000000	.run/fixed-full-matrix-20260601T015324Z/scout/blocks/r000b00620t2-xquicperf-reqresp-iouring-loopback
621	xquicperf	reqresp	iouring	loopback	4	ok		requests_per_second	3	22757.000000	.run/fixed-full-matrix-20260601T015324Z/scout/blocks/r000b00621t4-xquicperf-reqresp-iouring-loopback
622	xquicperf	reqresp	iouring	loopback	8	ok		requests_per_second	3	22760.000000	.run/fixed-full-matrix-20260601T015324Z/scout/blocks/r000b00622t8-xquicperf-reqresp-iouring-loopback
623	xquicperf	reqresp	iouring	loopback	16	ok		requests_per_second	3	22679.000000	.run/fixed-full-matrix-20260601T015324Z/scout/blocks/r000b00623t16-xquicperf-reqresp-iouring-loopback
625	xquicperf	stream_churn	syscall	loopback	1	ok		streams_per_second	3	16472.000000	.run/fixed-full-matrix-20260601T015324Z/scout/blocks/r000b00625t1-xquicperf-stream_churn-syscall-loopback
626	xquicperf	stream_churn	syscall	loopback	2	ok		streams_per_second	3	20240.000000	.run/fixed-full-matrix-20260601T015324Z/scout/blocks/r000b00626t2-xquicperf-stream_churn-syscall-loopback
627	xquicperf	stream_churn	syscall	loopback	4	ok		streams_per_second	3	23520.000000	.run/fixed-full-matrix-20260601T015324Z/scout/blocks/r000b00627t4-xquicperf-stream_churn-syscall-loopback
628	xquicperf	stream_churn	syscall	loopback	8	ok		streams_per_second	3	27511.000000	.run/fixed-full-matrix-20260601T015324Z/scout/blocks/r000b00628t8-xquicperf-stream_churn-syscall-loopback
629	xquicperf	stream_churn	syscall	loopback	16	ok		streams_per_second	3	28416.000000	.run/fixed-full-matrix-20260601T015324Z/scout/blocks/r000b00629t16-xquicperf-stream_churn-syscall-loopback
631	xquicperf	stream_churn	iouring	loopback	1	ok		streams_per_second	3	14880.000000	.run/fixed-full-matrix-20260601T015324Z/scout/blocks/r000b00631t1-xquicperf-stream_churn-iouring-loopback
632	xquicperf	stream_churn	iouring	loopback	2	ok		streams_per_second	3	23053.000000	.run/fixed-full-matrix-20260601T015324Z/scout/blocks/r000b00632t2-xquicperf-stream_churn-iouring-loopback
633	xquicperf	stream_churn	iouring	loopback	4	ok		streams_per_second	3	23391.000000	.run/fixed-full-matrix-20260601T015324Z/scout/blocks/r000b00633t4-xquicperf-stream_churn-iouring-loopback
634	xquicperf	stream_churn	iouring	loopback	8	ok		streams_per_second	3	23165.000000	.run/fixed-full-matrix-20260601T015324Z/scout/blocks/r000b00634t8-xquicperf-stream_churn-iouring-loopback
635	xquicperf	stream_churn	iouring	loopback	16	ok		streams_per_second	3	22784.000000	.run/fixed-full-matrix-20260601T015324Z/scout/blocks/r000b00635t16-xquicperf-stream_churn-iouring-loopback
637	xquicperf	multistream_download	syscall	loopback	1	ok		throughput_gbps	3	1.780432	.run/fixed-full-matrix-20260601T015324Z/scout/blocks/r000b00637t1-xquicperf-multistream_download-syscall-loopback
638	xquicperf	multistream_download	syscall	loopback	2	ok		throughput_gbps	3	3.616223	.run/fixed-full-matrix-20260601T015324Z/scout/blocks/r000b00638t2-xquicperf-multistream_download-syscall-loopback
639	xquicperf	multistream_download	syscall	loopback	4	ok		throughput_gbps	3	4.999610	.run/fixed-full-matrix-20260601T015324Z/scout/blocks/r000b00639t4-xquicperf-multistream_download-syscall-loopback
640	xquicperf	multistream_download	syscall	loopback	8	ok		throughput_gbps	3	6.695938	.run/fixed-full-matrix-20260601T015324Z/scout/blocks/r000b00640t8-xquicperf-multistream_download-syscall-loopback
641	xquicperf	multistream_download	syscall	loopback	16	ok		throughput_gbps	3	7.345006	.run/fixed-full-matrix-20260601T015324Z/scout/blocks/r000b00641t16-xquicperf-multistream_download-syscall-loopback
643	xquicperf	multistream_download	iouring	loopback	1	ok		throughput_gbps	3	1.785353	.run/fixed-full-matrix-20260601T015324Z/scout/blocks/r000b00643t1-xquicperf-multistream_download-iouring-loopback
644	xquicperf	multistream_download	iouring	loopback	2	ok		throughput_gbps	3	3.264906	.run/fixed-full-matrix-20260601T015324Z/scout/blocks/r000b00644t2-xquicperf-multistream_download-iouring-loopback
645	xquicperf	multistream_download	iouring	loopback	4	ok		throughput_gbps	3	3.645918	.run/fixed-full-matrix-20260601T015324Z/scout/blocks/r000b00645t4-xquicperf-multistream_download-iouring-loopback
646	xquicperf	multistream_download	iouring	loopback	8	ok		throughput_gbps	3	3.764063	.run/fixed-full-matrix-20260601T015324Z/scout/blocks/r000b00646t8-xquicperf-multistream_download-iouring-loopback
647	xquicperf	multistream_download	iouring	loopback	16	ok		throughput_gbps	3	2.641005	.run/fixed-full-matrix-20260601T015324Z/scout/blocks/r000b00647t16-xquicperf-multistream_download-iouring-loopback
649	xquicperf	multistream_upload	syscall	loopback	1	ok		throughput_gbps	3	1.642070	.run/fixed-full-matrix-20260601T015324Z/scout/blocks/r000b00649t1-xquicperf-multistream_upload-syscall-loopback
650	xquicperf	multistream_upload	syscall	loopback	2	ok		throughput_gbps	3	2.659189	.run/fixed-full-matrix-20260601T015324Z/scout/blocks/r000b00650t2-xquicperf-multistream_upload-syscall-loopback
651	xquicperf	multistream_upload	syscall	loopback	4	ok		throughput_gbps	3	3.019899	.run/fixed-full-matrix-20260601T015324Z/scout/blocks/r000b00651t4-xquicperf-multistream_upload-syscall-loopback
652	xquicperf	multistream_upload	syscall	loopback	8	ok		throughput_gbps	3	3.464495	.run/fixed-full-matrix-20260601T015324Z/scout/blocks/r000b00652t8-xquicperf-multistream_upload-syscall-loopback
653	xquicperf	multistream_upload	syscall	loopback	16	ok		throughput_gbps	3	3.967812	.run/fixed-full-matrix-20260601T015324Z/scout/blocks/r000b00653t16-xquicperf-multistream_upload-syscall-loopback
655	xquicperf	multistream_upload	iouring	loopback	1	ok		throughput_gbps	3	1.409286	.run/fixed-full-matrix-20260601T015324Z/scout/blocks/r000b00655t1-xquicperf-multistream_upload-iouring-loopback
656	xquicperf	multistream_upload	iouring	loopback	2	ok		throughput_gbps	3	1.526727	.run/fixed-full-matrix-20260601T015324Z/scout/blocks/r000b00656t2-xquicperf-multistream_upload-iouring-loopback
657	xquicperf	multistream_upload	iouring	loopback	4	ok		throughput_gbps	3	1.323303	.run/fixed-full-matrix-20260601T015324Z/scout/blocks/r000b00657t4-xquicperf-multistream_upload-iouring-loopback
658	xquicperf	multistream_upload	iouring	loopback	8	ok		throughput_gbps	3	1.660944	.run/fixed-full-matrix-20260601T015324Z/scout/blocks/r000b00658t8-xquicperf-multistream_upload-iouring-loopback
659	xquicperf	multistream_upload	iouring	loopback	16	ok		throughput_gbps	3	1.946157	.run/fixed-full-matrix-20260601T015324Z/scout/blocks/r000b00659t16-xquicperf-multistream_upload-iouring-loopback
661	xquicperf	bidi	syscall	loopback	1	ok		throughput_gbps	3	2.961282	.run/fixed-full-matrix-20260601T015324Z/scout/blocks/r000b00661t1-xquicperf-bidi-syscall-loopback
662	xquicperf	bidi	syscall	loopback	2	ok		throughput_gbps	3	3.946791	.run/fixed-full-matrix-20260601T015324Z/scout/blocks/r000b00662t2-xquicperf-bidi-syscall-loopback
663	xquicperf	bidi	syscall	loopback	4	ok		throughput_gbps	3	4.321608	.run/fixed-full-matrix-20260601T015324Z/scout/blocks/r000b00663t4-xquicperf-bidi-syscall-loopback
664	xquicperf	bidi	syscall	loopback	8	ok		throughput_gbps	3	4.376632	.run/fixed-full-matrix-20260601T015324Z/scout/blocks/r000b00664t8-xquicperf-bidi-syscall-loopback
665	xquicperf	bidi	syscall	loopback	16	ok		throughput_gbps	3	4.269905	.run/fixed-full-matrix-20260601T015324Z/scout/blocks/r000b00665t16-xquicperf-bidi-syscall-loopback
667	xquicperf	bidi	iouring	loopback	1	ok		throughput_gbps	3	2.928404	.run/fixed-full-matrix-20260601T015324Z/scout/blocks/r000b00667t1-xquicperf-bidi-iouring-loopback
668	xquicperf	bidi	iouring	loopback	2	ok		throughput_gbps	3	4.014954	.run/fixed-full-matrix-20260601T015324Z/scout/blocks/r000b00668t2-xquicperf-bidi-iouring-loopback
669	xquicperf	bidi	iouring	loopback	4	ok		throughput_gbps	3	2.776629	.run/fixed-full-matrix-20260601T015324Z/scout/blocks/r000b00669t4-xquicperf-bidi-iouring-loopback
670	xquicperf	bidi	iouring	loopback	8	ok		throughput_gbps	3	1.570145	.run/fixed-full-matrix-20260601T015324Z/scout/blocks/r000b00670t8-xquicperf-bidi-iouring-loopback
671	xquicperf	bidi	iouring	loopback	16	ok		throughput_gbps	3	1.292022	.run/fixed-full-matrix-20260601T015324Z/scout/blocks/r000b00671t16-xquicperf-bidi-iouring-loopback
673	xquicperf	small_payload_pps	syscall	loopback	1	ok		messages_per_second	3	16548.000000	.run/fixed-full-matrix-20260601T015324Z/scout/blocks/r000b00673t1-xquicperf-small_payload_pps-syscall-loopback
674	xquicperf	small_payload_pps	syscall	loopback	2	ok		messages_per_second	3	20112.000000	.run/fixed-full-matrix-20260601T015324Z/scout/blocks/r000b00674t2-xquicperf-small_payload_pps-syscall-loopback
675	xquicperf	small_payload_pps	syscall	loopback	4	ok		messages_per_second	3	23648.000000	.run/fixed-full-matrix-20260601T015324Z/scout/blocks/r000b00675t4-xquicperf-small_payload_pps-syscall-loopback
676	xquicperf	small_payload_pps	syscall	loopback	8	ok		messages_per_second	3	27776.000000	.run/fixed-full-matrix-20260601T015324Z/scout/blocks/r000b00676t8-xquicperf-small_payload_pps-syscall-loopback
677	xquicperf	small_payload_pps	syscall	loopback	16	ok		messages_per_second	3	29560.000000	.run/fixed-full-matrix-20260601T015324Z/scout/blocks/r000b00677t16-xquicperf-small_payload_pps-syscall-loopback
679	xquicperf	small_payload_pps	iouring	loopback	1	ok		messages_per_second	3	15032.000000	.run/fixed-full-matrix-20260601T015324Z/scout/blocks/r000b00679t1-xquicperf-small_payload_pps-iouring-loopback
680	xquicperf	small_payload_pps	iouring	loopback	2	ok		messages_per_second	3	22805.000000	.run/fixed-full-matrix-20260601T015324Z/scout/blocks/r000b00680t2-xquicperf-small_payload_pps-iouring-loopback
681	xquicperf	small_payload_pps	iouring	loopback	4	ok		messages_per_second	3	23297.000000	.run/fixed-full-matrix-20260601T015324Z/scout/blocks/r000b00681t4-xquicperf-small_payload_pps-iouring-loopback
682	xquicperf	small_payload_pps	iouring	loopback	8	ok		messages_per_second	3	22853.000000	.run/fixed-full-matrix-20260601T015324Z/scout/blocks/r000b00682t8-xquicperf-small_payload_pps-iouring-loopback
683	xquicperf	small_payload_pps	iouring	loopback	16	ok		messages_per_second	3	22656.000000	.run/fixed-full-matrix-20260601T015324Z/scout/blocks/r000b00683t16-xquicperf-small_payload_pps-iouring-loopback
685	xquicperf	loss_recovery	syscall	loopback	1	ok		throughput_gbps	3	1.664514	.run/fixed-full-matrix-20260601T015324Z/scout/blocks/r000b00685t1-xquicperf-loss_recovery-syscall-loopback
686	xquicperf	loss_recovery	syscall	loopback	2	ok		throughput_gbps	3	3.179954	.run/fixed-full-matrix-20260601T015324Z/scout/blocks/r000b00686t2-xquicperf-loss_recovery-syscall-loopback
687	xquicperf	loss_recovery	syscall	loopback	4	ok		throughput_gbps	3	3.051436	.run/fixed-full-matrix-20260601T015324Z/scout/blocks/r000b00687t4-xquicperf-loss_recovery-syscall-loopback
688	xquicperf	loss_recovery	syscall	loopback	8	ok		throughput_gbps	3	3.875872	.run/fixed-full-matrix-20260601T015324Z/scout/blocks/r000b00688t8-xquicperf-loss_recovery-syscall-loopback
689	xquicperf	loss_recovery	syscall	loopback	16	ok		throughput_gbps	3	5.225100	.run/fixed-full-matrix-20260601T015324Z/scout/blocks/r000b00689t16-xquicperf-loss_recovery-syscall-loopback
691	xquicperf	loss_recovery	iouring	loopback	1	ok		throughput_gbps	3	2.189194	.run/fixed-full-matrix-20260601T015324Z/scout/blocks/r000b00691t1-xquicperf-loss_recovery-iouring-loopback
692	xquicperf	loss_recovery	iouring	loopback	2	ok		throughput_gbps	3	2.299362	.run/fixed-full-matrix-20260601T015324Z/scout/blocks/r000b00692t2-xquicperf-loss_recovery-iouring-loopback
693	xquicperf	loss_recovery	iouring	loopback	4	ok		throughput_gbps	3	2.060037	.run/fixed-full-matrix-20260601T015324Z/scout/blocks/r000b00693t4-xquicperf-loss_recovery-iouring-loopback
694	xquicperf	loss_recovery	iouring	loopback	8	ok		throughput_gbps	3	1.464312	.run/fixed-full-matrix-20260601T015324Z/scout/blocks/r000b00694t8-xquicperf-loss_recovery-iouring-loopback
695	xquicperf	loss_recovery	iouring	loopback	16	ok		throughput_gbps	3	1.027949	.run/fixed-full-matrix-20260601T015324Z/scout/blocks/r000b00695t16-xquicperf-loss_recovery-iouring-loopback
697	xquicperf	flow_control	syscall	loopback	1	ok		throughput_gbps	3	1.600275	.run/fixed-full-matrix-20260601T015324Z/scout/blocks/r000b00697t1-xquicperf-flow_control-syscall-loopback
698	xquicperf	flow_control	syscall	loopback	2	ok		throughput_gbps	3	2.766467	.run/fixed-full-matrix-20260601T015324Z/scout/blocks/r000b00698t2-xquicperf-flow_control-syscall-loopback
699	xquicperf	flow_control	syscall	loopback	4	ok		throughput_gbps	3	3.973811	.run/fixed-full-matrix-20260601T015324Z/scout/blocks/r000b00699t4-xquicperf-flow_control-syscall-loopback
700	xquicperf	flow_control	syscall	loopback	8	ok		throughput_gbps	3	4.902371	.run/fixed-full-matrix-20260601T015324Z/scout/blocks/r000b00700t8-xquicperf-flow_control-syscall-loopback
701	xquicperf	flow_control	syscall	loopback	16	ok		throughput_gbps	3	4.771607	.run/fixed-full-matrix-20260601T015324Z/scout/blocks/r000b00701t16-xquicperf-flow_control-syscall-loopback
703	xquicperf	flow_control	iouring	loopback	1	ok		throughput_gbps	3	1.724552	.run/fixed-full-matrix-20260601T015324Z/scout/blocks/r000b00703t1-xquicperf-flow_control-iouring-loopback
704	xquicperf	flow_control	iouring	loopback	2	ok		throughput_gbps	3	1.588562	.run/fixed-full-matrix-20260601T015324Z/scout/blocks/r000b00704t2-xquicperf-flow_control-iouring-loopback
705	xquicperf	flow_control	iouring	loopback	4	ok		throughput_gbps	3	1.605557	.run/fixed-full-matrix-20260601T015324Z/scout/blocks/r000b00705t4-xquicperf-flow_control-iouring-loopback
706	xquicperf	flow_control	iouring	loopback	8	ok		throughput_gbps	3	2.163286	.run/fixed-full-matrix-20260601T015324Z/scout/blocks/r000b00706t8-xquicperf-flow_control-iouring-loopback
707	xquicperf	flow_control	iouring	loopback	16	ok		throughput_gbps	3	1.175152	.run/fixed-full-matrix-20260601T015324Z/scout/blocks/r000b00707t16-xquicperf-flow_control-iouring-loopback
709	xquicperf	resumed_connect	syscall	loopback	1	ok		connections_per_second	3	344.561917	.run/fixed-full-matrix-20260601T015324Z/scout/blocks/r000b00709t1-xquicperf-resumed_connect-syscall-loopback
710	xquicperf	resumed_connect	syscall	loopback	2	ok		connections_per_second	3	430.927122	.run/fixed-full-matrix-20260601T015324Z/scout/blocks/r000b00710t2-xquicperf-resumed_connect-syscall-loopback
711	xquicperf	resumed_connect	syscall	loopback	4	ok		connections_per_second	3	352.106787	.run/fixed-full-matrix-20260601T015324Z/scout/blocks/r000b00711t4-xquicperf-resumed_connect-syscall-loopback
712	xquicperf	resumed_connect	syscall	loopback	8	ok		connections_per_second	3	292.875017	.run/fixed-full-matrix-20260601T015324Z/scout/blocks/r000b00712t8-xquicperf-resumed_connect-syscall-loopback
713	xquicperf	resumed_connect	syscall	loopback	16	ok		connections_per_second	3	185.261503	.run/fixed-full-matrix-20260601T015324Z/scout/blocks/r000b00713t16-xquicperf-resumed_connect-syscall-loopback
715	xquicperf	resumed_connect	iouring	loopback	1	ok		connections_per_second	3	345.114507	.run/fixed-full-matrix-20260601T015324Z/scout/blocks/r000b00715t1-xquicperf-resumed_connect-iouring-loopback
716	xquicperf	resumed_connect	iouring	loopback	2	ok		connections_per_second	3	399.089199	.run/fixed-full-matrix-20260601T015324Z/scout/blocks/r000b00716t2-xquicperf-resumed_connect-iouring-loopback
717	xquicperf	resumed_connect	iouring	loopback	4	ok		connections_per_second	3	335.560870	.run/fixed-full-matrix-20260601T015324Z/scout/blocks/r000b00717t4-xquicperf-resumed_connect-iouring-loopback
718	xquicperf	resumed_connect	iouring	loopback	8	ok		connections_per_second	3	272.286246	.run/fixed-full-matrix-20260601T015324Z/scout/blocks/r000b00718t8-xquicperf-resumed_connect-iouring-loopback
719	xquicperf	resumed_connect	iouring	loopback	16	ok		connections_per_second	3	189.550047	.run/fixed-full-matrix-20260601T015324Z/scout/blocks/r000b00719t16-xquicperf-resumed_connect-iouring-loopback
721	xquicperf	zero_rtt_reqresp	syscall	loopback	1	ok		requests_per_second	3	16468.000000	.run/fixed-full-matrix-20260601T015324Z/scout/blocks/r000b00721t1-xquicperf-zero_rtt_reqresp-syscall-loopback
722	xquicperf	zero_rtt_reqresp	syscall	loopback	2	ok		requests_per_second	3	20367.000000	.run/fixed-full-matrix-20260601T015324Z/scout/blocks/r000b00722t2-xquicperf-zero_rtt_reqresp-syscall-loopback
723	xquicperf	zero_rtt_reqresp	syscall	loopback	4	ok		requests_per_second	3	23300.000000	.run/fixed-full-matrix-20260601T015324Z/scout/blocks/r000b00723t4-xquicperf-zero_rtt_reqresp-syscall-loopback
724	xquicperf	zero_rtt_reqresp	syscall	loopback	8	ok		requests_per_second	3	27177.000000	.run/fixed-full-matrix-20260601T015324Z/scout/blocks/r000b00724t8-xquicperf-zero_rtt_reqresp-syscall-loopback
725	xquicperf	zero_rtt_reqresp	syscall	loopback	16	ok		requests_per_second	3	29118.000000	.run/fixed-full-matrix-20260601T015324Z/scout/blocks/r000b00725t16-xquicperf-zero_rtt_reqresp-syscall-loopback
727	xquicperf	zero_rtt_reqresp	iouring	loopback	1	ok		requests_per_second	3	15037.000000	.run/fixed-full-matrix-20260601T015324Z/scout/blocks/r000b00727t1-xquicperf-zero_rtt_reqresp-iouring-loopback
728	xquicperf	zero_rtt_reqresp	iouring	loopback	2	ok		requests_per_second	3	22918.000000	.run/fixed-full-matrix-20260601T015324Z/scout/blocks/r000b00728t2-xquicperf-zero_rtt_reqresp-iouring-loopback
729	xquicperf	zero_rtt_reqresp	iouring	loopback	4	ok		requests_per_second	3	22812.000000	.run/fixed-full-matrix-20260601T015324Z/scout/blocks/r000b00729t4-xquicperf-zero_rtt_reqresp-iouring-loopback
730	xquicperf	zero_rtt_reqresp	iouring	loopback	8	ok		requests_per_second	3	22848.000000	.run/fixed-full-matrix-20260601T015324Z/scout/blocks/r000b00730t8-xquicperf-zero_rtt_reqresp-iouring-loopback
731	xquicperf	zero_rtt_reqresp	iouring	loopback	16	ok		requests_per_second	3	22418.000000	.run/fixed-full-matrix-20260601T015324Z/scout/blocks/r000b00731t16-xquicperf-zero_rtt_reqresp-iouring-loopback
733	xquicperf	datagram	syscall	loopback	1	ok		datagrams_per_second	3	19105.000000	.run/fixed-full-matrix-20260601T015324Z/scout/blocks/r000b00733t1-xquicperf-datagram-syscall-loopback
734	xquicperf	datagram	syscall	loopback	2	ok		datagrams_per_second	3	19699.000000	.run/fixed-full-matrix-20260601T015324Z/scout/blocks/r000b00734t2-xquicperf-datagram-syscall-loopback
735	xquicperf	datagram	syscall	loopback	4	ok		datagrams_per_second	3	20192.000000	.run/fixed-full-matrix-20260601T015324Z/scout/blocks/r000b00735t4-xquicperf-datagram-syscall-loopback
736	xquicperf	datagram	syscall	loopback	8	ok		datagrams_per_second	3	22069.000000	.run/fixed-full-matrix-20260601T015324Z/scout/blocks/r000b00736t8-xquicperf-datagram-syscall-loopback
737	xquicperf	datagram	syscall	loopback	16	ok		datagrams_per_second	3	20584.000000	.run/fixed-full-matrix-20260601T015324Z/scout/blocks/r000b00737t16-xquicperf-datagram-syscall-loopback
739	xquicperf	datagram	iouring	loopback	1	ok		datagrams_per_second	3	3860.000000	.run/fixed-full-matrix-20260601T015324Z/scout/blocks/r000b00739t1-xquicperf-datagram-iouring-loopback
740	xquicperf	datagram	iouring	loopback	2	ok		datagrams_per_second	3	4031.000000	.run/fixed-full-matrix-20260601T015324Z/scout/blocks/r000b00740t2-xquicperf-datagram-iouring-loopback
741	xquicperf	datagram	iouring	loopback	4	ok		datagrams_per_second	3	5067.000000	.run/fixed-full-matrix-20260601T015324Z/scout/blocks/r000b00741t4-xquicperf-datagram-iouring-loopback
742	xquicperf	datagram	iouring	loopback	8	ok		datagrams_per_second	3	6281.000000	.run/fixed-full-matrix-20260601T015324Z/scout/blocks/r000b00742t8-xquicperf-datagram-iouring-loopback
743	xquicperf	datagram	iouring	loopback	16	ok		datagrams_per_second	3	4836.000000	.run/fixed-full-matrix-20260601T015324Z/scout/blocks/r000b00743t16-xquicperf-datagram-iouring-loopback
745	xquicperf	idle_footprint	syscall	loopback	1	ok		server_rss_delta_bytes_per_connection	3	1110016.000000	.run/fixed-full-matrix-20260601T015324Z/scout/blocks/r000b00745t1-xquicperf-idle_footprint-syscall-loopback
746	xquicperf	idle_footprint	syscall	loopback	2	ok		server_rss_delta_bytes_per_connection	3	618496.000000	.run/fixed-full-matrix-20260601T015324Z/scout/blocks/r000b00746t2-xquicperf-idle_footprint-syscall-loopback
747	xquicperf	idle_footprint	syscall	loopback	4	ok		server_rss_delta_bytes_per_connection	3	343040.000000	.run/fixed-full-matrix-20260601T015324Z/scout/blocks/r000b00747t4-xquicperf-idle_footprint-syscall-loopback
748	xquicperf	idle_footprint	syscall	loopback	8	ok		server_rss_delta_bytes_per_connection	3	230400.000000	.run/fixed-full-matrix-20260601T015324Z/scout/blocks/r000b00748t8-xquicperf-idle_footprint-syscall-loopback
749	xquicperf	idle_footprint	syscall	loopback	16	ok		server_rss_delta_bytes_per_connection	3	169984.000000	.run/fixed-full-matrix-20260601T015324Z/scout/blocks/r000b00749t16-xquicperf-idle_footprint-syscall-loopback
751	xquicperf	idle_footprint	iouring	loopback	1	ok		server_rss_delta_bytes_per_connection	3	409600.000000	.run/fixed-full-matrix-20260601T015324Z/scout/blocks/r000b00751t1-xquicperf-idle_footprint-iouring-loopback
752	xquicperf	idle_footprint	iouring	loopback	2	ok		server_rss_delta_bytes_per_connection	3	309248.000000	.run/fixed-full-matrix-20260601T015324Z/scout/blocks/r000b00752t2-xquicperf-idle_footprint-iouring-loopback
753	xquicperf	idle_footprint	iouring	loopback	4	ok		server_rss_delta_bytes_per_connection	3	187392.000000	.run/fixed-full-matrix-20260601T015324Z/scout/blocks/r000b00753t4-xquicperf-idle_footprint-iouring-loopback
754	xquicperf	idle_footprint	iouring	loopback	8	ok		server_rss_delta_bytes_per_connection	3	173568.000000	.run/fixed-full-matrix-20260601T015324Z/scout/blocks/r000b00754t8-xquicperf-idle_footprint-iouring-loopback
755	xquicperf	idle_footprint	iouring	loopback	16	ok		server_rss_delta_bytes_per_connection	3	111104.000000	.run/fixed-full-matrix-20260601T015324Z/scout/blocks/r000b00755t16-xquicperf-idle_footprint-iouring-loopback
757	xquicperf	close_reset_cleanup	syscall	loopback	1	ok		streams_per_second	3	16688.000000	.run/fixed-full-matrix-20260601T015324Z/scout/blocks/r000b00757t1-xquicperf-close_reset_cleanup-syscall-loopback
758	xquicperf	close_reset_cleanup	syscall	loopback	2	ok		streams_per_second	3	20317.000000	.run/fixed-full-matrix-20260601T015324Z/scout/blocks/r000b00758t2-xquicperf-close_reset_cleanup-syscall-loopback
759	xquicperf	close_reset_cleanup	syscall	loopback	4	ok		streams_per_second	3	23577.000000	.run/fixed-full-matrix-20260601T015324Z/scout/blocks/r000b00759t4-xquicperf-close_reset_cleanup-syscall-loopback
760	xquicperf	close_reset_cleanup	syscall	loopback	8	ok		streams_per_second	3	27326.000000	.run/fixed-full-matrix-20260601T015324Z/scout/blocks/r000b00760t8-xquicperf-close_reset_cleanup-syscall-loopback
761	xquicperf	close_reset_cleanup	syscall	loopback	16	ok		streams_per_second	3	28772.000000	.run/fixed-full-matrix-20260601T015324Z/scout/blocks/r000b00761t16-xquicperf-close_reset_cleanup-syscall-loopback
763	xquicperf	close_reset_cleanup	iouring	loopback	1	ok		streams_per_second	3	14920.000000	.run/fixed-full-matrix-20260601T015324Z/scout/blocks/r000b00763t1-xquicperf-close_reset_cleanup-iouring-loopback
764	xquicperf	close_reset_cleanup	iouring	loopback	2	ok		streams_per_second	3	22960.000000	.run/fixed-full-matrix-20260601T015324Z/scout/blocks/r000b00764t2-xquicperf-close_reset_cleanup-iouring-loopback
765	xquicperf	close_reset_cleanup	iouring	loopback	4	ok		streams_per_second	3	23132.000000	.run/fixed-full-matrix-20260601T015324Z/scout/blocks/r000b00765t4-xquicperf-close_reset_cleanup-iouring-loopback
766	xquicperf	close_reset_cleanup	iouring	loopback	8	ok		streams_per_second	3	23232.000000	.run/fixed-full-matrix-20260601T015324Z/scout/blocks/r000b00766t8-xquicperf-close_reset_cleanup-iouring-loopback
767	xquicperf	close_reset_cleanup	iouring	loopback	16	ok		streams_per_second	3	22995.000000	.run/fixed-full-matrix-20260601T015324Z/scout/blocks/r000b00767t16-xquicperf-close_reset_cleanup-iouring-loopback
769	quicheperf	download	syscall	loopback	1	ok		throughput_gbps	3	10.499904	.run/fixed-full-matrix-20260601T015324Z/scout/blocks/r000b00769t1-quicheperf-download-syscall-loopback
770	quicheperf	download	syscall	loopback	2	ok		throughput_gbps	3	10.116459	.run/fixed-full-matrix-20260601T015324Z/scout/blocks/r000b00770t2-quicheperf-download-syscall-loopback
771	quicheperf	download	syscall	loopback	4	ok		throughput_gbps	3	9.338498	.run/fixed-full-matrix-20260601T015324Z/scout/blocks/r000b00771t4-quicheperf-download-syscall-loopback
772	quicheperf	download	syscall	loopback	8	ok		throughput_gbps	3	9.461032	.run/fixed-full-matrix-20260601T015324Z/scout/blocks/r000b00772t8-quicheperf-download-syscall-loopback
773	quicheperf	download	syscall	loopback	16	ok		throughput_gbps	3	9.442134	.run/fixed-full-matrix-20260601T015324Z/scout/blocks/r000b00773t16-quicheperf-download-syscall-loopback
775	quicheperf	download	iouring	loopback	1	ok		throughput_gbps	3	9.293387	.run/fixed-full-matrix-20260601T015324Z/scout/blocks/r000b00775t1-quicheperf-download-iouring-loopback
776	quicheperf	download	iouring	loopback	2	ok		throughput_gbps	3	8.866503	.run/fixed-full-matrix-20260601T015324Z/scout/blocks/r000b00776t2-quicheperf-download-iouring-loopback
777	quicheperf	download	iouring	loopback	4	ok		throughput_gbps	3	8.745770	.run/fixed-full-matrix-20260601T015324Z/scout/blocks/r000b00777t4-quicheperf-download-iouring-loopback
778	quicheperf	download	iouring	loopback	8	ok		throughput_gbps	3	8.545700	.run/fixed-full-matrix-20260601T015324Z/scout/blocks/r000b00778t8-quicheperf-download-iouring-loopback
779	quicheperf	download	iouring	loopback	16	ok		throughput_gbps	3	8.376573	.run/fixed-full-matrix-20260601T015324Z/scout/blocks/r000b00779t16-quicheperf-download-iouring-loopback
781	quicheperf	upload	syscall	loopback	1	ok		throughput_gbps	3	10.702915	.run/fixed-full-matrix-20260601T015324Z/scout/blocks/r000b00781t1-quicheperf-upload-syscall-loopback
782	quicheperf	upload	syscall	loopback	2	ok		throughput_gbps	3	14.354366	.run/fixed-full-matrix-20260601T015324Z/scout/blocks/r000b00782t2-quicheperf-upload-syscall-loopback
783	quicheperf	upload	syscall	loopback	4	ok		throughput_gbps	3	14.803210	.run/fixed-full-matrix-20260601T015324Z/scout/blocks/r000b00783t4-quicheperf-upload-syscall-loopback
784	quicheperf	upload	syscall	loopback	8	ok		throughput_gbps	3	14.530322	.run/fixed-full-matrix-20260601T015324Z/scout/blocks/r000b00784t8-quicheperf-upload-syscall-loopback
785	quicheperf	upload	syscall	loopback	16	ok		throughput_gbps	3	13.815131	.run/fixed-full-matrix-20260601T015324Z/scout/blocks/r000b00785t16-quicheperf-upload-syscall-loopback
787	quicheperf	upload	iouring	loopback	1	ok		throughput_gbps	3	9.102984	.run/fixed-full-matrix-20260601T015324Z/scout/blocks/r000b00787t1-quicheperf-upload-iouring-loopback
788	quicheperf	upload	iouring	loopback	2	ok		throughput_gbps	3	13.777744	.run/fixed-full-matrix-20260601T015324Z/scout/blocks/r000b00788t2-quicheperf-upload-iouring-loopback
789	quicheperf	upload	iouring	loopback	4	ok		throughput_gbps	3	13.584613	.run/fixed-full-matrix-20260601T015324Z/scout/blocks/r000b00789t4-quicheperf-upload-iouring-loopback
790	quicheperf	upload	iouring	loopback	8	ok		throughput_gbps	3	12.945234	.run/fixed-full-matrix-20260601T015324Z/scout/blocks/r000b00790t8-quicheperf-upload-iouring-loopback
791	quicheperf	upload	iouring	loopback	16	ok		throughput_gbps	3	11.931857	.run/fixed-full-matrix-20260601T015324Z/scout/blocks/r000b00791t16-quicheperf-upload-iouring-loopback
793	quicheperf	connect	syscall	loopback	1	ok		connections_per_second	3	826.558310	.run/fixed-full-matrix-20260601T015324Z/scout/blocks/r000b00793t1-quicheperf-connect-syscall-loopback
794	quicheperf	connect	syscall	loopback	2	ok		connections_per_second	3	1459.420450	.run/fixed-full-matrix-20260601T015324Z/scout/blocks/r000b00794t2-quicheperf-connect-syscall-loopback
795	quicheperf	connect	syscall	loopback	4	ok		connections_per_second	3	2029.747986	.run/fixed-full-matrix-20260601T015324Z/scout/blocks/r000b00795t4-quicheperf-connect-syscall-loopback
796	quicheperf	connect	syscall	loopback	8	ok		connections_per_second	3	2306.062321	.run/fixed-full-matrix-20260601T015324Z/scout/blocks/r000b00796t8-quicheperf-connect-syscall-loopback
797	quicheperf	connect	syscall	loopback	16	ok		connections_per_second	3	2651.215383	.run/fixed-full-matrix-20260601T015324Z/scout/blocks/r000b00797t16-quicheperf-connect-syscall-loopback
799	quicheperf	connect	iouring	loopback	1	ok		connections_per_second	3	1167.821837	.run/fixed-full-matrix-20260601T015324Z/scout/blocks/r000b00799t1-quicheperf-connect-iouring-loopback
800	quicheperf	connect	iouring	loopback	2	ok		connections_per_second	3	2012.860164	.run/fixed-full-matrix-20260601T015324Z/scout/blocks/r000b00800t2-quicheperf-connect-iouring-loopback
801	quicheperf	connect	iouring	loopback	4	ok		connections_per_second	3	2886.796443	.run/fixed-full-matrix-20260601T015324Z/scout/blocks/r000b00801t4-quicheperf-connect-iouring-loopback
802	quicheperf	connect	iouring	loopback	8	ok		connections_per_second	3	4809.004380	.run/fixed-full-matrix-20260601T015324Z/scout/blocks/r000b00802t8-quicheperf-connect-iouring-loopback
803	quicheperf	connect	iouring	loopback	16	ok		connections_per_second	3	5603.624144	.run/fixed-full-matrix-20260601T015324Z/scout/blocks/r000b00803t16-quicheperf-connect-iouring-loopback
805	quicheperf	reqresp	syscall	loopback	1	ok		requests_per_second	3	46760.000000	.run/fixed-full-matrix-20260601T015324Z/scout/blocks/r000b00805t1-quicheperf-reqresp-syscall-loopback
806	quicheperf	reqresp	syscall	loopback	2	ok		requests_per_second	3	47507.000000	.run/fixed-full-matrix-20260601T015324Z/scout/blocks/r000b00806t2-quicheperf-reqresp-syscall-loopback
807	quicheperf	reqresp	syscall	loopback	4	ok		requests_per_second	3	56441.000000	.run/fixed-full-matrix-20260601T015324Z/scout/blocks/r000b00807t4-quicheperf-reqresp-syscall-loopback
808	quicheperf	reqresp	syscall	loopback	8	ok		requests_per_second	3	66694.000000	.run/fixed-full-matrix-20260601T015324Z/scout/blocks/r000b00808t8-quicheperf-reqresp-syscall-loopback
809	quicheperf	reqresp	syscall	loopback	16	ok		requests_per_second	3	83680.000000	.run/fixed-full-matrix-20260601T015324Z/scout/blocks/r000b00809t16-quicheperf-reqresp-syscall-loopback
811	quicheperf	reqresp	iouring	loopback	1	ok		requests_per_second	3	31025.000000	.run/fixed-full-matrix-20260601T015324Z/scout/blocks/r000b00811t1-quicheperf-reqresp-iouring-loopback
812	quicheperf	reqresp	iouring	loopback	2	ok		requests_per_second	3	38847.000000	.run/fixed-full-matrix-20260601T015324Z/scout/blocks/r000b00812t2-quicheperf-reqresp-iouring-loopback
813	quicheperf	reqresp	iouring	loopback	4	ok		requests_per_second	3	49835.000000	.run/fixed-full-matrix-20260601T015324Z/scout/blocks/r000b00813t4-quicheperf-reqresp-iouring-loopback
814	quicheperf	reqresp	iouring	loopback	8	ok		requests_per_second	3	59482.000000	.run/fixed-full-matrix-20260601T015324Z/scout/blocks/r000b00814t8-quicheperf-reqresp-iouring-loopback
815	quicheperf	reqresp	iouring	loopback	16	ok		requests_per_second	3	62549.000000	.run/fixed-full-matrix-20260601T015324Z/scout/blocks/r000b00815t16-quicheperf-reqresp-iouring-loopback
817	quicheperf	stream_churn	syscall	loopback	1	ok		streams_per_second	3	47974.000000	.run/fixed-full-matrix-20260601T015324Z/scout/blocks/r000b00817t1-quicheperf-stream_churn-syscall-loopback
818	quicheperf	stream_churn	syscall	loopback	2	ok		streams_per_second	3	54034.000000	.run/fixed-full-matrix-20260601T015324Z/scout/blocks/r000b00818t2-quicheperf-stream_churn-syscall-loopback
819	quicheperf	stream_churn	syscall	loopback	4	ok		streams_per_second	3	56776.000000	.run/fixed-full-matrix-20260601T015324Z/scout/blocks/r000b00819t4-quicheperf-stream_churn-syscall-loopback
820	quicheperf	stream_churn	syscall	loopback	8	ok		streams_per_second	3	75860.000000	.run/fixed-full-matrix-20260601T015324Z/scout/blocks/r000b00820t8-quicheperf-stream_churn-syscall-loopback
821	quicheperf	stream_churn	syscall	loopback	16	ok		streams_per_second	3	89205.000000	.run/fixed-full-matrix-20260601T015324Z/scout/blocks/r000b00821t16-quicheperf-stream_churn-syscall-loopback
823	quicheperf	stream_churn	iouring	loopback	1	ok		streams_per_second	3	37612.000000	.run/fixed-full-matrix-20260601T015324Z/scout/blocks/r000b00823t1-quicheperf-stream_churn-iouring-loopback
824	quicheperf	stream_churn	iouring	loopback	2	ok		streams_per_second	3	42024.000000	.run/fixed-full-matrix-20260601T015324Z/scout/blocks/r000b00824t2-quicheperf-stream_churn-iouring-loopback
825	quicheperf	stream_churn	iouring	loopback	4	ok		streams_per_second	3	50371.000000	.run/fixed-full-matrix-20260601T015324Z/scout/blocks/r000b00825t4-quicheperf-stream_churn-iouring-loopback
826	quicheperf	stream_churn	iouring	loopback	8	ok		streams_per_second	3	63336.000000	.run/fixed-full-matrix-20260601T015324Z/scout/blocks/r000b00826t8-quicheperf-stream_churn-iouring-loopback
827	quicheperf	stream_churn	iouring	loopback	16	ok		streams_per_second	3	66997.000000	.run/fixed-full-matrix-20260601T015324Z/scout/blocks/r000b00827t16-quicheperf-stream_churn-iouring-loopback
829	quicheperf	multistream_download	syscall	loopback	1	ok		throughput_gbps	3	10.290333	.run/fixed-full-matrix-20260601T015324Z/scout/blocks/r000b00829t1-quicheperf-multistream_download-syscall-loopback
830	quicheperf	multistream_download	syscall	loopback	2	ok		throughput_gbps	3	10.146442	.run/fixed-full-matrix-20260601T015324Z/scout/blocks/r000b00830t2-quicheperf-multistream_download-syscall-loopback
831	quicheperf	multistream_download	syscall	loopback	4	ok		throughput_gbps	3	10.205723	.run/fixed-full-matrix-20260601T015324Z/scout/blocks/r000b00831t4-quicheperf-multistream_download-syscall-loopback
832	quicheperf	multistream_download	syscall	loopback	8	ok		throughput_gbps	3	9.731031	.run/fixed-full-matrix-20260601T015324Z/scout/blocks/r000b00832t8-quicheperf-multistream_download-syscall-loopback
833	quicheperf	multistream_download	syscall	loopback	16	ok		throughput_gbps	3	9.563642	.run/fixed-full-matrix-20260601T015324Z/scout/blocks/r000b00833t16-quicheperf-multistream_download-syscall-loopback
835	quicheperf	multistream_download	iouring	loopback	1	ok		throughput_gbps	3	10.148794	.run/fixed-full-matrix-20260601T015324Z/scout/blocks/r000b00835t1-quicheperf-multistream_download-iouring-loopback
836	quicheperf	multistream_download	iouring	loopback	2	ok		throughput_gbps	3	9.781117	.run/fixed-full-matrix-20260601T015324Z/scout/blocks/r000b00836t2-quicheperf-multistream_download-iouring-loopback
837	quicheperf	multistream_download	iouring	loopback	4	ok		throughput_gbps	3	9.527103	.run/fixed-full-matrix-20260601T015324Z/scout/blocks/r000b00837t4-quicheperf-multistream_download-iouring-loopback
838	quicheperf	multistream_download	iouring	loopback	8	ok		throughput_gbps	3	9.505096	.run/fixed-full-matrix-20260601T015324Z/scout/blocks/r000b00838t8-quicheperf-multistream_download-iouring-loopback
839	quicheperf	multistream_download	iouring	loopback	16	ok		throughput_gbps	3	9.306217	.run/fixed-full-matrix-20260601T015324Z/scout/blocks/r000b00839t16-quicheperf-multistream_download-iouring-loopback
841	quicheperf	multistream_upload	syscall	loopback	1	ok		throughput_gbps	3	10.559320	.run/fixed-full-matrix-20260601T015324Z/scout/blocks/r000b00841t1-quicheperf-multistream_upload-syscall-loopback
842	quicheperf	multistream_upload	syscall	loopback	2	ok		throughput_gbps	3	14.302577	.run/fixed-full-matrix-20260601T015324Z/scout/blocks/r000b00842t2-quicheperf-multistream_upload-syscall-loopback
843	quicheperf	multistream_upload	syscall	loopback	4	ok		throughput_gbps	3	14.302076	.run/fixed-full-matrix-20260601T015324Z/scout/blocks/r000b00843t4-quicheperf-multistream_upload-syscall-loopback
844	quicheperf	multistream_upload	syscall	loopback	8	ok		throughput_gbps	3	14.167728	.run/fixed-full-matrix-20260601T015324Z/scout/blocks/r000b00844t8-quicheperf-multistream_upload-syscall-loopback
845	quicheperf	multistream_upload	syscall	loopback	16	ok		throughput_gbps	3	13.720332	.run/fixed-full-matrix-20260601T015324Z/scout/blocks/r000b00845t16-quicheperf-multistream_upload-syscall-loopback
847	quicheperf	multistream_upload	iouring	loopback	1	ok		throughput_gbps	3	9.302966	.run/fixed-full-matrix-20260601T015324Z/scout/blocks/r000b00847t1-quicheperf-multistream_upload-iouring-loopback
848	quicheperf	multistream_upload	iouring	loopback	2	ok		throughput_gbps	3	13.105103	.run/fixed-full-matrix-20260601T015324Z/scout/blocks/r000b00848t2-quicheperf-multistream_upload-iouring-loopback
849	quicheperf	multistream_upload	iouring	loopback	4	ok		throughput_gbps	3	12.847466	.run/fixed-full-matrix-20260601T015324Z/scout/blocks/r000b00849t4-quicheperf-multistream_upload-iouring-loopback
850	quicheperf	multistream_upload	iouring	loopback	8	ok		throughput_gbps	3	12.459925	.run/fixed-full-matrix-20260601T015324Z/scout/blocks/r000b00850t8-quicheperf-multistream_upload-iouring-loopback
851	quicheperf	multistream_upload	iouring	loopback	16	ok		throughput_gbps	3	11.827700	.run/fixed-full-matrix-20260601T015324Z/scout/blocks/r000b00851t16-quicheperf-multistream_upload-iouring-loopback
853	quicheperf	bidi	syscall	loopback	1	ok		throughput_gbps	3	9.370075	.run/fixed-full-matrix-20260601T015324Z/scout/blocks/r000b00853t1-quicheperf-bidi-syscall-loopback
854	quicheperf	bidi	syscall	loopback	2	ok		throughput_gbps	3	11.035812	.run/fixed-full-matrix-20260601T015324Z/scout/blocks/r000b00854t2-quicheperf-bidi-syscall-loopback
855	quicheperf	bidi	syscall	loopback	4	ok		throughput_gbps	3	11.653250	.run/fixed-full-matrix-20260601T015324Z/scout/blocks/r000b00855t4-quicheperf-bidi-syscall-loopback
856	quicheperf	bidi	syscall	loopback	8	ok		throughput_gbps	3	11.828900	.run/fixed-full-matrix-20260601T015324Z/scout/blocks/r000b00856t8-quicheperf-bidi-syscall-loopback
857	quicheperf	bidi	syscall	loopback	16	ok		throughput_gbps	3	11.793341	.run/fixed-full-matrix-20260601T015324Z/scout/blocks/r000b00857t16-quicheperf-bidi-syscall-loopback
859	quicheperf	bidi	iouring	loopback	1	ok		throughput_gbps	3	7.172260	.run/fixed-full-matrix-20260601T015324Z/scout/blocks/r000b00859t1-quicheperf-bidi-iouring-loopback
860	quicheperf	bidi	iouring	loopback	2	ok		throughput_gbps	3	10.188790	.run/fixed-full-matrix-20260601T015324Z/scout/blocks/r000b00860t2-quicheperf-bidi-iouring-loopback
861	quicheperf	bidi	iouring	loopback	4	ok		throughput_gbps	3	11.200061	.run/fixed-full-matrix-20260601T015324Z/scout/blocks/r000b00861t4-quicheperf-bidi-iouring-loopback
862	quicheperf	bidi	iouring	loopback	8	ok		throughput_gbps	3	10.973930	.run/fixed-full-matrix-20260601T015324Z/scout/blocks/r000b00862t8-quicheperf-bidi-iouring-loopback
863	quicheperf	bidi	iouring	loopback	16	ok		throughput_gbps	3	10.464562	.run/fixed-full-matrix-20260601T015324Z/scout/blocks/r000b00863t16-quicheperf-bidi-iouring-loopback
865	quicheperf	small_payload_pps	syscall	loopback	1	ok		messages_per_second	3	48239.000000	.run/fixed-full-matrix-20260601T015324Z/scout/blocks/r000b00865t1-quicheperf-small_payload_pps-syscall-loopback
866	quicheperf	small_payload_pps	syscall	loopback	2	ok		messages_per_second	3	51021.000000	.run/fixed-full-matrix-20260601T015324Z/scout/blocks/r000b00866t2-quicheperf-small_payload_pps-syscall-loopback
867	quicheperf	small_payload_pps	syscall	loopback	4	ok		messages_per_second	3	56430.000000	.run/fixed-full-matrix-20260601T015324Z/scout/blocks/r000b00867t4-quicheperf-small_payload_pps-syscall-loopback
868	quicheperf	small_payload_pps	syscall	loopback	8	ok		messages_per_second	3	73881.000000	.run/fixed-full-matrix-20260601T015324Z/scout/blocks/r000b00868t8-quicheperf-small_payload_pps-syscall-loopback
869	quicheperf	small_payload_pps	syscall	loopback	16	ok		messages_per_second	3	91896.000000	.run/fixed-full-matrix-20260601T015324Z/scout/blocks/r000b00869t16-quicheperf-small_payload_pps-syscall-loopback
871	quicheperf	small_payload_pps	iouring	loopback	1	ok		messages_per_second	3	37446.000000	.run/fixed-full-matrix-20260601T015324Z/scout/blocks/r000b00871t1-quicheperf-small_payload_pps-iouring-loopback
872	quicheperf	small_payload_pps	iouring	loopback	2	ok		messages_per_second	3	43126.000000	.run/fixed-full-matrix-20260601T015324Z/scout/blocks/r000b00872t2-quicheperf-small_payload_pps-iouring-loopback
873	quicheperf	small_payload_pps	iouring	loopback	4	ok		messages_per_second	3	50790.000000	.run/fixed-full-matrix-20260601T015324Z/scout/blocks/r000b00873t4-quicheperf-small_payload_pps-iouring-loopback
874	quicheperf	small_payload_pps	iouring	loopback	8	ok		messages_per_second	3	62782.000000	.run/fixed-full-matrix-20260601T015324Z/scout/blocks/r000b00874t8-quicheperf-small_payload_pps-iouring-loopback
875	quicheperf	small_payload_pps	iouring	loopback	16	ok		messages_per_second	3	65815.000000	.run/fixed-full-matrix-20260601T015324Z/scout/blocks/r000b00875t16-quicheperf-small_payload_pps-iouring-loopback
877	quicheperf	loss_recovery	syscall	loopback	1	ok		throughput_gbps	3	10.245226	.run/fixed-full-matrix-20260601T015324Z/scout/blocks/r000b00877t1-quicheperf-loss_recovery-syscall-loopback
878	quicheperf	loss_recovery	syscall	loopback	2	ok		throughput_gbps	3	9.765614	.run/fixed-full-matrix-20260601T015324Z/scout/blocks/r000b00878t2-quicheperf-loss_recovery-syscall-loopback
879	quicheperf	loss_recovery	syscall	loopback	4	ok		throughput_gbps	3	9.567571	.run/fixed-full-matrix-20260601T015324Z/scout/blocks/r000b00879t4-quicheperf-loss_recovery-syscall-loopback
880	quicheperf	loss_recovery	syscall	loopback	8	ok		throughput_gbps	3	9.292387	.run/fixed-full-matrix-20260601T015324Z/scout/blocks/r000b00880t8-quicheperf-loss_recovery-syscall-loopback
881	quicheperf	loss_recovery	syscall	loopback	16	ok		throughput_gbps	3	9.151470	.run/fixed-full-matrix-20260601T015324Z/scout/blocks/r000b00881t16-quicheperf-loss_recovery-syscall-loopback
883	quicheperf	loss_recovery	iouring	loopback	1	ok		throughput_gbps	3	10.283683	.run/fixed-full-matrix-20260601T015324Z/scout/blocks/r000b00883t1-quicheperf-loss_recovery-iouring-loopback
884	quicheperf	loss_recovery	iouring	loopback	2	ok		throughput_gbps	3	9.178854	.run/fixed-full-matrix-20260601T015324Z/scout/blocks/r000b00884t2-quicheperf-loss_recovery-iouring-loopback
885	quicheperf	loss_recovery	iouring	loopback	4	ok		throughput_gbps	3	8.883675	.run/fixed-full-matrix-20260601T015324Z/scout/blocks/r000b00885t4-quicheperf-loss_recovery-iouring-loopback
886	quicheperf	loss_recovery	iouring	loopback	8	ok		throughput_gbps	3	8.653930	.run/fixed-full-matrix-20260601T015324Z/scout/blocks/r000b00886t8-quicheperf-loss_recovery-iouring-loopback
887	quicheperf	loss_recovery	iouring	loopback	16	ok		throughput_gbps	3	8.658295	.run/fixed-full-matrix-20260601T015324Z/scout/blocks/r000b00887t16-quicheperf-loss_recovery-iouring-loopback
889	quicheperf	flow_control	syscall	loopback	1	ok		throughput_gbps	3	6.794956	.run/fixed-full-matrix-20260601T015324Z/scout/blocks/r000b00889t1-quicheperf-flow_control-syscall-loopback
890	quicheperf	flow_control	syscall	loopback	2	ok		throughput_gbps	3	9.105390	.run/fixed-full-matrix-20260601T015324Z/scout/blocks/r000b00890t2-quicheperf-flow_control-syscall-loopback
891	quicheperf	flow_control	syscall	loopback	4	ok		throughput_gbps	3	9.089594	.run/fixed-full-matrix-20260601T015324Z/scout/blocks/r000b00891t4-quicheperf-flow_control-syscall-loopback
892	quicheperf	flow_control	syscall	loopback	8	ok		throughput_gbps	3	9.302720	.run/fixed-full-matrix-20260601T015324Z/scout/blocks/r000b00892t8-quicheperf-flow_control-syscall-loopback
893	quicheperf	flow_control	syscall	loopback	16	ok		throughput_gbps	3	9.202899	.run/fixed-full-matrix-20260601T015324Z/scout/blocks/r000b00893t16-quicheperf-flow_control-syscall-loopback
895	quicheperf	flow_control	iouring	loopback	1	ok		throughput_gbps	3	6.625069	.run/fixed-full-matrix-20260601T015324Z/scout/blocks/r000b00895t1-quicheperf-flow_control-iouring-loopback
896	quicheperf	flow_control	iouring	loopback	2	ok		throughput_gbps	3	9.248919	.run/fixed-full-matrix-20260601T015324Z/scout/blocks/r000b00896t2-quicheperf-flow_control-iouring-loopback
897	quicheperf	flow_control	iouring	loopback	4	ok		throughput_gbps	3	9.059395	.run/fixed-full-matrix-20260601T015324Z/scout/blocks/r000b00897t4-quicheperf-flow_control-iouring-loopback
898	quicheperf	flow_control	iouring	loopback	8	ok		throughput_gbps	3	9.336318	.run/fixed-full-matrix-20260601T015324Z/scout/blocks/r000b00898t8-quicheperf-flow_control-iouring-loopback
899	quicheperf	flow_control	iouring	loopback	16	ok		throughput_gbps	3	9.418403	.run/fixed-full-matrix-20260601T015324Z/scout/blocks/r000b00899t16-quicheperf-flow_control-iouring-loopback
901	quicheperf	resumed_connect	syscall	loopback	1	ok		connections_per_second	3	216.867522	.run/fixed-full-matrix-20260601T015324Z/scout/blocks/r000b00901t1-quicheperf-resumed_connect-syscall-loopback
902	quicheperf	resumed_connect	syscall	loopback	2	ok		connections_per_second	3	306.869849	.run/fixed-full-matrix-20260601T015324Z/scout/blocks/r000b00902t2-quicheperf-resumed_connect-syscall-loopback
903	quicheperf	resumed_connect	syscall	loopback	4	ok		connections_per_second	3	293.966082	.run/fixed-full-matrix-20260601T015324Z/scout/blocks/r000b00903t4-quicheperf-resumed_connect-syscall-loopback
904	quicheperf	resumed_connect	syscall	loopback	8	ok		connections_per_second	3	276.129896	.run/fixed-full-matrix-20260601T015324Z/scout/blocks/r000b00904t8-quicheperf-resumed_connect-syscall-loopback
905	quicheperf	resumed_connect	syscall	loopback	16	ok		connections_per_second	3	262.992845	.run/fixed-full-matrix-20260601T015324Z/scout/blocks/r000b00905t16-quicheperf-resumed_connect-syscall-loopback
907	quicheperf	resumed_connect	iouring	loopback	1	ok		connections_per_second	3	222.575722	.run/fixed-full-matrix-20260601T015324Z/scout/blocks/r000b00907t1-quicheperf-resumed_connect-iouring-loopback
908	quicheperf	resumed_connect	iouring	loopback	2	ok		connections_per_second	3	305.517727	.run/fixed-full-matrix-20260601T015324Z/scout/blocks/r000b00908t2-quicheperf-resumed_connect-iouring-loopback
909	quicheperf	resumed_connect	iouring	loopback	4	ok		connections_per_second	3	280.887771	.run/fixed-full-matrix-20260601T015324Z/scout/blocks/r000b00909t4-quicheperf-resumed_connect-iouring-loopback
910	quicheperf	resumed_connect	iouring	loopback	8	ok		connections_per_second	3	261.873089	.run/fixed-full-matrix-20260601T015324Z/scout/blocks/r000b00910t8-quicheperf-resumed_connect-iouring-loopback
911	quicheperf	resumed_connect	iouring	loopback	16	ok		connections_per_second	3	184.524345	.run/fixed-full-matrix-20260601T015324Z/scout/blocks/r000b00911t16-quicheperf-resumed_connect-iouring-loopback
913	quicheperf	zero_rtt_reqresp	syscall	loopback	1	ok		requests_per_second	3	50704.000000	.run/fixed-full-matrix-20260601T015324Z/scout/blocks/r000b00913t1-quicheperf-zero_rtt_reqresp-syscall-loopback
914	quicheperf	zero_rtt_reqresp	syscall	loopback	2	ok		requests_per_second	3	51903.000000	.run/fixed-full-matrix-20260601T015324Z/scout/blocks/r000b00914t2-quicheperf-zero_rtt_reqresp-syscall-loopback
915	quicheperf	zero_rtt_reqresp	syscall	loopback	4	ok		requests_per_second	3	55174.000000	.run/fixed-full-matrix-20260601T015324Z/scout/blocks/r000b00915t4-quicheperf-zero_rtt_reqresp-syscall-loopback
916	quicheperf	zero_rtt_reqresp	syscall	loopback	8	ok		requests_per_second	3	67662.000000	.run/fixed-full-matrix-20260601T015324Z/scout/blocks/r000b00916t8-quicheperf-zero_rtt_reqresp-syscall-loopback
917	quicheperf	zero_rtt_reqresp	syscall	loopback	16	ok		requests_per_second	3	80895.000000	.run/fixed-full-matrix-20260601T015324Z/scout/blocks/r000b00917t16-quicheperf-zero_rtt_reqresp-syscall-loopback
919	quicheperf	zero_rtt_reqresp	iouring	loopback	1	ok		requests_per_second	3	30344.000000	.run/fixed-full-matrix-20260601T015324Z/scout/blocks/r000b00919t1-quicheperf-zero_rtt_reqresp-iouring-loopback
920	quicheperf	zero_rtt_reqresp	iouring	loopback	2	ok		requests_per_second	3	38157.000000	.run/fixed-full-matrix-20260601T015324Z/scout/blocks/r000b00920t2-quicheperf-zero_rtt_reqresp-iouring-loopback
921	quicheperf	zero_rtt_reqresp	iouring	loopback	4	ok		requests_per_second	3	49420.000000	.run/fixed-full-matrix-20260601T015324Z/scout/blocks/r000b00921t4-quicheperf-zero_rtt_reqresp-iouring-loopback
922	quicheperf	zero_rtt_reqresp	iouring	loopback	8	ok		requests_per_second	3	59998.000000	.run/fixed-full-matrix-20260601T015324Z/scout/blocks/r000b00922t8-quicheperf-zero_rtt_reqresp-iouring-loopback
923	quicheperf	zero_rtt_reqresp	iouring	loopback	16	ok		requests_per_second	3	60711.000000	.run/fixed-full-matrix-20260601T015324Z/scout/blocks/r000b00923t16-quicheperf-zero_rtt_reqresp-iouring-loopback
925	quicheperf	datagram	syscall	loopback	1	ok		datagrams_per_second	3	891096.000000	.run/fixed-full-matrix-20260601T015324Z/scout/blocks/r000b00925t1-quicheperf-datagram-syscall-loopback
926	quicheperf	datagram	syscall	loopback	2	ok		datagrams_per_second	3	4978317.000000	.run/fixed-full-matrix-20260601T015324Z/scout/blocks/r000b00926t2-quicheperf-datagram-syscall-loopback
927	quicheperf	datagram	syscall	loopback	4	ok		datagrams_per_second	3	4500849.000000	.run/fixed-full-matrix-20260601T015324Z/scout/blocks/r000b00927t4-quicheperf-datagram-syscall-loopback
928	quicheperf	datagram	syscall	loopback	8	ok		datagrams_per_second	3	4004190.000000	.run/fixed-full-matrix-20260601T015324Z/scout/blocks/r000b00928t8-quicheperf-datagram-syscall-loopback
929	quicheperf	datagram	syscall	loopback	16	ok		datagrams_per_second	3	4111372.000000	.run/fixed-full-matrix-20260601T015324Z/scout/blocks/r000b00929t16-quicheperf-datagram-syscall-loopback
931	quicheperf	datagram	iouring	loopback	1	ok		datagrams_per_second	3	2386168.000000	.run/fixed-full-matrix-20260601T015324Z/scout/blocks/r000b00931t1-quicheperf-datagram-iouring-loopback
932	quicheperf	datagram	iouring	loopback	2	ok		datagrams_per_second	3	5184140.000000	.run/fixed-full-matrix-20260601T015324Z/scout/blocks/r000b00932t2-quicheperf-datagram-iouring-loopback
933	quicheperf	datagram	iouring	loopback	4	ok		datagrams_per_second	3	4754108.000000	.run/fixed-full-matrix-20260601T015324Z/scout/blocks/r000b00933t4-quicheperf-datagram-iouring-loopback
934	quicheperf	datagram	iouring	loopback	8	ok		datagrams_per_second	3	4445329.000000	.run/fixed-full-matrix-20260601T015324Z/scout/blocks/r000b00934t8-quicheperf-datagram-iouring-loopback
935	quicheperf	datagram	iouring	loopback	16	ok		datagrams_per_second	3	3741094.000000	.run/fixed-full-matrix-20260601T015324Z/scout/blocks/r000b00935t16-quicheperf-datagram-iouring-loopback
937	quicheperf	idle_footprint	syscall	loopback	1	ok		server_rss_delta_bytes_per_connection	3	1642496.000000	.run/fixed-full-matrix-20260601T015324Z/scout/blocks/r000b00937t1-quicheperf-idle_footprint-syscall-loopback
938	quicheperf	idle_footprint	syscall	loopback	2	ok		server_rss_delta_bytes_per_connection	3	790528.000000	.run/fixed-full-matrix-20260601T015324Z/scout/blocks/r000b00938t2-quicheperf-idle_footprint-syscall-loopback
939	quicheperf	idle_footprint	syscall	loopback	4	ok		server_rss_delta_bytes_per_connection	3	441344.000000	.run/fixed-full-matrix-20260601T015324Z/scout/blocks/r000b00939t4-quicheperf-idle_footprint-syscall-loopback
940	quicheperf	idle_footprint	syscall	loopback	8	ok		server_rss_delta_bytes_per_connection	3	216064.000000	.run/fixed-full-matrix-20260601T015324Z/scout/blocks/r000b00940t8-quicheperf-idle_footprint-syscall-loopback
941	quicheperf	idle_footprint	syscall	loopback	16	ok		server_rss_delta_bytes_per_connection	3	126464.000000	.run/fixed-full-matrix-20260601T015324Z/scout/blocks/r000b00941t16-quicheperf-idle_footprint-syscall-loopback
943	quicheperf	idle_footprint	iouring	loopback	1	ok		server_rss_delta_bytes_per_connection	3	696320.000000	.run/fixed-full-matrix-20260601T015324Z/scout/blocks/r000b00943t1-quicheperf-idle_footprint-iouring-loopback
944	quicheperf	idle_footprint	iouring	loopback	2	ok		server_rss_delta_bytes_per_connection	3	372736.000000	.run/fixed-full-matrix-20260601T015324Z/scout/blocks/r000b00944t2-quicheperf-idle_footprint-iouring-loopback
945	quicheperf	idle_footprint	iouring	loopback	4	ok		server_rss_delta_bytes_per_connection	3	223232.000000	.run/fixed-full-matrix-20260601T015324Z/scout/blocks/r000b00945t4-quicheperf-idle_footprint-iouring-loopback
946	quicheperf	idle_footprint	iouring	loopback	8	ok		server_rss_delta_bytes_per_connection	3	138240.000000	.run/fixed-full-matrix-20260601T015324Z/scout/blocks/r000b00946t8-quicheperf-idle_footprint-iouring-loopback
947	quicheperf	idle_footprint	iouring	loopback	16	ok		server_rss_delta_bytes_per_connection	3	93184.000000	.run/fixed-full-matrix-20260601T015324Z/scout/blocks/r000b00947t16-quicheperf-idle_footprint-iouring-loopback
949	quicheperf	close_reset_cleanup	syscall	loopback	1	ok		streams_per_second	3	47853.000000	.run/fixed-full-matrix-20260601T015324Z/scout/blocks/r000b00949t1-quicheperf-close_reset_cleanup-syscall-loopback
950	quicheperf	close_reset_cleanup	syscall	loopback	2	ok		streams_per_second	3	51889.000000	.run/fixed-full-matrix-20260601T015324Z/scout/blocks/r000b00950t2-quicheperf-close_reset_cleanup-syscall-loopback
951	quicheperf	close_reset_cleanup	syscall	loopback	4	ok		streams_per_second	3	54357.000000	.run/fixed-full-matrix-20260601T015324Z/scout/blocks/r000b00951t4-quicheperf-close_reset_cleanup-syscall-loopback
952	quicheperf	close_reset_cleanup	syscall	loopback	8	ok		streams_per_second	3	75259.000000	.run/fixed-full-matrix-20260601T015324Z/scout/blocks/r000b00952t8-quicheperf-close_reset_cleanup-syscall-loopback
953	quicheperf	close_reset_cleanup	syscall	loopback	16	ok		streams_per_second	3	90348.000000	.run/fixed-full-matrix-20260601T015324Z/scout/blocks/r000b00953t16-quicheperf-close_reset_cleanup-syscall-loopback
955	quicheperf	close_reset_cleanup	iouring	loopback	1	ok		streams_per_second	3	37354.000000	.run/fixed-full-matrix-20260601T015324Z/scout/blocks/r000b00955t1-quicheperf-close_reset_cleanup-iouring-loopback
956	quicheperf	close_reset_cleanup	iouring	loopback	2	ok		streams_per_second	3	41306.000000	.run/fixed-full-matrix-20260601T015324Z/scout/blocks/r000b00956t2-quicheperf-close_reset_cleanup-iouring-loopback
957	quicheperf	close_reset_cleanup	iouring	loopback	4	ok		streams_per_second	3	50345.000000	.run/fixed-full-matrix-20260601T015324Z/scout/blocks/r000b00957t4-quicheperf-close_reset_cleanup-iouring-loopback
958	quicheperf	close_reset_cleanup	iouring	loopback	8	ok		streams_per_second	3	62561.000000	.run/fixed-full-matrix-20260601T015324Z/scout/blocks/r000b00958t8-quicheperf-close_reset_cleanup-iouring-loopback
959	quicheperf	close_reset_cleanup	iouring	loopback	16	ok		streams_per_second	3	65784.000000	.run/fixed-full-matrix-20260601T015324Z/scout/blocks/r000b00959t16-quicheperf-close_reset_cleanup-iouring-loopback
961	picoperf	download	syscall	loopback	1	ok		throughput_gbps	3	8.646511	.run/fixed-full-matrix-20260601T015324Z/scout/blocks/r000b00961t1-picoperf-download-syscall-loopback
962	picoperf	download	syscall	loopback	2	ok		throughput_gbps	3	3.637272	.run/fixed-full-matrix-20260601T015324Z/scout/blocks/r000b00962t2-picoperf-download-syscall-loopback
963	picoperf	download	syscall	loopback	4	ok		throughput_gbps	3	3.168136	.run/fixed-full-matrix-20260601T015324Z/scout/blocks/r000b00963t4-picoperf-download-syscall-loopback
964	picoperf	download	syscall	loopback	8	ok		throughput_gbps	3	3.060217	.run/fixed-full-matrix-20260601T015324Z/scout/blocks/r000b00964t8-picoperf-download-syscall-loopback
965	picoperf	download	syscall	loopback	16	ok		throughput_gbps	3	2.984014	.run/fixed-full-matrix-20260601T015324Z/scout/blocks/r000b00965t16-picoperf-download-syscall-loopback
967	picoperf	download	iouring	loopback	1	ok		throughput_gbps	3	9.481012	.run/fixed-full-matrix-20260601T015324Z/scout/blocks/r000b00967t1-picoperf-download-iouring-loopback
968	picoperf	download	iouring	loopback	2	ok		throughput_gbps	3	3.308781	.run/fixed-full-matrix-20260601T015324Z/scout/blocks/r000b00968t2-picoperf-download-iouring-loopback
969	picoperf	download	iouring	loopback	4	ok		throughput_gbps	3	3.779689	.run/fixed-full-matrix-20260601T015324Z/scout/blocks/r000b00969t4-picoperf-download-iouring-loopback
970	picoperf	download	iouring	loopback	8	ok		throughput_gbps	3	3.317843	.run/fixed-full-matrix-20260601T015324Z/scout/blocks/r000b00970t8-picoperf-download-iouring-loopback
971	picoperf	download	iouring	loopback	16	ok		throughput_gbps	3	3.258842	.run/fixed-full-matrix-20260601T015324Z/scout/blocks/r000b00971t16-picoperf-download-iouring-loopback
973	picoperf	upload	syscall	loopback	1	ok		throughput_gbps	3	9.581681	.run/fixed-full-matrix-20260601T015324Z/scout/blocks/r000b00973t1-picoperf-upload-syscall-loopback
974	picoperf	upload	syscall	loopback	2	ok		throughput_gbps	3	16.112826	.run/fixed-full-matrix-20260601T015324Z/scout/blocks/r000b00974t2-picoperf-upload-syscall-loopback
975	picoperf	upload	syscall	loopback	4	ok		throughput_gbps	3	15.309026	.run/fixed-full-matrix-20260601T015324Z/scout/blocks/r000b00975t4-picoperf-upload-syscall-loopback
976	picoperf	upload	syscall	loopback	8	ok		throughput_gbps	3	15.336351	.run/fixed-full-matrix-20260601T015324Z/scout/blocks/r000b00976t8-picoperf-upload-syscall-loopback
977	picoperf	upload	syscall	loopback	16	ok		throughput_gbps	3	13.868357	.run/fixed-full-matrix-20260601T015324Z/scout/blocks/r000b00977t16-picoperf-upload-syscall-loopback
979	picoperf	upload	iouring	loopback	1	ok		throughput_gbps	3	9.855352	.run/fixed-full-matrix-20260601T015324Z/scout/blocks/r000b00979t1-picoperf-upload-iouring-loopback
980	picoperf	upload	iouring	loopback	2	ok		throughput_gbps	3	14.605739	.run/fixed-full-matrix-20260601T015324Z/scout/blocks/r000b00980t2-picoperf-upload-iouring-loopback
981	picoperf	upload	iouring	loopback	4	ok		throughput_gbps	3	12.497182	.run/fixed-full-matrix-20260601T015324Z/scout/blocks/r000b00981t4-picoperf-upload-iouring-loopback
982	picoperf	upload	iouring	loopback	8	ok		throughput_gbps	3	11.497133	.run/fixed-full-matrix-20260601T015324Z/scout/blocks/r000b00982t8-picoperf-upload-iouring-loopback
983	picoperf	upload	iouring	loopback	16	ok		throughput_gbps	3	10.782342	.run/fixed-full-matrix-20260601T015324Z/scout/blocks/r000b00983t16-picoperf-upload-iouring-loopback
985	picoperf	connect	syscall	loopback	1	ok		connections_per_second	3	824.381920	.run/fixed-full-matrix-20260601T015324Z/scout/blocks/r000b00985t1-picoperf-connect-syscall-loopback
986	picoperf	connect	syscall	loopback	2	ok		connections_per_second	3	1366.403953	.run/fixed-full-matrix-20260601T015324Z/scout/blocks/r000b00986t2-picoperf-connect-syscall-loopback
987	picoperf	connect	syscall	loopback	4	ok		connections_per_second	3	1837.494723	.run/fixed-full-matrix-20260601T015324Z/scout/blocks/r000b00987t4-picoperf-connect-syscall-loopback
988	picoperf	connect	syscall	loopback	8	ok		connections_per_second	3	1905.678445	.run/fixed-full-matrix-20260601T015324Z/scout/blocks/r000b00988t8-picoperf-connect-syscall-loopback
989	picoperf	connect	syscall	loopback	16	ok		connections_per_second	3	2217.984639	.run/fixed-full-matrix-20260601T015324Z/scout/blocks/r000b00989t16-picoperf-connect-syscall-loopback
991	picoperf	connect	iouring	loopback	1	ok		connections_per_second	3	1183.995226	.run/fixed-full-matrix-20260601T015324Z/scout/blocks/r000b00991t1-picoperf-connect-iouring-loopback
992	picoperf	connect	iouring	loopback	2	ok		connections_per_second	3	1591.563441	.run/fixed-full-matrix-20260601T015324Z/scout/blocks/r000b00992t2-picoperf-connect-iouring-loopback
993	picoperf	connect	iouring	loopback	4	ok		connections_per_second	3	2652.338733	.run/fixed-full-matrix-20260601T015324Z/scout/blocks/r000b00993t4-picoperf-connect-iouring-loopback
994	picoperf	connect	iouring	loopback	8	ok		connections_per_second	3	3574.252869	.run/fixed-full-matrix-20260601T015324Z/scout/blocks/r000b00994t8-picoperf-connect-iouring-loopback
995	picoperf	connect	iouring	loopback	16	ok		connections_per_second	3	4377.714696	.run/fixed-full-matrix-20260601T015324Z/scout/blocks/r000b00995t16-picoperf-connect-iouring-loopback
997	picoperf	reqresp	syscall	loopback	1	ok		requests_per_second	3	18005.000000	.run/fixed-full-matrix-20260601T015324Z/scout/blocks/r000b00997t1-picoperf-reqresp-syscall-loopback
998	picoperf	reqresp	syscall	loopback	2	ok		requests_per_second	3	28989.000000	.run/fixed-full-matrix-20260601T015324Z/scout/blocks/r000b00998t2-picoperf-reqresp-syscall-loopback
999	picoperf	reqresp	syscall	loopback	4	ok		requests_per_second	3	36327.000000	.run/fixed-full-matrix-20260601T015324Z/scout/blocks/r000b00999t4-picoperf-reqresp-syscall-loopback
1000	picoperf	reqresp	syscall	loopback	8	ok		requests_per_second	3	55881.000000	.run/fixed-full-matrix-20260601T015324Z/scout/blocks/r000b01000t8-picoperf-reqresp-syscall-loopback
1001	picoperf	reqresp	syscall	loopback	16	ok		requests_per_second	3	78637.000000	.run/fixed-full-matrix-20260601T015324Z/scout/blocks/r000b01001t16-picoperf-reqresp-syscall-loopback
1003	picoperf	reqresp	iouring	loopback	1	ok		requests_per_second	3	17757.000000	.run/fixed-full-matrix-20260601T015324Z/scout/blocks/r000b01003t1-picoperf-reqresp-iouring-loopback
1004	picoperf	reqresp	iouring	loopback	2	ok		requests_per_second	3	28428.000000	.run/fixed-full-matrix-20260601T015324Z/scout/blocks/r000b01004t2-picoperf-reqresp-iouring-loopback
1005	picoperf	reqresp	iouring	loopback	4	ok		requests_per_second	3	32761.000000	.run/fixed-full-matrix-20260601T015324Z/scout/blocks/r000b01005t4-picoperf-reqresp-iouring-loopback
1006	picoperf	reqresp	iouring	loopback	8	ok		requests_per_second	3	41101.000000	.run/fixed-full-matrix-20260601T015324Z/scout/blocks/r000b01006t8-picoperf-reqresp-iouring-loopback
1007	picoperf	reqresp	iouring	loopback	16	ok		requests_per_second	3	39204.000000	.run/fixed-full-matrix-20260601T015324Z/scout/blocks/r000b01007t16-picoperf-reqresp-iouring-loopback
1009	picoperf	stream_churn	syscall	loopback	1	ok		streams_per_second	3	24944.000000	.run/fixed-full-matrix-20260601T015324Z/scout/blocks/r000b01009t1-picoperf-stream_churn-syscall-loopback
1010	picoperf	stream_churn	syscall	loopback	2	ok		streams_per_second	3	25384.000000	.run/fixed-full-matrix-20260601T015324Z/scout/blocks/r000b01010t2-picoperf-stream_churn-syscall-loopback
1011	picoperf	stream_churn	syscall	loopback	4	ok		streams_per_second	3	34872.000000	.run/fixed-full-matrix-20260601T015324Z/scout/blocks/r000b01011t4-picoperf-stream_churn-syscall-loopback
1012	picoperf	stream_churn	syscall	loopback	8	ok		streams_per_second	3	49056.000000	.run/fixed-full-matrix-20260601T015324Z/scout/blocks/r000b01012t8-picoperf-stream_churn-syscall-loopback
1013	picoperf	stream_churn	syscall	loopback	16	ok		streams_per_second	3	68576.000000	.run/fixed-full-matrix-20260601T015324Z/scout/blocks/r000b01013t16-picoperf-stream_churn-syscall-loopback
1015	picoperf	stream_churn	iouring	loopback	1	ok		streams_per_second	3	21248.000000	.run/fixed-full-matrix-20260601T015324Z/scout/blocks/r000b01015t1-picoperf-stream_churn-iouring-loopback
1016	picoperf	stream_churn	iouring	loopback	2	ok		streams_per_second	3	25640.000000	.run/fixed-full-matrix-20260601T015324Z/scout/blocks/r000b01016t2-picoperf-stream_churn-iouring-loopback
1017	picoperf	stream_churn	iouring	loopback	4	ok		streams_per_second	3	34952.000000	.run/fixed-full-matrix-20260601T015324Z/scout/blocks/r000b01017t4-picoperf-stream_churn-iouring-loopback
1018	picoperf	stream_churn	iouring	loopback	8	ok		streams_per_second	3	48248.000000	.run/fixed-full-matrix-20260601T015324Z/scout/blocks/r000b01018t8-picoperf-stream_churn-iouring-loopback
1019	picoperf	stream_churn	iouring	loopback	16	ok		streams_per_second	3	67176.000000	.run/fixed-full-matrix-20260601T015324Z/scout/blocks/r000b01019t16-picoperf-stream_churn-iouring-loopback
1021	picoperf	multistream_download	syscall	loopback	1	ok		throughput_gbps	3	0.109052	.run/fixed-full-matrix-20260601T015324Z/scout/blocks/r000b01021t1-picoperf-multistream_download-syscall-loopback
1022	picoperf	multistream_download	syscall	loopback	2	ok		throughput_gbps	3	0.163086	.run/fixed-full-matrix-20260601T015324Z/scout/blocks/r000b01022t2-picoperf-multistream_download-syscall-loopback
1023	picoperf	multistream_download	syscall	loopback	4	ok		throughput_gbps	3	0.285295	.run/fixed-full-matrix-20260601T015324Z/scout/blocks/r000b01023t4-picoperf-multistream_download-syscall-loopback
1024	picoperf	multistream_download	syscall	loopback	8	ok		throughput_gbps	3	0.560438	.run/fixed-full-matrix-20260601T015324Z/scout/blocks/r000b01024t8-picoperf-multistream_download-syscall-loopback
1025	picoperf	multistream_download	syscall	loopback	16	ok		throughput_gbps	3	1.096642	.run/fixed-full-matrix-20260601T015324Z/scout/blocks/r000b01025t16-picoperf-multistream_download-syscall-loopback
1027	picoperf	multistream_download	iouring	loopback	1	ok		throughput_gbps	3	1.048576	.run/fixed-full-matrix-20260601T015324Z/scout/blocks/r000b01027t1-picoperf-multistream_download-iouring-loopback
1028	picoperf	multistream_download	iouring	loopback	2	ok		throughput_gbps	3	0.398038	.run/fixed-full-matrix-20260601T015324Z/scout/blocks/r000b01028t2-picoperf-multistream_download-iouring-loopback
1029	picoperf	multistream_download	iouring	loopback	4	ok		throughput_gbps	3	0.367343	.run/fixed-full-matrix-20260601T015324Z/scout/blocks/r000b01029t4-picoperf-multistream_download-iouring-loopback
1030	picoperf	multistream_download	iouring	loopback	8	ok		throughput_gbps	3	0.732324	.run/fixed-full-matrix-20260601T015324Z/scout/blocks/r000b01030t8-picoperf-multistream_download-iouring-loopback
1031	picoperf	multistream_download	iouring	loopback	16	ok		throughput_gbps	3	1.325802	.run/fixed-full-matrix-20260601T015324Z/scout/blocks/r000b01031t16-picoperf-multistream_download-iouring-loopback
1033	picoperf	multistream_upload	syscall	loopback	1	ok		throughput_gbps	3	0.070355	.run/fixed-full-matrix-20260601T015324Z/scout/blocks/r000b01033t1-picoperf-multistream_upload-syscall-loopback
1034	picoperf	multistream_upload	syscall	loopback	2	ok		throughput_gbps	3	0.176966	.run/fixed-full-matrix-20260601T015324Z/scout/blocks/r000b01034t2-picoperf-multistream_upload-syscall-loopback
1035	picoperf	multistream_upload	syscall	loopback	4	ok		throughput_gbps	3	0.330761	.run/fixed-full-matrix-20260601T015324Z/scout/blocks/r000b01035t4-picoperf-multistream_upload-syscall-loopback
1036	picoperf	multistream_upload	syscall	loopback	8	ok		throughput_gbps	3	0.603994	.run/fixed-full-matrix-20260601T015324Z/scout/blocks/r000b01036t8-picoperf-multistream_upload-syscall-loopback
1037	picoperf	multistream_upload	syscall	loopback	16	ok		throughput_gbps	3	1.182272	.run/fixed-full-matrix-20260601T015324Z/scout/blocks/r000b01037t16-picoperf-multistream_upload-syscall-loopback
1039	picoperf	multistream_upload	iouring	loopback	1	ok		throughput_gbps	3	0.072281	.run/fixed-full-matrix-20260601T015324Z/scout/blocks/r000b01039t1-picoperf-multistream_upload-iouring-loopback
1040	picoperf	multistream_upload	iouring	loopback	2	ok		throughput_gbps	3	0.259911	.run/fixed-full-matrix-20260601T015324Z/scout/blocks/r000b01040t2-picoperf-multistream_upload-iouring-loopback
1041	picoperf	multistream_upload	iouring	loopback	4	ok		throughput_gbps	3	0.337733	.run/fixed-full-matrix-20260601T015324Z/scout/blocks/r000b01041t4-picoperf-multistream_upload-iouring-loopback
1042	picoperf	multistream_upload	iouring	loopback	8	ok		throughput_gbps	3	0.603894	.run/fixed-full-matrix-20260601T015324Z/scout/blocks/r000b01042t8-picoperf-multistream_upload-iouring-loopback
1043	picoperf	multistream_upload	iouring	loopback	16	ok		throughput_gbps	3	1.184545	.run/fixed-full-matrix-20260601T015324Z/scout/blocks/r000b01043t16-picoperf-multistream_upload-iouring-loopback
1045	picoperf	bidi	syscall	loopback	1	ok		throughput_gbps	3	0.019701	.run/fixed-full-matrix-20260601T015324Z/scout/blocks/r000b01045t1-picoperf-bidi-syscall-loopback
1046	picoperf	bidi	syscall	loopback	2	ok		throughput_gbps	3	0.047081	.run/fixed-full-matrix-20260601T015324Z/scout/blocks/r000b01046t2-picoperf-bidi-syscall-loopback
1047	picoperf	bidi	syscall	loopback	4	ok		throughput_gbps	3	0.097529	.run/fixed-full-matrix-20260601T015324Z/scout/blocks/r000b01047t4-picoperf-bidi-syscall-loopback
1048	picoperf	bidi	syscall	loopback	8	ok		throughput_gbps	3	0.214018	.run/fixed-full-matrix-20260601T015324Z/scout/blocks/r000b01048t8-picoperf-bidi-syscall-loopback
1049	picoperf	bidi	syscall	loopback	16	ok		throughput_gbps	3	0.445093	.run/fixed-full-matrix-20260601T015324Z/scout/blocks/r000b01049t16-picoperf-bidi-syscall-loopback
1051	picoperf	bidi	iouring	loopback	1	ok		throughput_gbps	3	0.019404	.run/fixed-full-matrix-20260601T015324Z/scout/blocks/r000b01051t1-picoperf-bidi-iouring-loopback
1052	picoperf	bidi	iouring	loopback	2	ok		throughput_gbps	3	0.080865	.run/fixed-full-matrix-20260601T015324Z/scout/blocks/r000b01052t2-picoperf-bidi-iouring-loopback
1053	picoperf	bidi	iouring	loopback	4	ok		throughput_gbps	3	0.142983	.run/fixed-full-matrix-20260601T015324Z/scout/blocks/r000b01053t4-picoperf-bidi-iouring-loopback
1054	picoperf	bidi	iouring	loopback	8	ok		throughput_gbps	3	0.238547	.run/fixed-full-matrix-20260601T015324Z/scout/blocks/r000b01054t8-picoperf-bidi-iouring-loopback
1055	picoperf	bidi	iouring	loopback	16	ok		throughput_gbps	3	0.546234	.run/fixed-full-matrix-20260601T015324Z/scout/blocks/r000b01055t16-picoperf-bidi-iouring-loopback
1057	picoperf	small_payload_pps	syscall	loopback	1	ok		messages_per_second	3	24904.000000	.run/fixed-full-matrix-20260601T015324Z/scout/blocks/r000b01057t1-picoperf-small_payload_pps-syscall-loopback
1058	picoperf	small_payload_pps	syscall	loopback	2	ok		messages_per_second	3	25352.000000	.run/fixed-full-matrix-20260601T015324Z/scout/blocks/r000b01058t2-picoperf-small_payload_pps-syscall-loopback
1059	picoperf	small_payload_pps	syscall	loopback	4	ok		messages_per_second	3	34968.000000	.run/fixed-full-matrix-20260601T015324Z/scout/blocks/r000b01059t4-picoperf-small_payload_pps-syscall-loopback
1060	picoperf	small_payload_pps	syscall	loopback	8	ok		messages_per_second	3	47560.000000	.run/fixed-full-matrix-20260601T015324Z/scout/blocks/r000b01060t8-picoperf-small_payload_pps-syscall-loopback
1061	picoperf	small_payload_pps	syscall	loopback	16	ok		messages_per_second	3	68656.000000	.run/fixed-full-matrix-20260601T015324Z/scout/blocks/r000b01061t16-picoperf-small_payload_pps-syscall-loopback
1063	picoperf	small_payload_pps	iouring	loopback	1	ok		messages_per_second	3	21176.000000	.run/fixed-full-matrix-20260601T015324Z/scout/blocks/r000b01063t1-picoperf-small_payload_pps-iouring-loopback
1064	picoperf	small_payload_pps	iouring	loopback	2	ok		messages_per_second	3	25696.000000	.run/fixed-full-matrix-20260601T015324Z/scout/blocks/r000b01064t2-picoperf-small_payload_pps-iouring-loopback
1065	picoperf	small_payload_pps	iouring	loopback	4	ok		messages_per_second	3	34808.000000	.run/fixed-full-matrix-20260601T015324Z/scout/blocks/r000b01065t4-picoperf-small_payload_pps-iouring-loopback
1066	picoperf	small_payload_pps	iouring	loopback	8	ok		messages_per_second	3	47880.000000	.run/fixed-full-matrix-20260601T015324Z/scout/blocks/r000b01066t8-picoperf-small_payload_pps-iouring-loopback
1067	picoperf	small_payload_pps	iouring	loopback	16	ok		messages_per_second	3	66912.000000	.run/fixed-full-matrix-20260601T015324Z/scout/blocks/r000b01067t16-picoperf-small_payload_pps-iouring-loopback
1069	picoperf	loss_recovery	syscall	loopback	1	ok		throughput_gbps	3	6.125553	.run/fixed-full-matrix-20260601T015324Z/scout/blocks/r000b01069t1-picoperf-loss_recovery-syscall-loopback
1070	picoperf	loss_recovery	syscall	loopback	2	ok		throughput_gbps	3	3.417627	.run/fixed-full-matrix-20260601T015324Z/scout/blocks/r000b01070t2-picoperf-loss_recovery-syscall-loopback
1071	picoperf	loss_recovery	syscall	loopback	4	ok		throughput_gbps	3	3.022001	.run/fixed-full-matrix-20260601T015324Z/scout/blocks/r000b01071t4-picoperf-loss_recovery-syscall-loopback
1072	picoperf	loss_recovery	syscall	loopback	8	ok		throughput_gbps	3	3.301462	.run/fixed-full-matrix-20260601T015324Z/scout/blocks/r000b01072t8-picoperf-loss_recovery-syscall-loopback
1073	picoperf	loss_recovery	syscall	loopback	16	ok		throughput_gbps	3	2.828011	.run/fixed-full-matrix-20260601T015324Z/scout/blocks/r000b01073t16-picoperf-loss_recovery-syscall-loopback
1075	picoperf	loss_recovery	iouring	loopback	1	ok		throughput_gbps	3	7.736311	.run/fixed-full-matrix-20260601T015324Z/scout/blocks/r000b01075t1-picoperf-loss_recovery-iouring-loopback
1076	picoperf	loss_recovery	iouring	loopback	2	ok		throughput_gbps	3	3.727278	.run/fixed-full-matrix-20260601T015324Z/scout/blocks/r000b01076t2-picoperf-loss_recovery-iouring-loopback
1077	picoperf	loss_recovery	iouring	loopback	4	ok		throughput_gbps	3	3.317975	.run/fixed-full-matrix-20260601T015324Z/scout/blocks/r000b01077t4-picoperf-loss_recovery-iouring-loopback
1078	picoperf	loss_recovery	iouring	loopback	8	ok		throughput_gbps	3	3.315279	.run/fixed-full-matrix-20260601T015324Z/scout/blocks/r000b01078t8-picoperf-loss_recovery-iouring-loopback
1079	picoperf	loss_recovery	iouring	loopback	16	ok		throughput_gbps	3	3.235843	.run/fixed-full-matrix-20260601T015324Z/scout/blocks/r000b01079t16-picoperf-loss_recovery-iouring-loopback
1081	picoperf	flow_control	syscall	loopback	1	ok		throughput_gbps	3	9.879577	.run/fixed-full-matrix-20260601T015324Z/scout/blocks/r000b01081t1-picoperf-flow_control-syscall-loopback
1082	picoperf	flow_control	syscall	loopback	2	ok		throughput_gbps	3	3.301972	.run/fixed-full-matrix-20260601T015324Z/scout/blocks/r000b01082t2-picoperf-flow_control-syscall-loopback
1083	picoperf	flow_control	syscall	loopback	4	ok		throughput_gbps	3	2.974938	.run/fixed-full-matrix-20260601T015324Z/scout/blocks/r000b01083t4-picoperf-flow_control-syscall-loopback
1084	picoperf	flow_control	syscall	loopback	8	ok		throughput_gbps	3	3.261102	.run/fixed-full-matrix-20260601T015324Z/scout/blocks/r000b01084t8-picoperf-flow_control-syscall-loopback
1085	picoperf	flow_control	syscall	loopback	16	ok		throughput_gbps	3	3.325144	.run/fixed-full-matrix-20260601T015324Z/scout/blocks/r000b01085t16-picoperf-flow_control-syscall-loopback
1087	picoperf	flow_control	iouring	loopback	1	ok		throughput_gbps	3	9.708653	.run/fixed-full-matrix-20260601T015324Z/scout/blocks/r000b01087t1-picoperf-flow_control-iouring-loopback
1088	picoperf	flow_control	iouring	loopback	2	ok		throughput_gbps	3	3.330050	.run/fixed-full-matrix-20260601T015324Z/scout/blocks/r000b01088t2-picoperf-flow_control-iouring-loopback
1089	picoperf	flow_control	iouring	loopback	4	ok		throughput_gbps	3	3.402299	.run/fixed-full-matrix-20260601T015324Z/scout/blocks/r000b01089t4-picoperf-flow_control-iouring-loopback
1090	picoperf	flow_control	iouring	loopback	8	ok		throughput_gbps	3	3.297515	.run/fixed-full-matrix-20260601T015324Z/scout/blocks/r000b01090t8-picoperf-flow_control-iouring-loopback
1091	picoperf	flow_control	iouring	loopback	16	ok		throughput_gbps	3	3.277858	.run/fixed-full-matrix-20260601T015324Z/scout/blocks/r000b01091t16-picoperf-flow_control-iouring-loopback
1093	picoperf	resumed_connect	syscall	loopback	1	ok		connections_per_second	3	298.788056	.run/fixed-full-matrix-20260601T015324Z/scout/blocks/r000b01093t1-picoperf-resumed_connect-syscall-loopback
1094	picoperf	resumed_connect	syscall	loopback	2	ok		connections_per_second	3	402.576814	.run/fixed-full-matrix-20260601T015324Z/scout/blocks/r000b01094t2-picoperf-resumed_connect-syscall-loopback
1095	picoperf	resumed_connect	syscall	loopback	4	ok		connections_per_second	3	364.862168	.run/fixed-full-matrix-20260601T015324Z/scout/blocks/r000b01095t4-picoperf-resumed_connect-syscall-loopback
1096	picoperf	resumed_connect	syscall	loopback	8	ok		connections_per_second	3	302.445483	.run/fixed-full-matrix-20260601T015324Z/scout/blocks/r000b01096t8-picoperf-resumed_connect-syscall-loopback
1097	picoperf	resumed_connect	syscall	loopback	16	ok		connections_per_second	3	289.588242	.run/fixed-full-matrix-20260601T015324Z/scout/blocks/r000b01097t16-picoperf-resumed_connect-syscall-loopback
1099	picoperf	resumed_connect	iouring	loopback	1	ok		connections_per_second	3	327.550752	.run/fixed-full-matrix-20260601T015324Z/scout/blocks/r000b01099t1-picoperf-resumed_connect-iouring-loopback
1100	picoperf	resumed_connect	iouring	loopback	2	ok		connections_per_second	3	481.243765	.run/fixed-full-matrix-20260601T015324Z/scout/blocks/r000b01100t2-picoperf-resumed_connect-iouring-loopback
1101	picoperf	resumed_connect	iouring	loopback	4	ok		connections_per_second	3	527.247074	.run/fixed-full-matrix-20260601T015324Z/scout/blocks/r000b01101t4-picoperf-resumed_connect-iouring-loopback
1102	picoperf	resumed_connect	iouring	loopback	8	ok		connections_per_second	3	454.228450	.run/fixed-full-matrix-20260601T015324Z/scout/blocks/r000b01102t8-picoperf-resumed_connect-iouring-loopback
1103	picoperf	resumed_connect	iouring	loopback	16	ok		connections_per_second	3	474.475445	.run/fixed-full-matrix-20260601T015324Z/scout/blocks/r000b01103t16-picoperf-resumed_connect-iouring-loopback
1105	picoperf	zero_rtt_reqresp	syscall	loopback	1	ok		requests_per_second	3	17994.000000	.run/fixed-full-matrix-20260601T015324Z/scout/blocks/r000b01105t1-picoperf-zero_rtt_reqresp-syscall-loopback
1106	picoperf	zero_rtt_reqresp	syscall	loopback	2	ok		requests_per_second	3	29356.000000	.run/fixed-full-matrix-20260601T015324Z/scout/blocks/r000b01106t2-picoperf-zero_rtt_reqresp-syscall-loopback
1107	picoperf	zero_rtt_reqresp	syscall	loopback	4	ok		requests_per_second	3	35795.000000	.run/fixed-full-matrix-20260601T015324Z/scout/blocks/r000b01107t4-picoperf-zero_rtt_reqresp-syscall-loopback
1108	picoperf	zero_rtt_reqresp	syscall	loopback	8	ok		requests_per_second	3	55936.000000	.run/fixed-full-matrix-20260601T015324Z/scout/blocks/r000b01108t8-picoperf-zero_rtt_reqresp-syscall-loopback
1109	picoperf	zero_rtt_reqresp	syscall	loopback	16	ok		requests_per_second	3	72013.000000	.run/fixed-full-matrix-20260601T015324Z/scout/blocks/r000b01109t16-picoperf-zero_rtt_reqresp-syscall-loopback
1111	picoperf	zero_rtt_reqresp	iouring	loopback	1	ok		requests_per_second	3	17734.000000	.run/fixed-full-matrix-20260601T015324Z/scout/blocks/r000b01111t1-picoperf-zero_rtt_reqresp-iouring-loopback
1112	picoperf	zero_rtt_reqresp	iouring	loopback	2	ok		requests_per_second	3	28729.000000	.run/fixed-full-matrix-20260601T015324Z/scout/blocks/r000b01112t2-picoperf-zero_rtt_reqresp-iouring-loopback
1113	picoperf	zero_rtt_reqresp	iouring	loopback	4	ok		requests_per_second	3	32771.000000	.run/fixed-full-matrix-20260601T015324Z/scout/blocks/r000b01113t4-picoperf-zero_rtt_reqresp-iouring-loopback
1114	picoperf	zero_rtt_reqresp	iouring	loopback	8	ok		requests_per_second	3	43018.000000	.run/fixed-full-matrix-20260601T015324Z/scout/blocks/r000b01114t8-picoperf-zero_rtt_reqresp-iouring-loopback
1115	picoperf	zero_rtt_reqresp	iouring	loopback	16	ok		requests_per_second	3	38158.000000	.run/fixed-full-matrix-20260601T015324Z/scout/blocks/r000b01115t16-picoperf-zero_rtt_reqresp-iouring-loopback
1117	picoperf	datagram	syscall	loopback	1	ok		datagrams_per_second	3	139904.000000	.run/fixed-full-matrix-20260601T015324Z/scout/blocks/r000b01117t1-picoperf-datagram-syscall-loopback
1118	picoperf	datagram	syscall	loopback	2	ok		datagrams_per_second	3	124238.000000	.run/fixed-full-matrix-20260601T015324Z/scout/blocks/r000b01118t2-picoperf-datagram-syscall-loopback
1119	picoperf	datagram	syscall	loopback	4	ok		datagrams_per_second	3	131703.000000	.run/fixed-full-matrix-20260601T015324Z/scout/blocks/r000b01119t4-picoperf-datagram-syscall-loopback
1120	picoperf	datagram	syscall	loopback	8	ok		datagrams_per_second	3	94170.000000	.run/fixed-full-matrix-20260601T015324Z/scout/blocks/r000b01120t8-picoperf-datagram-syscall-loopback
1121	picoperf	datagram	syscall	loopback	16	ok		datagrams_per_second	3	66980.000000	.run/fixed-full-matrix-20260601T015324Z/scout/blocks/r000b01121t16-picoperf-datagram-syscall-loopback
1123	picoperf	datagram	iouring	loopback	1	ok		datagrams_per_second	3	185688.000000	.run/fixed-full-matrix-20260601T015324Z/scout/blocks/r000b01123t1-picoperf-datagram-iouring-loopback
1124	picoperf	datagram	iouring	loopback	2	ok		datagrams_per_second	3	147020.000000	.run/fixed-full-matrix-20260601T015324Z/scout/blocks/r000b01124t2-picoperf-datagram-iouring-loopback
1125	picoperf	datagram	iouring	loopback	4	ok		datagrams_per_second	3	142220.000000	.run/fixed-full-matrix-20260601T015324Z/scout/blocks/r000b01125t4-picoperf-datagram-iouring-loopback
1126	picoperf	datagram	iouring	loopback	8	ok		datagrams_per_second	3	72889.000000	.run/fixed-full-matrix-20260601T015324Z/scout/blocks/r000b01126t8-picoperf-datagram-iouring-loopback
1127	picoperf	datagram	iouring	loopback	16	ok		datagrams_per_second	3	72124.000000	.run/fixed-full-matrix-20260601T015324Z/scout/blocks/r000b01127t16-picoperf-datagram-iouring-loopback
1129	picoperf	idle_footprint	syscall	loopback	1	ok		server_rss_delta_bytes_per_connection	3	1585152.000000	.run/fixed-full-matrix-20260601T015324Z/scout/blocks/r000b01129t1-picoperf-idle_footprint-syscall-loopback
1130	picoperf	idle_footprint	syscall	loopback	2	ok		server_rss_delta_bytes_per_connection	3	782336.000000	.run/fixed-full-matrix-20260601T015324Z/scout/blocks/r000b01130t2-picoperf-idle_footprint-syscall-loopback
1131	picoperf	idle_footprint	syscall	loopback	4	ok		server_rss_delta_bytes_per_connection	3	384000.000000	.run/fixed-full-matrix-20260601T015324Z/scout/blocks/r000b01131t4-picoperf-idle_footprint-syscall-loopback
1132	picoperf	idle_footprint	syscall	loopback	8	ok		server_rss_delta_bytes_per_connection	3	232448.000000	.run/fixed-full-matrix-20260601T015324Z/scout/blocks/r000b01132t8-picoperf-idle_footprint-syscall-loopback
1133	picoperf	idle_footprint	syscall	loopback	16	ok		server_rss_delta_bytes_per_connection	3	132608.000000	.run/fixed-full-matrix-20260601T015324Z/scout/blocks/r000b01133t16-picoperf-idle_footprint-syscall-loopback
1135	picoperf	idle_footprint	iouring	loopback	1	ok		server_rss_delta_bytes_per_connection	3	913408.000000	.run/fixed-full-matrix-20260601T015324Z/scout/blocks/r000b01135t1-picoperf-idle_footprint-iouring-loopback
1136	picoperf	idle_footprint	iouring	loopback	2	ok		server_rss_delta_bytes_per_connection	3	483328.000000	.run/fixed-full-matrix-20260601T015324Z/scout/blocks/r000b01136t2-picoperf-idle_footprint-iouring-loopback
1137	picoperf	idle_footprint	iouring	loopback	4	ok		server_rss_delta_bytes_per_connection	3	261120.000000	.run/fixed-full-matrix-20260601T015324Z/scout/blocks/r000b01137t4-picoperf-idle_footprint-iouring-loopback
1138	picoperf	idle_footprint	iouring	loopback	8	ok		server_rss_delta_bytes_per_connection	3	142848.000000	.run/fixed-full-matrix-20260601T015324Z/scout/blocks/r000b01138t8-picoperf-idle_footprint-iouring-loopback
1139	picoperf	idle_footprint	iouring	loopback	16	ok		server_rss_delta_bytes_per_connection	3	89856.000000	.run/fixed-full-matrix-20260601T015324Z/scout/blocks/r000b01139t16-picoperf-idle_footprint-iouring-loopback
1141	picoperf	close_reset_cleanup	syscall	loopback	1	ok		streams_per_second	3	24920.000000	.run/fixed-full-matrix-20260601T015324Z/scout/blocks/r000b01141t1-picoperf-close_reset_cleanup-syscall-loopback
1142	picoperf	close_reset_cleanup	syscall	loopback	2	ok		streams_per_second	3	25368.000000	.run/fixed-full-matrix-20260601T015324Z/scout/blocks/r000b01142t2-picoperf-close_reset_cleanup-syscall-loopback
1143	picoperf	close_reset_cleanup	syscall	loopback	4	ok		streams_per_second	3	35544.000000	.run/fixed-full-matrix-20260601T015324Z/scout/blocks/r000b01143t4-picoperf-close_reset_cleanup-syscall-loopback
1144	picoperf	close_reset_cleanup	syscall	loopback	8	ok		streams_per_second	3	49328.000000	.run/fixed-full-matrix-20260601T015324Z/scout/blocks/r000b01144t8-picoperf-close_reset_cleanup-syscall-loopback
1145	picoperf	close_reset_cleanup	syscall	loopback	16	ok		streams_per_second	3	67304.000000	.run/fixed-full-matrix-20260601T015324Z/scout/blocks/r000b01145t16-picoperf-close_reset_cleanup-syscall-loopback
1147	picoperf	close_reset_cleanup	iouring	loopback	1	ok		streams_per_second	3	21288.000000	.run/fixed-full-matrix-20260601T015324Z/scout/blocks/r000b01147t1-picoperf-close_reset_cleanup-iouring-loopback
1148	picoperf	close_reset_cleanup	iouring	loopback	2	ok		streams_per_second	3	25720.000000	.run/fixed-full-matrix-20260601T015324Z/scout/blocks/r000b01148t2-picoperf-close_reset_cleanup-iouring-loopback
1149	picoperf	close_reset_cleanup	iouring	loopback	4	ok		streams_per_second	3	34872.000000	.run/fixed-full-matrix-20260601T015324Z/scout/blocks/r000b01149t4-picoperf-close_reset_cleanup-iouring-loopback
1150	picoperf	close_reset_cleanup	iouring	loopback	8	ok		streams_per_second	3	48440.000000	.run/fixed-full-matrix-20260601T015324Z/scout/blocks/r000b01150t8-picoperf-close_reset_cleanup-iouring-loopback
1151	picoperf	close_reset_cleanup	iouring	loopback	16	ok		streams_per_second	3	65256.000000	.run/fixed-full-matrix-20260601T015324Z/scout/blocks/r000b01151t16-picoperf-close_reset_cleanup-iouring-loopback
1153	quinnperf	download	syscall	loopback	1	ok		throughput_gbps	3	3.357988	.run/fixed-full-matrix-20260601T015324Z/scout/blocks/r000b01153t1-quinnperf-download-syscall-loopback
1154	quinnperf	download	syscall	loopback	2	ok		throughput_gbps	3	6.682134	.run/fixed-full-matrix-20260601T015324Z/scout/blocks/r000b01154t2-quinnperf-download-syscall-loopback
1155	quinnperf	download	syscall	loopback	4	ok		throughput_gbps	3	6.177747	.run/fixed-full-matrix-20260601T015324Z/scout/blocks/r000b01155t4-quinnperf-download-syscall-loopback
1156	quinnperf	download	syscall	loopback	8	ok		throughput_gbps	3	5.431969	.run/fixed-full-matrix-20260601T015324Z/scout/blocks/r000b01156t8-quinnperf-download-syscall-loopback
1157	quinnperf	download	syscall	loopback	16	ok		throughput_gbps	3	4.143972	.run/fixed-full-matrix-20260601T015324Z/scout/blocks/r000b01157t16-quinnperf-download-syscall-loopback
1159	quinnperf	download	iouring	loopback	1	ok		throughput_gbps	3	4.028194	.run/fixed-full-matrix-20260601T015324Z/scout/blocks/r000b01159t1-quinnperf-download-iouring-loopback
1160	quinnperf	download	iouring	loopback	2	ok		throughput_gbps	3	6.910116	.run/fixed-full-matrix-20260601T015324Z/scout/blocks/r000b01160t2-quinnperf-download-iouring-loopback
1161	quinnperf	download	iouring	loopback	4	ok		throughput_gbps	3	6.288616	.run/fixed-full-matrix-20260601T015324Z/scout/blocks/r000b01161t4-quinnperf-download-iouring-loopback
1162	quinnperf	download	iouring	loopback	8	ok		throughput_gbps	3	5.473552	.run/fixed-full-matrix-20260601T015324Z/scout/blocks/r000b01162t8-quinnperf-download-iouring-loopback
1163	quinnperf	download	iouring	loopback	16	ok		throughput_gbps	3	4.257219	.run/fixed-full-matrix-20260601T015324Z/scout/blocks/r000b01163t16-quinnperf-download-iouring-loopback
1165	quinnperf	upload	syscall	loopback	1	ok		throughput_gbps	3	3.396792	.run/fixed-full-matrix-20260601T015324Z/scout/blocks/r000b01165t1-quinnperf-upload-syscall-loopback
1166	quinnperf	upload	syscall	loopback	2	ok		throughput_gbps	3	2.820370	.run/fixed-full-matrix-20260601T015324Z/scout/blocks/r000b01166t2-quinnperf-upload-syscall-loopback
1167	quinnperf	upload	syscall	loopback	4	ok		throughput_gbps	3	1.879793	.run/fixed-full-matrix-20260601T015324Z/scout/blocks/r000b01167t4-quinnperf-upload-syscall-loopback
1168	quinnperf	upload	syscall	loopback	8	ok		throughput_gbps	3	0.537133	.run/fixed-full-matrix-20260601T015324Z/scout/blocks/r000b01168t8-quinnperf-upload-syscall-loopback
1169	quinnperf	upload	syscall	loopback	16	ok		throughput_gbps	3	0.004227	.run/fixed-full-matrix-20260601T015324Z/scout/blocks/r000b01169t16-quinnperf-upload-syscall-loopback
1171	quinnperf	upload	iouring	loopback	1	ok		throughput_gbps	3	4.139632	.run/fixed-full-matrix-20260601T015324Z/scout/blocks/r000b01171t1-quinnperf-upload-iouring-loopback
1172	quinnperf	upload	iouring	loopback	2	ok		throughput_gbps	3	3.216250	.run/fixed-full-matrix-20260601T015324Z/scout/blocks/r000b01172t2-quinnperf-upload-iouring-loopback
1173	quinnperf	upload	iouring	loopback	4	ok		throughput_gbps	3	2.016737	.run/fixed-full-matrix-20260601T015324Z/scout/blocks/r000b01173t4-quinnperf-upload-iouring-loopback
1174	quinnperf	upload	iouring	loopback	8	ok		throughput_gbps	3	0.364775	.run/fixed-full-matrix-20260601T015324Z/scout/blocks/r000b01174t8-quinnperf-upload-iouring-loopback
1175	quinnperf	upload	iouring	loopback	16	ok		throughput_gbps	3	0.004358	.run/fixed-full-matrix-20260601T015324Z/scout/blocks/r000b01175t16-quinnperf-upload-iouring-loopback
1177	quinnperf	connect	syscall	loopback	1	ok		connections_per_second	3	1051.671790	.run/fixed-full-matrix-20260601T015324Z/scout/blocks/r000b01177t1-quinnperf-connect-syscall-loopback
1178	quinnperf	connect	syscall	loopback	2	ok		connections_per_second	3	1779.967533	.run/fixed-full-matrix-20260601T015324Z/scout/blocks/r000b01178t2-quinnperf-connect-syscall-loopback
1179	quinnperf	connect	syscall	loopback	4	ok		connections_per_second	3	2453.345044	.run/fixed-full-matrix-20260601T015324Z/scout/blocks/r000b01179t4-quinnperf-connect-syscall-loopback
1180	quinnperf	connect	syscall	loopback	8	ok		connections_per_second	3	2709.759980	.run/fixed-full-matrix-20260601T015324Z/scout/blocks/r000b01180t8-quinnperf-connect-syscall-loopback
1181	quinnperf	connect	syscall	loopback	16	ok		connections_per_second	3	2665.587548	.run/fixed-full-matrix-20260601T015324Z/scout/blocks/r000b01181t16-quinnperf-connect-syscall-loopback
1183	quinnperf	connect	iouring	loopback	1	ok		connections_per_second	3	1299.739402	.run/fixed-full-matrix-20260601T015324Z/scout/blocks/r000b01183t1-quinnperf-connect-iouring-loopback
1184	quinnperf	connect	iouring	loopback	2	ok		connections_per_second	3	2082.441788	.run/fixed-full-matrix-20260601T015324Z/scout/blocks/r000b01184t2-quinnperf-connect-iouring-loopback
1185	quinnperf	connect	iouring	loopback	4	ok		connections_per_second	3	152.932243	.run/fixed-full-matrix-20260601T015324Z/scout/blocks/r000b01185t4-quinnperf-connect-iouring-loopback
1186	quinnperf	connect	iouring	loopback	8	ok		connections_per_second	3	3856.884515	.run/fixed-full-matrix-20260601T015324Z/scout/blocks/r000b01186t8-quinnperf-connect-iouring-loopback
1187	quinnperf	connect	iouring	loopback	16	ok		connections_per_second	3	4189.806619	.run/fixed-full-matrix-20260601T015324Z/scout/blocks/r000b01187t16-quinnperf-connect-iouring-loopback
1189	quinnperf	reqresp	syscall	loopback	1	ok		requests_per_second	3	46981.000000	.run/fixed-full-matrix-20260601T015324Z/scout/blocks/r000b01189t1-quinnperf-reqresp-syscall-loopback
1190	quinnperf	reqresp	syscall	loopback	2	ok		requests_per_second	3	51299.000000	.run/fixed-full-matrix-20260601T015324Z/scout/blocks/r000b01190t2-quinnperf-reqresp-syscall-loopback
1191	quinnperf	reqresp	syscall	loopback	4	ok		requests_per_second	3	48386.000000	.run/fixed-full-matrix-20260601T015324Z/scout/blocks/r000b01191t4-quinnperf-reqresp-syscall-loopback
1192	quinnperf	reqresp	syscall	loopback	8	ok		requests_per_second	3	40532.000000	.run/fixed-full-matrix-20260601T015324Z/scout/blocks/r000b01192t8-quinnperf-reqresp-syscall-loopback
1193	quinnperf	reqresp	syscall	loopback	16	ok		requests_per_second	3	31886.000000	.run/fixed-full-matrix-20260601T015324Z/scout/blocks/r000b01193t16-quinnperf-reqresp-syscall-loopback
1195	quinnperf	reqresp	iouring	loopback	1	ok		requests_per_second	3	54116.000000	.run/fixed-full-matrix-20260601T015324Z/scout/blocks/r000b01195t1-quinnperf-reqresp-iouring-loopback
1196	quinnperf	reqresp	iouring	loopback	2	ok		requests_per_second	3	52499.000000	.run/fixed-full-matrix-20260601T015324Z/scout/blocks/r000b01196t2-quinnperf-reqresp-iouring-loopback
1197	quinnperf	reqresp	iouring	loopback	4	ok		requests_per_second	3	47328.000000	.run/fixed-full-matrix-20260601T015324Z/scout/blocks/r000b01197t4-quinnperf-reqresp-iouring-loopback
1198	quinnperf	reqresp	iouring	loopback	8	ok		requests_per_second	3	43331.000000	.run/fixed-full-matrix-20260601T015324Z/scout/blocks/r000b01198t8-quinnperf-reqresp-iouring-loopback
1199	quinnperf	reqresp	iouring	loopback	16	ok		requests_per_second	3	33931.000000	.run/fixed-full-matrix-20260601T015324Z/scout/blocks/r000b01199t16-quinnperf-reqresp-iouring-loopback
1201	quinnperf	stream_churn	syscall	loopback	1	ok		streams_per_second	3	48323.000000	.run/fixed-full-matrix-20260601T015324Z/scout/blocks/r000b01201t1-quinnperf-stream_churn-syscall-loopback
1202	quinnperf	stream_churn	syscall	loopback	2	ok		streams_per_second	3	52588.000000	.run/fixed-full-matrix-20260601T015324Z/scout/blocks/r000b01202t2-quinnperf-stream_churn-syscall-loopback
1203	quinnperf	stream_churn	syscall	loopback	4	ok		streams_per_second	3	49232.000000	.run/fixed-full-matrix-20260601T015324Z/scout/blocks/r000b01203t4-quinnperf-stream_churn-syscall-loopback
1204	quinnperf	stream_churn	syscall	loopback	8	ok		streams_per_second	3	41955.000000	.run/fixed-full-matrix-20260601T015324Z/scout/blocks/r000b01204t8-quinnperf-stream_churn-syscall-loopback
1205	quinnperf	stream_churn	syscall	loopback	16	ok		streams_per_second	3	33672.000000	.run/fixed-full-matrix-20260601T015324Z/scout/blocks/r000b01205t16-quinnperf-stream_churn-syscall-loopback
1207	quinnperf	stream_churn	iouring	loopback	1	ok		streams_per_second	3	54553.000000	.run/fixed-full-matrix-20260601T015324Z/scout/blocks/r000b01207t1-quinnperf-stream_churn-iouring-loopback
1208	quinnperf	stream_churn	iouring	loopback	2	ok		streams_per_second	3	54147.000000	.run/fixed-full-matrix-20260601T015324Z/scout/blocks/r000b01208t2-quinnperf-stream_churn-iouring-loopback
1209	quinnperf	stream_churn	iouring	loopback	4	ok		streams_per_second	3	48451.000000	.run/fixed-full-matrix-20260601T015324Z/scout/blocks/r000b01209t4-quinnperf-stream_churn-iouring-loopback
1210	quinnperf	stream_churn	iouring	loopback	8	ok		streams_per_second	3	45766.000000	.run/fixed-full-matrix-20260601T015324Z/scout/blocks/r000b01210t8-quinnperf-stream_churn-iouring-loopback
1211	quinnperf	stream_churn	iouring	loopback	16	ok		streams_per_second	3	34405.000000	.run/fixed-full-matrix-20260601T015324Z/scout/blocks/r000b01211t16-quinnperf-stream_churn-iouring-loopback
1213	quinnperf	multistream_download	syscall	loopback	1	ok		throughput_gbps	3	3.562028	.run/fixed-full-matrix-20260601T015324Z/scout/blocks/r000b01213t1-quinnperf-multistream_download-syscall-loopback
1214	quinnperf	multistream_download	syscall	loopback	2	ok		throughput_gbps	3	6.243582	.run/fixed-full-matrix-20260601T015324Z/scout/blocks/r000b01214t2-quinnperf-multistream_download-syscall-loopback
1215	quinnperf	multistream_download	syscall	loopback	4	ok		throughput_gbps	3	5.874236	.run/fixed-full-matrix-20260601T015324Z/scout/blocks/r000b01215t4-quinnperf-multistream_download-syscall-loopback
1216	quinnperf	multistream_download	syscall	loopback	8	ok		throughput_gbps	3	5.152104	.run/fixed-full-matrix-20260601T015324Z/scout/blocks/r000b01216t8-quinnperf-multistream_download-syscall-loopback
1217	quinnperf	multistream_download	syscall	loopback	16	ok		throughput_gbps	3	4.000338	.run/fixed-full-matrix-20260601T015324Z/scout/blocks/r000b01217t16-quinnperf-multistream_download-syscall-loopback
1219	quinnperf	multistream_download	iouring	loopback	1	ok		throughput_gbps	3	4.373010	.run/fixed-full-matrix-20260601T015324Z/scout/blocks/r000b01219t1-quinnperf-multistream_download-iouring-loopback
1220	quinnperf	multistream_download	iouring	loopback	2	ok		throughput_gbps	3	6.536543	.run/fixed-full-matrix-20260601T015324Z/scout/blocks/r000b01220t2-quinnperf-multistream_download-iouring-loopback
1221	quinnperf	multistream_download	iouring	loopback	4	ok		throughput_gbps	3	6.181378	.run/fixed-full-matrix-20260601T015324Z/scout/blocks/r000b01221t4-quinnperf-multistream_download-iouring-loopback
1222	quinnperf	multistream_download	iouring	loopback	8	ok		throughput_gbps	3	5.361879	.run/fixed-full-matrix-20260601T015324Z/scout/blocks/r000b01222t8-quinnperf-multistream_download-iouring-loopback
1223	quinnperf	multistream_download	iouring	loopback	16	ok		throughput_gbps	3	4.150873	.run/fixed-full-matrix-20260601T015324Z/scout/blocks/r000b01223t16-quinnperf-multistream_download-iouring-loopback
1225	quinnperf	multistream_upload	syscall	loopback	1	ok		throughput_gbps	3	0.171966	.run/fixed-full-matrix-20260601T015324Z/scout/blocks/r000b01225t1-quinnperf-multistream_upload-syscall-loopback
1226	quinnperf	multistream_upload	syscall	loopback	2	ok		throughput_gbps	3	0.373293	.run/fixed-full-matrix-20260601T015324Z/scout/blocks/r000b01226t2-quinnperf-multistream_upload-syscall-loopback
1227	quinnperf	multistream_upload	syscall	loopback	4	ok		throughput_gbps	3	0.759169	.run/fixed-full-matrix-20260601T015324Z/scout/blocks/r000b01227t4-quinnperf-multistream_upload-syscall-loopback
1228	quinnperf	multistream_upload	syscall	loopback	8	ok		throughput_gbps	3	1.522532	.run/fixed-full-matrix-20260601T015324Z/scout/blocks/r000b01228t8-quinnperf-multistream_upload-syscall-loopback
1229	quinnperf	multistream_upload	syscall	loopback	16	ok		throughput_gbps	3	2.147484	.run/fixed-full-matrix-20260601T015324Z/scout/blocks/r000b01229t16-quinnperf-multistream_upload-syscall-loopback
1231	quinnperf	multistream_upload	iouring	loopback	1	ok		throughput_gbps	3	0.169869	.run/fixed-full-matrix-20260601T015324Z/scout/blocks/r000b01231t1-quinnperf-multistream_upload-iouring-loopback
1232	quinnperf	multistream_upload	iouring	loopback	2	ok		throughput_gbps	3	0.364904	.run/fixed-full-matrix-20260601T015324Z/scout/blocks/r000b01232t2-quinnperf-multistream_upload-iouring-loopback
1233	quinnperf	multistream_upload	iouring	loopback	4	ok		throughput_gbps	3	0.759169	.run/fixed-full-matrix-20260601T015324Z/scout/blocks/r000b01233t4-quinnperf-multistream_upload-iouring-loopback
1234	quinnperf	multistream_upload	iouring	loopback	8	ok		throughput_gbps	3	1.522532	.run/fixed-full-matrix-20260601T015324Z/scout/blocks/r000b01234t8-quinnperf-multistream_upload-iouring-loopback
1235	quinnperf	multistream_upload	iouring	loopback	16	ok		throughput_gbps	3	2.147484	.run/fixed-full-matrix-20260601T015324Z/scout/blocks/r000b01235t16-quinnperf-multistream_upload-iouring-loopback
1237	quinnperf	bidi	syscall	loopback	1	ok		throughput_gbps	3	4.563403	.run/fixed-full-matrix-20260601T015324Z/scout/blocks/r000b01237t1-quinnperf-bidi-syscall-loopback
1238	quinnperf	bidi	syscall	loopback	2	ok		throughput_gbps	3	4.198498	.run/fixed-full-matrix-20260601T015324Z/scout/blocks/r000b01238t2-quinnperf-bidi-syscall-loopback
1239	quinnperf	bidi	syscall	loopback	4	ok		throughput_gbps	3	3.970189	.run/fixed-full-matrix-20260601T015324Z/scout/blocks/r000b01239t4-quinnperf-bidi-syscall-loopback
1240	quinnperf	bidi	syscall	loopback	8	ok		throughput_gbps	3	3.557190	.run/fixed-full-matrix-20260601T015324Z/scout/blocks/r000b01240t8-quinnperf-bidi-syscall-loopback
1241	quinnperf	bidi	syscall	loopback	16	ok		throughput_gbps	3	3.783262	.run/fixed-full-matrix-20260601T015324Z/scout/blocks/r000b01241t16-quinnperf-bidi-syscall-loopback
1243	quinnperf	bidi	iouring	loopback	1	ok		throughput_gbps	3	5.307920	.run/fixed-full-matrix-20260601T015324Z/scout/blocks/r000b01243t1-quinnperf-bidi-iouring-loopback
1244	quinnperf	bidi	iouring	loopback	2	ok		throughput_gbps	3	4.750049	.run/fixed-full-matrix-20260601T015324Z/scout/blocks/r000b01244t2-quinnperf-bidi-iouring-loopback
1245	quinnperf	bidi	iouring	loopback	4	ok		throughput_gbps	3	4.093641	.run/fixed-full-matrix-20260601T015324Z/scout/blocks/r000b01245t4-quinnperf-bidi-iouring-loopback
1246	quinnperf	bidi	iouring	loopback	8	ok		throughput_gbps	3	3.810525	.run/fixed-full-matrix-20260601T015324Z/scout/blocks/r000b01246t8-quinnperf-bidi-iouring-loopback
1247	quinnperf	bidi	iouring	loopback	16	ok		throughput_gbps	3	3.623879	.run/fixed-full-matrix-20260601T015324Z/scout/blocks/r000b01247t16-quinnperf-bidi-iouring-loopback
1249	quinnperf	small_payload_pps	syscall	loopback	1	ok		messages_per_second	3	50327.000000	.run/fixed-full-matrix-20260601T015324Z/scout/blocks/r000b01249t1-quinnperf-small_payload_pps-syscall-loopback
1250	quinnperf	small_payload_pps	syscall	loopback	2	ok		messages_per_second	3	52896.000000	.run/fixed-full-matrix-20260601T015324Z/scout/blocks/r000b01250t2-quinnperf-small_payload_pps-syscall-loopback
1251	quinnperf	small_payload_pps	syscall	loopback	4	ok		messages_per_second	3	48322.000000	.run/fixed-full-matrix-20260601T015324Z/scout/blocks/r000b01251t4-quinnperf-small_payload_pps-syscall-loopback
1252	quinnperf	small_payload_pps	syscall	loopback	8	ok		messages_per_second	3	43681.000000	.run/fixed-full-matrix-20260601T015324Z/scout/blocks/r000b01252t8-quinnperf-small_payload_pps-syscall-loopback
1253	quinnperf	small_payload_pps	syscall	loopback	16	ok		messages_per_second	3	33950.000000	.run/fixed-full-matrix-20260601T015324Z/scout/blocks/r000b01253t16-quinnperf-small_payload_pps-syscall-loopback
1255	quinnperf	small_payload_pps	iouring	loopback	1	ok		messages_per_second	3	57597.000000	.run/fixed-full-matrix-20260601T015324Z/scout/blocks/r000b01255t1-quinnperf-small_payload_pps-iouring-loopback
1256	quinnperf	small_payload_pps	iouring	loopback	2	ok		messages_per_second	3	53663.000000	.run/fixed-full-matrix-20260601T015324Z/scout/blocks/r000b01256t2-quinnperf-small_payload_pps-iouring-loopback
1257	quinnperf	small_payload_pps	iouring	loopback	4	ok		messages_per_second	3	50229.000000	.run/fixed-full-matrix-20260601T015324Z/scout/blocks/r000b01257t4-quinnperf-small_payload_pps-iouring-loopback
1258	quinnperf	small_payload_pps	iouring	loopback	8	ok		messages_per_second	3	42970.000000	.run/fixed-full-matrix-20260601T015324Z/scout/blocks/r000b01258t8-quinnperf-small_payload_pps-iouring-loopback
1259	quinnperf	small_payload_pps	iouring	loopback	16	ok		messages_per_second	3	34157.000000	.run/fixed-full-matrix-20260601T015324Z/scout/blocks/r000b01259t16-quinnperf-small_payload_pps-iouring-loopback
1261	quinnperf	loss_recovery	syscall	loopback	1	ok		throughput_gbps	3	3.344427	.run/fixed-full-matrix-20260601T015324Z/scout/blocks/r000b01261t1-quinnperf-loss_recovery-syscall-loopback
1262	quinnperf	loss_recovery	syscall	loopback	2	ok		throughput_gbps	3	6.097756	.run/fixed-full-matrix-20260601T015324Z/scout/blocks/r000b01262t2-quinnperf-loss_recovery-syscall-loopback
1263	quinnperf	loss_recovery	syscall	loopback	4	ok		throughput_gbps	3	5.804856	.run/fixed-full-matrix-20260601T015324Z/scout/blocks/r000b01263t4-quinnperf-loss_recovery-syscall-loopback
1264	quinnperf	loss_recovery	syscall	loopback	8	ok		throughput_gbps	3	5.242880	.run/fixed-full-matrix-20260601T015324Z/scout/blocks/r000b01264t8-quinnperf-loss_recovery-syscall-loopback
1265	quinnperf	loss_recovery	syscall	loopback	16	ok		throughput_gbps	3	4.072875	.run/fixed-full-matrix-20260601T015324Z/scout/blocks/r000b01265t16-quinnperf-loss_recovery-syscall-loopback
1267	quinnperf	loss_recovery	iouring	loopback	1	ok		throughput_gbps	3	4.026325	.run/fixed-full-matrix-20260601T015324Z/scout/blocks/r000b01267t1-quinnperf-loss_recovery-iouring-loopback
1268	quinnperf	loss_recovery	iouring	loopback	2	ok		throughput_gbps	3	5.742305	.run/fixed-full-matrix-20260601T015324Z/scout/blocks/r000b01268t2-quinnperf-loss_recovery-iouring-loopback
1269	quinnperf	loss_recovery	iouring	loopback	4	ok		throughput_gbps	3	6.025118	.run/fixed-full-matrix-20260601T015324Z/scout/blocks/r000b01269t4-quinnperf-loss_recovery-iouring-loopback
1270	quinnperf	loss_recovery	iouring	loopback	8	ok		throughput_gbps	3	5.177868	.run/fixed-full-matrix-20260601T015324Z/scout/blocks/r000b01270t8-quinnperf-loss_recovery-iouring-loopback
1271	quinnperf	loss_recovery	iouring	loopback	16	ok		throughput_gbps	3	4.195827	.run/fixed-full-matrix-20260601T015324Z/scout/blocks/r000b01271t16-quinnperf-loss_recovery-iouring-loopback
1273	quinnperf	flow_control	syscall	loopback	1	ok		throughput_gbps	3	3.110460	.run/fixed-full-matrix-20260601T015324Z/scout/blocks/r000b01273t1-quinnperf-flow_control-syscall-loopback
1274	quinnperf	flow_control	syscall	loopback	2	ok		throughput_gbps	3	5.215484	.run/fixed-full-matrix-20260601T015324Z/scout/blocks/r000b01274t2-quinnperf-flow_control-syscall-loopback
1275	quinnperf	flow_control	syscall	loopback	4	ok		throughput_gbps	3	5.055958	.run/fixed-full-matrix-20260601T015324Z/scout/blocks/r000b01275t4-quinnperf-flow_control-syscall-loopback
1276	quinnperf	flow_control	syscall	loopback	8	ok		throughput_gbps	3	4.572895	.run/fixed-full-matrix-20260601T015324Z/scout/blocks/r000b01276t8-quinnperf-flow_control-syscall-loopback
1277	quinnperf	flow_control	syscall	loopback	16	ok		throughput_gbps	3	3.446210	.run/fixed-full-matrix-20260601T015324Z/scout/blocks/r000b01277t16-quinnperf-flow_control-syscall-loopback
1279	quinnperf	flow_control	iouring	loopback	1	ok		throughput_gbps	3	3.414398	.run/fixed-full-matrix-20260601T015324Z/scout/blocks/r000b01279t1-quinnperf-flow_control-iouring-loopback
1280	quinnperf	flow_control	iouring	loopback	2	ok		throughput_gbps	3	5.286828	.run/fixed-full-matrix-20260601T015324Z/scout/blocks/r000b01280t2-quinnperf-flow_control-iouring-loopback
1281	quinnperf	flow_control	iouring	loopback	4	ok		throughput_gbps	3	5.040601	.run/fixed-full-matrix-20260601T015324Z/scout/blocks/r000b01281t4-quinnperf-flow_control-iouring-loopback
1282	quinnperf	flow_control	iouring	loopback	8	ok		throughput_gbps	3	4.458560	.run/fixed-full-matrix-20260601T015324Z/scout/blocks/r000b01282t8-quinnperf-flow_control-iouring-loopback
1283	quinnperf	flow_control	iouring	loopback	16	ok		throughput_gbps	3	3.482338	.run/fixed-full-matrix-20260601T015324Z/scout/blocks/r000b01283t16-quinnperf-flow_control-iouring-loopback
1285	quinnperf	resumed_connect	syscall	loopback	1	ok		connections_per_second	3	0.946178	.run/fixed-full-matrix-20260601T015324Z/scout/blocks/r000b01285t1-quinnperf-resumed_connect-syscall-loopback
1286	quinnperf	resumed_connect	syscall	loopback	2	ok		connections_per_second	3	1.846672	.run/fixed-full-matrix-20260601T015324Z/scout/blocks/r000b01286t2-quinnperf-resumed_connect-syscall-loopback
1287	quinnperf	resumed_connect	syscall	loopback	4	ok		connections_per_second	3	3.682975	.run/fixed-full-matrix-20260601T015324Z/scout/blocks/r000b01287t4-quinnperf-resumed_connect-syscall-loopback
1288	quinnperf	resumed_connect	syscall	loopback	8	ok		connections_per_second	3	7.407641	.run/fixed-full-matrix-20260601T015324Z/scout/blocks/r000b01288t8-quinnperf-resumed_connect-syscall-loopback
1289	quinnperf	resumed_connect	syscall	loopback	16	ok		connections_per_second	3	14.484373	.run/fixed-full-matrix-20260601T015324Z/scout/blocks/r000b01289t16-quinnperf-resumed_connect-syscall-loopback
1291	quinnperf	resumed_connect	iouring	loopback	1	ok		connections_per_second	3	0.968361	.run/fixed-full-matrix-20260601T015324Z/scout/blocks/r000b01291t1-quinnperf-resumed_connect-iouring-loopback
1292	quinnperf	resumed_connect	iouring	loopback	2	ok		connections_per_second	3	1.936523	.run/fixed-full-matrix-20260601T015324Z/scout/blocks/r000b01292t2-quinnperf-resumed_connect-iouring-loopback
1293	quinnperf	resumed_connect	iouring	loopback	4	ok		connections_per_second	3	3.873151	.run/fixed-full-matrix-20260601T015324Z/scout/blocks/r000b01293t4-quinnperf-resumed_connect-iouring-loopback
1294	quinnperf	resumed_connect	iouring	loopback	8	ok		connections_per_second	3	7.820452	.run/fixed-full-matrix-20260601T015324Z/scout/blocks/r000b01294t8-quinnperf-resumed_connect-iouring-loopback
1295	quinnperf	resumed_connect	iouring	loopback	16	ok		connections_per_second	3	15.378782	.run/fixed-full-matrix-20260601T015324Z/scout/blocks/r000b01295t16-quinnperf-resumed_connect-iouring-loopback
1297	quinnperf	zero_rtt_reqresp	syscall	loopback	1	ok		requests_per_second	3	49865.000000	.run/fixed-full-matrix-20260601T015324Z/scout/blocks/r000b01297t1-quinnperf-zero_rtt_reqresp-syscall-loopback
1298	quinnperf	zero_rtt_reqresp	syscall	loopback	2	ok		requests_per_second	3	47057.000000	.run/fixed-full-matrix-20260601T015324Z/scout/blocks/r000b01298t2-quinnperf-zero_rtt_reqresp-syscall-loopback
1299	quinnperf	zero_rtt_reqresp	syscall	loopback	4	ok		requests_per_second	3	41579.000000	.run/fixed-full-matrix-20260601T015324Z/scout/blocks/r000b01299t4-quinnperf-zero_rtt_reqresp-syscall-loopback
1300	quinnperf	zero_rtt_reqresp	syscall	loopback	8	ok		requests_per_second	3	31881.000000	.run/fixed-full-matrix-20260601T015324Z/scout/blocks/r000b01300t8-quinnperf-zero_rtt_reqresp-syscall-loopback
1301	quinnperf	zero_rtt_reqresp	syscall	loopback	16	ok		requests_per_second	3	22912.000000	.run/fixed-full-matrix-20260601T015324Z/scout/blocks/r000b01301t16-quinnperf-zero_rtt_reqresp-syscall-loopback
1303	quinnperf	zero_rtt_reqresp	iouring	loopback	1	ok		requests_per_second	3	55174.000000	.run/fixed-full-matrix-20260601T015324Z/scout/blocks/r000b01303t1-quinnperf-zero_rtt_reqresp-iouring-loopback
1304	quinnperf	zero_rtt_reqresp	iouring	loopback	2	ok		requests_per_second	3	47632.000000	.run/fixed-full-matrix-20260601T015324Z/scout/blocks/r000b01304t2-quinnperf-zero_rtt_reqresp-iouring-loopback
1305	quinnperf	zero_rtt_reqresp	iouring	loopback	4	ok		requests_per_second	3	42645.000000	.run/fixed-full-matrix-20260601T015324Z/scout/blocks/r000b01305t4-quinnperf-zero_rtt_reqresp-iouring-loopback
1306	quinnperf	zero_rtt_reqresp	iouring	loopback	8	ok		requests_per_second	3	33001.000000	.run/fixed-full-matrix-20260601T015324Z/scout/blocks/r000b01306t8-quinnperf-zero_rtt_reqresp-iouring-loopback
1307	quinnperf	zero_rtt_reqresp	iouring	loopback	16	ok		requests_per_second	3	22825.000000	.run/fixed-full-matrix-20260601T015324Z/scout/blocks/r000b01307t16-quinnperf-zero_rtt_reqresp-iouring-loopback
1309	quinnperf	datagram	syscall	loopback	1	ok		datagrams_per_second	3	2125680.000000	.run/fixed-full-matrix-20260601T015324Z/scout/blocks/r000b01309t1-quinnperf-datagram-syscall-loopback
1310	quinnperf	datagram	syscall	loopback	2	ok		datagrams_per_second	3	2873332.000000	.run/fixed-full-matrix-20260601T015324Z/scout/blocks/r000b01310t2-quinnperf-datagram-syscall-loopback
1311	quinnperf	datagram	syscall	loopback	4	ok		datagrams_per_second	3	3475191.000000	.run/fixed-full-matrix-20260601T015324Z/scout/blocks/r000b01311t4-quinnperf-datagram-syscall-loopback
1312	quinnperf	datagram	syscall	loopback	8	ok		datagrams_per_second	3	3108475.000000	.run/fixed-full-matrix-20260601T015324Z/scout/blocks/r000b01312t8-quinnperf-datagram-syscall-loopback
1313	quinnperf	datagram	syscall	loopback	16	ok		datagrams_per_second	3	2406727.000000	.run/fixed-full-matrix-20260601T015324Z/scout/blocks/r000b01313t16-quinnperf-datagram-syscall-loopback
1315	quinnperf	datagram	iouring	loopback	1	ok		datagrams_per_second	3	1997833.000000	.run/fixed-full-matrix-20260601T015324Z/scout/blocks/r000b01315t1-quinnperf-datagram-iouring-loopback
1316	quinnperf	datagram	iouring	loopback	2	ok		datagrams_per_second	3	2675176.000000	.run/fixed-full-matrix-20260601T015324Z/scout/blocks/r000b01316t2-quinnperf-datagram-iouring-loopback
1317	quinnperf	datagram	iouring	loopback	4	ok		datagrams_per_second	3	3318550.000000	.run/fixed-full-matrix-20260601T015324Z/scout/blocks/r000b01317t4-quinnperf-datagram-iouring-loopback
1318	quinnperf	datagram	iouring	loopback	8	ok		datagrams_per_second	3	2965756.000000	.run/fixed-full-matrix-20260601T015324Z/scout/blocks/r000b01318t8-quinnperf-datagram-iouring-loopback
1319	quinnperf	datagram	iouring	loopback	16	ok		datagrams_per_second	3	2390878.000000	.run/fixed-full-matrix-20260601T015324Z/scout/blocks/r000b01319t16-quinnperf-datagram-iouring-loopback
1321	quinnperf	idle_footprint	syscall	loopback	1	ok		server_rss_delta_bytes_per_connection	3	974848.000000	.run/fixed-full-matrix-20260601T015324Z/scout/blocks/r000b01321t1-quinnperf-idle_footprint-syscall-loopback
1322	quinnperf	idle_footprint	syscall	loopback	2	ok		server_rss_delta_bytes_per_connection	3	514048.000000	.run/fixed-full-matrix-20260601T015324Z/scout/blocks/r000b01322t2-quinnperf-idle_footprint-syscall-loopback
1323	quinnperf	idle_footprint	syscall	loopback	4	ok		server_rss_delta_bytes_per_connection	3	257024.000000	.run/fixed-full-matrix-20260601T015324Z/scout/blocks/r000b01323t4-quinnperf-idle_footprint-syscall-loopback
1324	quinnperf	idle_footprint	syscall	loopback	8	ok		server_rss_delta_bytes_per_connection	3	131072.000000	.run/fixed-full-matrix-20260601T015324Z/scout/blocks/r000b01324t8-quinnperf-idle_footprint-syscall-loopback
1325	quinnperf	idle_footprint	syscall	loopback	16	ok		server_rss_delta_bytes_per_connection	3	80384.000000	.run/fixed-full-matrix-20260601T015324Z/scout/blocks/r000b01325t16-quinnperf-idle_footprint-syscall-loopback
1327	quinnperf	idle_footprint	iouring	loopback	1	ok		server_rss_delta_bytes_per_connection	3	798720.000000	.run/fixed-full-matrix-20260601T015324Z/scout/blocks/r000b01327t1-quinnperf-idle_footprint-iouring-loopback
1328	quinnperf	idle_footprint	iouring	loopback	2	ok		server_rss_delta_bytes_per_connection	3	389120.000000	.run/fixed-full-matrix-20260601T015324Z/scout/blocks/r000b01328t2-quinnperf-idle_footprint-iouring-loopback
1329	quinnperf	idle_footprint	iouring	loopback	4	ok		server_rss_delta_bytes_per_connection	3	289792.000000	.run/fixed-full-matrix-20260601T015324Z/scout/blocks/r000b01329t4-quinnperf-idle_footprint-iouring-loopback
1330	quinnperf	idle_footprint	iouring	loopback	8	ok		server_rss_delta_bytes_per_connection	3	175104.000000	.run/fixed-full-matrix-20260601T015324Z/scout/blocks/r000b01330t8-quinnperf-idle_footprint-iouring-loopback
1331	quinnperf	idle_footprint	iouring	loopback	16	ok		server_rss_delta_bytes_per_connection	3	101376.000000	.run/fixed-full-matrix-20260601T015324Z/scout/blocks/r000b01331t16-quinnperf-idle_footprint-iouring-loopback
1333	quinnperf	close_reset_cleanup	syscall	loopback	1	ok		streams_per_second	3	47805.000000	.run/fixed-full-matrix-20260601T015324Z/scout/blocks/r000b01333t1-quinnperf-close_reset_cleanup-syscall-loopback
1334	quinnperf	close_reset_cleanup	syscall	loopback	2	ok		streams_per_second	3	50826.000000	.run/fixed-full-matrix-20260601T015324Z/scout/blocks/r000b01334t2-quinnperf-close_reset_cleanup-syscall-loopback
1335	quinnperf	close_reset_cleanup	syscall	loopback	4	ok		streams_per_second	3	51046.000000	.run/fixed-full-matrix-20260601T015324Z/scout/blocks/r000b01335t4-quinnperf-close_reset_cleanup-syscall-loopback
1336	quinnperf	close_reset_cleanup	syscall	loopback	8	ok		streams_per_second	3	41680.000000	.run/fixed-full-matrix-20260601T015324Z/scout/blocks/r000b01336t8-quinnperf-close_reset_cleanup-syscall-loopback
1337	quinnperf	close_reset_cleanup	syscall	loopback	16	ok		streams_per_second	3	34421.000000	.run/fixed-full-matrix-20260601T015324Z/scout/blocks/r000b01337t16-quinnperf-close_reset_cleanup-syscall-loopback
1339	quinnperf	close_reset_cleanup	iouring	loopback	1	ok		streams_per_second	3	51492.000000	.run/fixed-full-matrix-20260601T015324Z/scout/blocks/r000b01339t1-quinnperf-close_reset_cleanup-iouring-loopback
1340	quinnperf	close_reset_cleanup	iouring	loopback	2	ok		streams_per_second	3	53314.000000	.run/fixed-full-matrix-20260601T015324Z/scout/blocks/r000b01340t2-quinnperf-close_reset_cleanup-iouring-loopback
1341	quinnperf	close_reset_cleanup	iouring	loopback	4	ok		streams_per_second	3	50986.000000	.run/fixed-full-matrix-20260601T015324Z/scout/blocks/r000b01341t4-quinnperf-close_reset_cleanup-iouring-loopback
1342	quinnperf	close_reset_cleanup	iouring	loopback	8	ok		streams_per_second	3	43892.000000	.run/fixed-full-matrix-20260601T015324Z/scout/blocks/r000b01342t8-quinnperf-close_reset_cleanup-iouring-loopback
1343	quinnperf	close_reset_cleanup	iouring	loopback	16	ok		streams_per_second	3	32764.000000	.run/fixed-full-matrix-20260601T015324Z/scout/blocks/r000b01343t16-quinnperf-close_reset_cleanup-iouring-loopback
1345	noqperf	download	syscall	loopback	1	ok		throughput_gbps	3	2.766757	.run/fixed-full-matrix-20260601T015324Z/scout/blocks/r000b01345t1-noqperf-download-syscall-loopback
1346	noqperf	download	syscall	loopback	2	ok		throughput_gbps	3	5.325360	.run/fixed-full-matrix-20260601T015324Z/scout/blocks/r000b01346t2-noqperf-download-syscall-loopback
1347	noqperf	download	syscall	loopback	4	ok		throughput_gbps	3	4.615841	.run/fixed-full-matrix-20260601T015324Z/scout/blocks/r000b01347t4-noqperf-download-syscall-loopback
1348	noqperf	download	syscall	loopback	8	ok		throughput_gbps	3	3.749348	.run/fixed-full-matrix-20260601T015324Z/scout/blocks/r000b01348t8-noqperf-download-syscall-loopback
1349	noqperf	download	syscall	loopback	16	ok		throughput_gbps	3	2.659217	.run/fixed-full-matrix-20260601T015324Z/scout/blocks/r000b01349t16-noqperf-download-syscall-loopback
1351	noqperf	download	iouring	loopback	1	ok		throughput_gbps	3	3.249627	.run/fixed-full-matrix-20260601T015324Z/scout/blocks/r000b01351t1-noqperf-download-iouring-loopback
1352	noqperf	download	iouring	loopback	2	ok		throughput_gbps	3	5.431624	.run/fixed-full-matrix-20260601T015324Z/scout/blocks/r000b01352t2-noqperf-download-iouring-loopback
1353	noqperf	download	iouring	loopback	4	ok		throughput_gbps	3	4.755570	.run/fixed-full-matrix-20260601T015324Z/scout/blocks/r000b01353t4-noqperf-download-iouring-loopback
1354	noqperf	download	iouring	loopback	8	ok		throughput_gbps	3	3.665822	.run/fixed-full-matrix-20260601T015324Z/scout/blocks/r000b01354t8-noqperf-download-iouring-loopback
1355	noqperf	download	iouring	loopback	16	ok		throughput_gbps	3	2.646606	.run/fixed-full-matrix-20260601T015324Z/scout/blocks/r000b01355t16-noqperf-download-iouring-loopback
1357	noqperf	upload	syscall	loopback	1	ok		throughput_gbps	3	2.811668	.run/fixed-full-matrix-20260601T015324Z/scout/blocks/r000b01357t1-noqperf-upload-syscall-loopback
1358	noqperf	upload	syscall	loopback	2	ok		throughput_gbps	3	2.148829	.run/fixed-full-matrix-20260601T015324Z/scout/blocks/r000b01358t2-noqperf-upload-syscall-loopback
1359	noqperf	upload	syscall	loopback	4	ok		throughput_gbps	3	1.256322	.run/fixed-full-matrix-20260601T015324Z/scout/blocks/r000b01359t4-noqperf-upload-syscall-loopback
1360	noqperf	upload	syscall	loopback	8	ok		throughput_gbps	3	0.002538	.run/fixed-full-matrix-20260601T015324Z/scout/blocks/r000b01360t8-noqperf-upload-syscall-loopback
1361	noqperf	upload	syscall	loopback	16	ok		throughput_gbps	3	0.002658	.run/fixed-full-matrix-20260601T015324Z/scout/blocks/r000b01361t16-noqperf-upload-syscall-loopback
1363	noqperf	upload	iouring	loopback	1	ok		throughput_gbps	3	3.362724	.run/fixed-full-matrix-20260601T015324Z/scout/blocks/r000b01363t1-noqperf-upload-iouring-loopback
1364	noqperf	upload	iouring	loopback	2	ok		throughput_gbps	3	2.452805	.run/fixed-full-matrix-20260601T015324Z/scout/blocks/r000b01364t2-noqperf-upload-iouring-loopback
1365	noqperf	upload	iouring	loopback	4	ok		throughput_gbps	3	1.288581	.run/fixed-full-matrix-20260601T015324Z/scout/blocks/r000b01365t4-noqperf-upload-iouring-loopback
1366	noqperf	upload	iouring	loopback	8	ok		throughput_gbps	3	0.003850	.run/fixed-full-matrix-20260601T015324Z/scout/blocks/r000b01366t8-noqperf-upload-iouring-loopback
1367	noqperf	upload	iouring	loopback	16	ok		throughput_gbps	3	0.002993	.run/fixed-full-matrix-20260601T015324Z/scout/blocks/r000b01367t16-noqperf-upload-iouring-loopback
1369	noqperf	connect	syscall	loopback	1	ok		connections_per_second	3	38.189936	.run/fixed-full-matrix-20260601T015324Z/scout/blocks/r000b01369t1-noqperf-connect-syscall-loopback
1370	noqperf	connect	syscall	loopback	2	ok		connections_per_second	3	1508.477644	.run/fixed-full-matrix-20260601T015324Z/scout/blocks/r000b01370t2-noqperf-connect-syscall-loopback
1371	noqperf	connect	syscall	loopback	4	ok		connections_per_second	3	1041.562782	.run/fixed-full-matrix-20260601T015324Z/scout/blocks/r000b01371t4-noqperf-connect-syscall-loopback
1372	noqperf	connect	syscall	loopback	8	ok		connections_per_second	3	2608.018418	.run/fixed-full-matrix-20260601T015324Z/scout/blocks/r000b01372t8-noqperf-connect-syscall-loopback
1373	noqperf	connect	syscall	loopback	16	ok		connections_per_second	3	2604.386666	.run/fixed-full-matrix-20260601T015324Z/scout/blocks/r000b01373t16-noqperf-connect-syscall-loopback
1375	noqperf	connect	iouring	loopback	1	ok		connections_per_second	3	1182.062439	.run/fixed-full-matrix-20260601T015324Z/scout/blocks/r000b01375t1-noqperf-connect-iouring-loopback
1376	noqperf	connect	iouring	loopback	2	ok		connections_per_second	3	1938.005153	.run/fixed-full-matrix-20260601T015324Z/scout/blocks/r000b01376t2-noqperf-connect-iouring-loopback
1377	noqperf	connect	iouring	loopback	4	ok		connections_per_second	3	2619.668075	.run/fixed-full-matrix-20260601T015324Z/scout/blocks/r000b01377t4-noqperf-connect-iouring-loopback
1378	noqperf	connect	iouring	loopback	8	ok		connections_per_second	3	3445.552094	.run/fixed-full-matrix-20260601T015324Z/scout/blocks/r000b01378t8-noqperf-connect-iouring-loopback
1379	noqperf	connect	iouring	loopback	16	ok		connections_per_second	3	3856.651169	.run/fixed-full-matrix-20260601T015324Z/scout/blocks/r000b01379t16-noqperf-connect-iouring-loopback
1381	noqperf	reqresp	syscall	loopback	1	ok		requests_per_second	3	43612.000000	.run/fixed-full-matrix-20260601T015324Z/scout/blocks/r000b01381t1-noqperf-reqresp-syscall-loopback
1382	noqperf	reqresp	syscall	loopback	2	ok		requests_per_second	3	43768.000000	.run/fixed-full-matrix-20260601T015324Z/scout/blocks/r000b01382t2-noqperf-reqresp-syscall-loopback
1383	noqperf	reqresp	syscall	loopback	4	ok		requests_per_second	3	39445.000000	.run/fixed-full-matrix-20260601T015324Z/scout/blocks/r000b01383t4-noqperf-reqresp-syscall-loopback
1384	noqperf	reqresp	syscall	loopback	8	ok		requests_per_second	3	29239.000000	.run/fixed-full-matrix-20260601T015324Z/scout/blocks/r000b01384t8-noqperf-reqresp-syscall-loopback
1385	noqperf	reqresp	syscall	loopback	16	ok		requests_per_second	3	21526.000000	.run/fixed-full-matrix-20260601T015324Z/scout/blocks/r000b01385t16-noqperf-reqresp-syscall-loopback
1387	noqperf	reqresp	iouring	loopback	1	ok		requests_per_second	3	44961.000000	.run/fixed-full-matrix-20260601T015324Z/scout/blocks/r000b01387t1-noqperf-reqresp-iouring-loopback
1388	noqperf	reqresp	iouring	loopback	2	ok		requests_per_second	3	43606.000000	.run/fixed-full-matrix-20260601T015324Z/scout/blocks/r000b01388t2-noqperf-reqresp-iouring-loopback
1389	noqperf	reqresp	iouring	loopback	4	ok		requests_per_second	3	38802.000000	.run/fixed-full-matrix-20260601T015324Z/scout/blocks/r000b01389t4-noqperf-reqresp-iouring-loopback
1390	noqperf	reqresp	iouring	loopback	8	ok		requests_per_second	3	30999.000000	.run/fixed-full-matrix-20260601T015324Z/scout/blocks/r000b01390t8-noqperf-reqresp-iouring-loopback
1391	noqperf	reqresp	iouring	loopback	16	ok		requests_per_second	3	21598.000000	.run/fixed-full-matrix-20260601T015324Z/scout/blocks/r000b01391t16-noqperf-reqresp-iouring-loopback
1393	noqperf	stream_churn	syscall	loopback	1	ok		streams_per_second	3	44216.000000	.run/fixed-full-matrix-20260601T015324Z/scout/blocks/r000b01393t1-noqperf-stream_churn-syscall-loopback
1394	noqperf	stream_churn	syscall	loopback	2	ok		streams_per_second	3	46226.000000	.run/fixed-full-matrix-20260601T015324Z/scout/blocks/r000b01394t2-noqperf-stream_churn-syscall-loopback
1395	noqperf	stream_churn	syscall	loopback	4	ok		streams_per_second	3	40511.000000	.run/fixed-full-matrix-20260601T015324Z/scout/blocks/r000b01395t4-noqperf-stream_churn-syscall-loopback
1396	noqperf	stream_churn	syscall	loopback	8	ok		streams_per_second	3	32022.000000	.run/fixed-full-matrix-20260601T015324Z/scout/blocks/r000b01396t8-noqperf-stream_churn-syscall-loopback
1397	noqperf	stream_churn	syscall	loopback	16	ok		streams_per_second	3	22518.000000	.run/fixed-full-matrix-20260601T015324Z/scout/blocks/r000b01397t16-noqperf-stream_churn-syscall-loopback
1399	noqperf	stream_churn	iouring	loopback	1	ok		streams_per_second	3	47105.000000	.run/fixed-full-matrix-20260601T015324Z/scout/blocks/r000b01399t1-noqperf-stream_churn-iouring-loopback
1400	noqperf	stream_churn	iouring	loopback	2	ok		streams_per_second	3	45198.000000	.run/fixed-full-matrix-20260601T015324Z/scout/blocks/r000b01400t2-noqperf-stream_churn-iouring-loopback
1401	noqperf	stream_churn	iouring	loopback	4	ok		streams_per_second	3	42449.000000	.run/fixed-full-matrix-20260601T015324Z/scout/blocks/r000b01401t4-noqperf-stream_churn-iouring-loopback
1402	noqperf	stream_churn	iouring	loopback	8	ok		streams_per_second	3	31735.000000	.run/fixed-full-matrix-20260601T015324Z/scout/blocks/r000b01402t8-noqperf-stream_churn-iouring-loopback
1403	noqperf	stream_churn	iouring	loopback	16	ok		streams_per_second	3	22343.000000	.run/fixed-full-matrix-20260601T015324Z/scout/blocks/r000b01403t16-noqperf-stream_churn-iouring-loopback
1405	noqperf	multistream_download	syscall	loopback	1	ok		throughput_gbps	3	3.022410	.run/fixed-full-matrix-20260601T015324Z/scout/blocks/r000b01405t1-noqperf-multistream_download-syscall-loopback
1406	noqperf	multistream_download	syscall	loopback	2	ok		throughput_gbps	3	5.174409	.run/fixed-full-matrix-20260601T015324Z/scout/blocks/r000b01406t2-noqperf-multistream_download-syscall-loopback
1407	noqperf	multistream_download	syscall	loopback	4	ok		throughput_gbps	3	4.604189	.run/fixed-full-matrix-20260601T015324Z/scout/blocks/r000b01407t4-noqperf-multistream_download-syscall-loopback
1408	noqperf	multistream_download	syscall	loopback	8	ok		throughput_gbps	3	3.591854	.run/fixed-full-matrix-20260601T015324Z/scout/blocks/r000b01408t8-noqperf-multistream_download-syscall-loopback
1409	noqperf	multistream_download	syscall	loopback	16	ok		throughput_gbps	3	2.504143	.run/fixed-full-matrix-20260601T015324Z/scout/blocks/r000b01409t16-noqperf-multistream_download-syscall-loopback
1411	noqperf	multistream_download	iouring	loopback	1	ok		throughput_gbps	3	3.739955	.run/fixed-full-matrix-20260601T015324Z/scout/blocks/r000b01411t1-noqperf-multistream_download-iouring-loopback
1412	noqperf	multistream_download	iouring	loopback	2	ok		throughput_gbps	3	5.358865	.run/fixed-full-matrix-20260601T015324Z/scout/blocks/r000b01412t2-noqperf-multistream_download-iouring-loopback
1413	noqperf	multistream_download	iouring	loopback	4	ok		throughput_gbps	3	4.679312	.run/fixed-full-matrix-20260601T015324Z/scout/blocks/r000b01413t4-noqperf-multistream_download-iouring-loopback
1414	noqperf	multistream_download	iouring	loopback	8	ok		throughput_gbps	3	3.748109	.run/fixed-full-matrix-20260601T015324Z/scout/blocks/r000b01414t8-noqperf-multistream_download-iouring-loopback
1415	noqperf	multistream_download	iouring	loopback	16	ok		throughput_gbps	3	2.654206	.run/fixed-full-matrix-20260601T015324Z/scout/blocks/r000b01415t16-noqperf-multistream_download-iouring-loopback
1417	noqperf	multistream_upload	syscall	loopback	1	ok		throughput_gbps	3	0.180355	.run/fixed-full-matrix-20260601T015324Z/scout/blocks/r000b01417t1-noqperf-multistream_upload-syscall-loopback
1418	noqperf	multistream_upload	syscall	loopback	2	ok		throughput_gbps	3	0.348127	.run/fixed-full-matrix-20260601T015324Z/scout/blocks/r000b01418t2-noqperf-multistream_upload-syscall-loopback
1419	noqperf	multistream_upload	syscall	loopback	4	ok		throughput_gbps	3	0.761266	.run/fixed-full-matrix-20260601T015324Z/scout/blocks/r000b01419t4-noqperf-multistream_upload-syscall-loopback
1420	noqperf	multistream_upload	syscall	loopback	8	ok		throughput_gbps	3	1.524630	.run/fixed-full-matrix-20260601T015324Z/scout/blocks/r000b01420t8-noqperf-multistream_upload-syscall-loopback
1421	noqperf	multistream_upload	syscall	loopback	16	ok		throughput_gbps	3	1.073742	.run/fixed-full-matrix-20260601T015324Z/scout/blocks/r000b01421t16-noqperf-multistream_upload-syscall-loopback
1423	noqperf	multistream_upload	iouring	loopback	1	ok		throughput_gbps	3	0.169869	.run/fixed-full-matrix-20260601T015324Z/scout/blocks/r000b01423t1-noqperf-multistream_upload-iouring-loopback
1424	noqperf	multistream_upload	iouring	loopback	2	ok		throughput_gbps	3	0.377487	.run/fixed-full-matrix-20260601T015324Z/scout/blocks/r000b01424t2-noqperf-multistream_upload-iouring-loopback
1425	noqperf	multistream_upload	iouring	loopback	4	ok		throughput_gbps	3	0.754975	.run/fixed-full-matrix-20260601T015324Z/scout/blocks/r000b01425t4-noqperf-multistream_upload-iouring-loopback
1426	noqperf	multistream_upload	iouring	loopback	8	ok		throughput_gbps	3	1.535115	.run/fixed-full-matrix-20260601T015324Z/scout/blocks/r000b01426t8-noqperf-multistream_upload-iouring-loopback
1427	noqperf	multistream_upload	iouring	loopback	16	ok		throughput_gbps	3	1.082130	.run/fixed-full-matrix-20260601T015324Z/scout/blocks/r000b01427t16-noqperf-multistream_upload-iouring-loopback
1429	noqperf	bidi	syscall	loopback	1	ok		throughput_gbps	3	3.852468	.run/fixed-full-matrix-20260601T015324Z/scout/blocks/r000b01429t1-noqperf-bidi-syscall-loopback
1430	noqperf	bidi	syscall	loopback	2	ok		throughput_gbps	3	3.556770	.run/fixed-full-matrix-20260601T015324Z/scout/blocks/r000b01430t2-noqperf-bidi-syscall-loopback
1431	noqperf	bidi	syscall	loopback	4	ok		throughput_gbps	3	3.087008	.run/fixed-full-matrix-20260601T015324Z/scout/blocks/r000b01431t4-noqperf-bidi-syscall-loopback
1432	noqperf	bidi	syscall	loopback	8	ok		throughput_gbps	3	2.226199	.run/fixed-full-matrix-20260601T015324Z/scout/blocks/r000b01432t8-noqperf-bidi-syscall-loopback
1433	noqperf	bidi	syscall	loopback	16	ok		throughput_gbps	3	2.472542	.run/fixed-full-matrix-20260601T015324Z/scout/blocks/r000b01433t16-noqperf-bidi-syscall-loopback
1435	noqperf	bidi	iouring	loopback	1	ok		throughput_gbps	3	4.395631	.run/fixed-full-matrix-20260601T015324Z/scout/blocks/r000b01435t1-noqperf-bidi-iouring-loopback
1436	noqperf	bidi	iouring	loopback	2	ok		throughput_gbps	3	3.847614	.run/fixed-full-matrix-20260601T015324Z/scout/blocks/r000b01436t2-noqperf-bidi-iouring-loopback
1437	noqperf	bidi	iouring	loopback	4	ok		throughput_gbps	3	3.087008	.run/fixed-full-matrix-20260601T015324Z/scout/blocks/r000b01437t4-noqperf-bidi-iouring-loopback
1438	noqperf	bidi	iouring	loopback	8	ok		throughput_gbps	3	2.381490	.run/fixed-full-matrix-20260601T015324Z/scout/blocks/r000b01438t8-noqperf-bidi-iouring-loopback
1439	noqperf	bidi	iouring	loopback	16	ok		throughput_gbps	3	2.353005	.run/fixed-full-matrix-20260601T015324Z/scout/blocks/r000b01439t16-noqperf-bidi-iouring-loopback
1441	noqperf	small_payload_pps	syscall	loopback	1	ok		messages_per_second	3	43643.000000	.run/fixed-full-matrix-20260601T015324Z/scout/blocks/r000b01441t1-noqperf-small_payload_pps-syscall-loopback
1442	noqperf	small_payload_pps	syscall	loopback	2	ok		messages_per_second	3	45282.000000	.run/fixed-full-matrix-20260601T015324Z/scout/blocks/r000b01442t2-noqperf-small_payload_pps-syscall-loopback
1443	noqperf	small_payload_pps	syscall	loopback	4	ok		messages_per_second	3	39727.000000	.run/fixed-full-matrix-20260601T015324Z/scout/blocks/r000b01443t4-noqperf-small_payload_pps-syscall-loopback
1444	noqperf	small_payload_pps	syscall	loopback	8	ok		messages_per_second	3	31185.000000	.run/fixed-full-matrix-20260601T015324Z/scout/blocks/r000b01444t8-noqperf-small_payload_pps-syscall-loopback
1445	noqperf	small_payload_pps	syscall	loopback	16	ok		messages_per_second	3	22500.000000	.run/fixed-full-matrix-20260601T015324Z/scout/blocks/r000b01445t16-noqperf-small_payload_pps-syscall-loopback
1447	noqperf	small_payload_pps	iouring	loopback	1	ok		messages_per_second	3	48804.000000	.run/fixed-full-matrix-20260601T015324Z/scout/blocks/r000b01447t1-noqperf-small_payload_pps-iouring-loopback
1448	noqperf	small_payload_pps	iouring	loopback	2	ok		messages_per_second	3	47856.000000	.run/fixed-full-matrix-20260601T015324Z/scout/blocks/r000b01448t2-noqperf-small_payload_pps-iouring-loopback
1449	noqperf	small_payload_pps	iouring	loopback	4	ok		messages_per_second	3	42397.000000	.run/fixed-full-matrix-20260601T015324Z/scout/blocks/r000b01449t4-noqperf-small_payload_pps-iouring-loopback
1450	noqperf	small_payload_pps	iouring	loopback	8	ok		messages_per_second	3	32025.000000	.run/fixed-full-matrix-20260601T015324Z/scout/blocks/r000b01450t8-noqperf-small_payload_pps-iouring-loopback
1451	noqperf	small_payload_pps	iouring	loopback	16	ok		messages_per_second	3	22480.000000	.run/fixed-full-matrix-20260601T015324Z/scout/blocks/r000b01451t16-noqperf-small_payload_pps-iouring-loopback
1453	noqperf	loss_recovery	syscall	loopback	1	ok		throughput_gbps	3	2.822869	.run/fixed-full-matrix-20260601T015324Z/scout/blocks/r000b01453t1-noqperf-loss_recovery-syscall-loopback
1454	noqperf	loss_recovery	syscall	loopback	2	ok		throughput_gbps	3	4.638139	.run/fixed-full-matrix-20260601T015324Z/scout/blocks/r000b01454t2-noqperf-loss_recovery-syscall-loopback
1455	noqperf	loss_recovery	syscall	loopback	4	ok		throughput_gbps	3	4.475299	.run/fixed-full-matrix-20260601T015324Z/scout/blocks/r000b01455t4-noqperf-loss_recovery-syscall-loopback
1456	noqperf	loss_recovery	syscall	loopback	8	ok		throughput_gbps	3	3.667919	.run/fixed-full-matrix-20260601T015324Z/scout/blocks/r000b01456t8-noqperf-loss_recovery-syscall-loopback
1457	noqperf	loss_recovery	syscall	loopback	16	ok		throughput_gbps	3	2.623537	.run/fixed-full-matrix-20260601T015324Z/scout/blocks/r000b01457t16-noqperf-loss_recovery-syscall-loopback
1459	noqperf	loss_recovery	iouring	loopback	1	ok		throughput_gbps	3	3.378859	.run/fixed-full-matrix-20260601T015324Z/scout/blocks/r000b01459t1-noqperf-loss_recovery-iouring-loopback
1460	noqperf	loss_recovery	iouring	loopback	2	ok		throughput_gbps	3	4.615809	.run/fixed-full-matrix-20260601T015324Z/scout/blocks/r000b01460t2-noqperf-loss_recovery-iouring-loopback
1461	noqperf	loss_recovery	iouring	loopback	4	ok		throughput_gbps	3	4.460152	.run/fixed-full-matrix-20260601T015324Z/scout/blocks/r000b01461t4-noqperf-loss_recovery-iouring-loopback
1462	noqperf	loss_recovery	iouring	loopback	8	ok		throughput_gbps	3	3.629866	.run/fixed-full-matrix-20260601T015324Z/scout/blocks/r000b01462t8-noqperf-loss_recovery-iouring-loopback
1463	noqperf	loss_recovery	iouring	loopback	16	ok		throughput_gbps	3	2.629829	.run/fixed-full-matrix-20260601T015324Z/scout/blocks/r000b01463t16-noqperf-loss_recovery-iouring-loopback
1465	noqperf	flow_control	syscall	loopback	1	ok		throughput_gbps	3	2.616957	.run/fixed-full-matrix-20260601T015324Z/scout/blocks/r000b01465t1-noqperf-flow_control-syscall-loopback
1466	noqperf	flow_control	syscall	loopback	2	ok		throughput_gbps	3	4.237283	.run/fixed-full-matrix-20260601T015324Z/scout/blocks/r000b01466t2-noqperf-flow_control-syscall-loopback
1467	noqperf	flow_control	syscall	loopback	4	ok		throughput_gbps	3	3.805790	.run/fixed-full-matrix-20260601T015324Z/scout/blocks/r000b01467t4-noqperf-flow_control-syscall-loopback
1468	noqperf	flow_control	syscall	loopback	8	ok		throughput_gbps	3	3.084165	.run/fixed-full-matrix-20260601T015324Z/scout/blocks/r000b01468t8-noqperf-flow_control-syscall-loopback
1469	noqperf	flow_control	syscall	loopback	16	ok		throughput_gbps	3	2.203926	.run/fixed-full-matrix-20260601T015324Z/scout/blocks/r000b01469t16-noqperf-flow_control-syscall-loopback
1471	noqperf	flow_control	iouring	loopback	1	ok		throughput_gbps	3	2.883223	.run/fixed-full-matrix-20260601T015324Z/scout/blocks/r000b01471t1-noqperf-flow_control-iouring-loopback
1472	noqperf	flow_control	iouring	loopback	2	ok		throughput_gbps	3	4.264458	.run/fixed-full-matrix-20260601T015324Z/scout/blocks/r000b01472t2-noqperf-flow_control-iouring-loopback
1473	noqperf	flow_control	iouring	loopback	4	ok		throughput_gbps	3	3.778252	.run/fixed-full-matrix-20260601T015324Z/scout/blocks/r000b01473t4-noqperf-flow_control-iouring-loopback
1474	noqperf	flow_control	iouring	loopback	8	ok		throughput_gbps	3	3.072471	.run/fixed-full-matrix-20260601T015324Z/scout/blocks/r000b01474t8-noqperf-flow_control-iouring-loopback
1475	noqperf	flow_control	iouring	loopback	16	ok		throughput_gbps	3	2.169662	.run/fixed-full-matrix-20260601T015324Z/scout/blocks/r000b01475t16-noqperf-flow_control-iouring-loopback
1477	noqperf	resumed_connect	syscall	loopback	1	ok		connections_per_second	3	0.924618	.run/fixed-full-matrix-20260601T015324Z/scout/blocks/r000b01477t1-noqperf-resumed_connect-syscall-loopback
1478	noqperf	resumed_connect	syscall	loopback	2	ok		connections_per_second	3	1.847617	.run/fixed-full-matrix-20260601T015324Z/scout/blocks/r000b01478t2-noqperf-resumed_connect-syscall-loopback
1479	noqperf	resumed_connect	syscall	loopback	4	ok		connections_per_second	3	3.685347	.run/fixed-full-matrix-20260601T015324Z/scout/blocks/r000b01479t4-noqperf-resumed_connect-syscall-loopback
1480	noqperf	resumed_connect	syscall	loopback	8	ok		connections_per_second	3	7.412955	.run/fixed-full-matrix-20260601T015324Z/scout/blocks/r000b01480t8-noqperf-resumed_connect-syscall-loopback
1481	noqperf	resumed_connect	syscall	loopback	16	ok		connections_per_second	3	14.442594	.run/fixed-full-matrix-20260601T015324Z/scout/blocks/r000b01481t16-noqperf-resumed_connect-syscall-loopback
1483	noqperf	resumed_connect	iouring	loopback	1	ok		connections_per_second	3	0.968933	.run/fixed-full-matrix-20260601T015324Z/scout/blocks/r000b01483t1-noqperf-resumed_connect-iouring-loopback
1484	noqperf	resumed_connect	iouring	loopback	2	ok		connections_per_second	3	1.983902	.run/fixed-full-matrix-20260601T015324Z/scout/blocks/r000b01484t2-noqperf-resumed_connect-iouring-loopback
1485	noqperf	resumed_connect	iouring	loopback	4	ok		connections_per_second	3	3.867868	.run/fixed-full-matrix-20260601T015324Z/scout/blocks/r000b01485t4-noqperf-resumed_connect-iouring-loopback
1486	noqperf	resumed_connect	iouring	loopback	8	ok		connections_per_second	3	7.830039	.run/fixed-full-matrix-20260601T015324Z/scout/blocks/r000b01486t8-noqperf-resumed_connect-iouring-loopback
1487	noqperf	resumed_connect	iouring	loopback	16	ok		connections_per_second	3	15.350565	.run/fixed-full-matrix-20260601T015324Z/scout/blocks/r000b01487t16-noqperf-resumed_connect-iouring-loopback
1489	noqperf	zero_rtt_reqresp	syscall	loopback	1	ok		requests_per_second	3	40990.000000	.run/fixed-full-matrix-20260601T015324Z/scout/blocks/r000b01489t1-noqperf-zero_rtt_reqresp-syscall-loopback
1490	noqperf	zero_rtt_reqresp	syscall	loopback	2	ok		requests_per_second	3	39275.000000	.run/fixed-full-matrix-20260601T015324Z/scout/blocks/r000b01490t2-noqperf-zero_rtt_reqresp-syscall-loopback
1491	noqperf	zero_rtt_reqresp	syscall	loopback	4	ok		requests_per_second	3	29907.000000	.run/fixed-full-matrix-20260601T015324Z/scout/blocks/r000b01491t4-noqperf-zero_rtt_reqresp-syscall-loopback
1492	noqperf	zero_rtt_reqresp	syscall	loopback	8	ok		requests_per_second	3	21118.000000	.run/fixed-full-matrix-20260601T015324Z/scout/blocks/r000b01492t8-noqperf-zero_rtt_reqresp-syscall-loopback
1493	noqperf	zero_rtt_reqresp	syscall	loopback	16	ok		requests_per_second	3	13553.000000	.run/fixed-full-matrix-20260601T015324Z/scout/blocks/r000b01493t16-noqperf-zero_rtt_reqresp-syscall-loopback
1495	noqperf	zero_rtt_reqresp	iouring	loopback	1	ok		requests_per_second	3	43510.000000	.run/fixed-full-matrix-20260601T015324Z/scout/blocks/r000b01495t1-noqperf-zero_rtt_reqresp-iouring-loopback
1496	noqperf	zero_rtt_reqresp	iouring	loopback	2	ok		requests_per_second	3	38447.000000	.run/fixed-full-matrix-20260601T015324Z/scout/blocks/r000b01496t2-noqperf-zero_rtt_reqresp-iouring-loopback
1497	noqperf	zero_rtt_reqresp	iouring	loopback	4	ok		requests_per_second	3	31065.000000	.run/fixed-full-matrix-20260601T015324Z/scout/blocks/r000b01497t4-noqperf-zero_rtt_reqresp-iouring-loopback
1498	noqperf	zero_rtt_reqresp	iouring	loopback	8	ok		requests_per_second	3	21327.000000	.run/fixed-full-matrix-20260601T015324Z/scout/blocks/r000b01498t8-noqperf-zero_rtt_reqresp-iouring-loopback
1499	noqperf	zero_rtt_reqresp	iouring	loopback	16	ok		requests_per_second	3	13533.000000	.run/fixed-full-matrix-20260601T015324Z/scout/blocks/r000b01499t16-noqperf-zero_rtt_reqresp-iouring-loopback
1501	noqperf	datagram	syscall	loopback	1	ok		datagrams_per_second	3	1791380.000000	.run/fixed-full-matrix-20260601T015324Z/scout/blocks/r000b01501t1-noqperf-datagram-syscall-loopback
1502	noqperf	datagram	syscall	loopback	2	ok		datagrams_per_second	3	2494280.000000	.run/fixed-full-matrix-20260601T015324Z/scout/blocks/r000b01502t2-noqperf-datagram-syscall-loopback
1503	noqperf	datagram	syscall	loopback	4	ok		datagrams_per_second	3	2725307.000000	.run/fixed-full-matrix-20260601T015324Z/scout/blocks/r000b01503t4-noqperf-datagram-syscall-loopback
1504	noqperf	datagram	syscall	loopback	8	ok		datagrams_per_second	3	2262971.000000	.run/fixed-full-matrix-20260601T015324Z/scout/blocks/r000b01504t8-noqperf-datagram-syscall-loopback
1505	noqperf	datagram	syscall	loopback	16	ok		datagrams_per_second	3	1672220.000000	.run/fixed-full-matrix-20260601T015324Z/scout/blocks/r000b01505t16-noqperf-datagram-syscall-loopback
1507	noqperf	datagram	iouring	loopback	1	ok		datagrams_per_second	3	1632864.000000	.run/fixed-full-matrix-20260601T015324Z/scout/blocks/r000b01507t1-noqperf-datagram-iouring-loopback
1508	noqperf	datagram	iouring	loopback	2	ok		datagrams_per_second	3	2165796.000000	.run/fixed-full-matrix-20260601T015324Z/scout/blocks/r000b01508t2-noqperf-datagram-iouring-loopback
1509	noqperf	datagram	iouring	loopback	4	ok		datagrams_per_second	3	2647697.000000	.run/fixed-full-matrix-20260601T015324Z/scout/blocks/r000b01509t4-noqperf-datagram-iouring-loopback
1510	noqperf	datagram	iouring	loopback	8	ok		datagrams_per_second	3	2235494.000000	.run/fixed-full-matrix-20260601T015324Z/scout/blocks/r000b01510t8-noqperf-datagram-iouring-loopback
1511	noqperf	datagram	iouring	loopback	16	ok		datagrams_per_second	3	1696465.000000	.run/fixed-full-matrix-20260601T015324Z/scout/blocks/r000b01511t16-noqperf-datagram-iouring-loopback
1513	noqperf	idle_footprint	syscall	loopback	1	ok		server_rss_delta_bytes_per_connection	3	1134592.000000	.run/fixed-full-matrix-20260601T015324Z/scout/blocks/r000b01513t1-noqperf-idle_footprint-syscall-loopback
1514	noqperf	idle_footprint	syscall	loopback	2	ok		server_rss_delta_bytes_per_connection	3	561152.000000	.run/fixed-full-matrix-20260601T015324Z/scout/blocks/r000b01514t2-noqperf-idle_footprint-syscall-loopback
1515	noqperf	idle_footprint	syscall	loopback	4	ok		server_rss_delta_bytes_per_connection	3	328704.000000	.run/fixed-full-matrix-20260601T015324Z/scout/blocks/r000b01515t4-noqperf-idle_footprint-syscall-loopback
1516	noqperf	idle_footprint	syscall	loopback	8	ok		server_rss_delta_bytes_per_connection	3	191488.000000	.run/fixed-full-matrix-20260601T015324Z/scout/blocks/r000b01516t8-noqperf-idle_footprint-syscall-loopback
1517	noqperf	idle_footprint	syscall	loopback	16	ok		server_rss_delta_bytes_per_connection	3	123904.000000	.run/fixed-full-matrix-20260601T015324Z/scout/blocks/r000b01517t16-noqperf-idle_footprint-syscall-loopback
1519	noqperf	idle_footprint	iouring	loopback	1	ok		server_rss_delta_bytes_per_connection	3	1249280.000000	.run/fixed-full-matrix-20260601T015324Z/scout/blocks/r000b01519t1-noqperf-idle_footprint-iouring-loopback
1520	noqperf	idle_footprint	iouring	loopback	2	ok		server_rss_delta_bytes_per_connection	3	800768.000000	.run/fixed-full-matrix-20260601T015324Z/scout/blocks/r000b01520t2-noqperf-idle_footprint-iouring-loopback
1521	noqperf	idle_footprint	iouring	loopback	4	ok		server_rss_delta_bytes_per_connection	3	323584.000000	.run/fixed-full-matrix-20260601T015324Z/scout/blocks/r000b01521t4-noqperf-idle_footprint-iouring-loopback
1522	noqperf	idle_footprint	iouring	loopback	8	ok		server_rss_delta_bytes_per_connection	3	235520.000000	.run/fixed-full-matrix-20260601T015324Z/scout/blocks/r000b01522t8-noqperf-idle_footprint-iouring-loopback
1523	noqperf	idle_footprint	iouring	loopback	16	ok		server_rss_delta_bytes_per_connection	3	128512.000000	.run/fixed-full-matrix-20260601T015324Z/scout/blocks/r000b01523t16-noqperf-idle_footprint-iouring-loopback
1525	noqperf	close_reset_cleanup	syscall	loopback	1	ok		streams_per_second	3	43085.000000	.run/fixed-full-matrix-20260601T015324Z/scout/blocks/r000b01525t1-noqperf-close_reset_cleanup-syscall-loopback
1526	noqperf	close_reset_cleanup	syscall	loopback	2	ok		streams_per_second	3	46106.000000	.run/fixed-full-matrix-20260601T015324Z/scout/blocks/r000b01526t2-noqperf-close_reset_cleanup-syscall-loopback
1527	noqperf	close_reset_cleanup	syscall	loopback	4	ok		streams_per_second	3	40231.000000	.run/fixed-full-matrix-20260601T015324Z/scout/blocks/r000b01527t4-noqperf-close_reset_cleanup-syscall-loopback
1528	noqperf	close_reset_cleanup	syscall	loopback	8	ok		streams_per_second	3	31022.000000	.run/fixed-full-matrix-20260601T015324Z/scout/blocks/r000b01528t8-noqperf-close_reset_cleanup-syscall-loopback
1529	noqperf	close_reset_cleanup	syscall	loopback	16	ok		streams_per_second	3	22545.000000	.run/fixed-full-matrix-20260601T015324Z/scout/blocks/r000b01529t16-noqperf-close_reset_cleanup-syscall-loopback
1531	noqperf	close_reset_cleanup	iouring	loopback	1	ok		streams_per_second	3	48742.000000	.run/fixed-full-matrix-20260601T015324Z/scout/blocks/r000b01531t1-noqperf-close_reset_cleanup-iouring-loopback
1532	noqperf	close_reset_cleanup	iouring	loopback	2	ok		streams_per_second	3	46080.000000	.run/fixed-full-matrix-20260601T015324Z/scout/blocks/r000b01532t2-noqperf-close_reset_cleanup-iouring-loopback
1533	noqperf	close_reset_cleanup	iouring	loopback	4	ok		streams_per_second	3	41014.000000	.run/fixed-full-matrix-20260601T015324Z/scout/blocks/r000b01533t4-noqperf-close_reset_cleanup-iouring-loopback
1534	noqperf	close_reset_cleanup	iouring	loopback	8	ok		streams_per_second	3	32540.000000	.run/fixed-full-matrix-20260601T015324Z/scout/blocks/r000b01534t8-noqperf-close_reset_cleanup-iouring-loopback
1535	noqperf	close_reset_cleanup	iouring	loopback	16	ok		streams_per_second	3	22405.000000	.run/fixed-full-matrix-20260601T015324Z/scout/blocks/r000b01535t16-noqperf-close_reset_cleanup-iouring-loopback
1537	tquicperf	download	syscall	loopback	1	ok		throughput_gbps	3	8.433405	.run/fixed-full-matrix-20260601T015324Z/scout/blocks/r000b01537t1-tquicperf-download-syscall-loopback
1538	tquicperf	download	syscall	loopback	2	ok		throughput_gbps	3	8.280839	.run/fixed-full-matrix-20260601T015324Z/scout/blocks/r000b01538t2-tquicperf-download-syscall-loopback
1539	tquicperf	download	syscall	loopback	4	ok		throughput_gbps	3	7.954068	.run/fixed-full-matrix-20260601T015324Z/scout/blocks/r000b01539t4-tquicperf-download-syscall-loopback
1540	tquicperf	download	syscall	loopback	8	ok		throughput_gbps	3	7.590196	.run/fixed-full-matrix-20260601T015324Z/scout/blocks/r000b01540t8-tquicperf-download-syscall-loopback
1541	tquicperf	download	syscall	loopback	16	ok		throughput_gbps	3	7.360144	.run/fixed-full-matrix-20260601T015324Z/scout/blocks/r000b01541t16-tquicperf-download-syscall-loopback
1543	tquicperf	download	iouring	loopback	1	ok		throughput_gbps	3	8.284825	.run/fixed-full-matrix-20260601T015324Z/scout/blocks/r000b01543t1-tquicperf-download-iouring-loopback
1544	tquicperf	download	iouring	loopback	2	ok		throughput_gbps	3	7.888942	.run/fixed-full-matrix-20260601T015324Z/scout/blocks/r000b01544t2-tquicperf-download-iouring-loopback
1545	tquicperf	download	iouring	loopback	4	ok		throughput_gbps	3	8.007622	.run/fixed-full-matrix-20260601T015324Z/scout/blocks/r000b01545t4-tquicperf-download-iouring-loopback
1546	tquicperf	download	iouring	loopback	8	ok		throughput_gbps	3	7.027326	.run/fixed-full-matrix-20260601T015324Z/scout/blocks/r000b01546t8-tquicperf-download-iouring-loopback
1547	tquicperf	download	iouring	loopback	16	ok		throughput_gbps	3	6.452207	.run/fixed-full-matrix-20260601T015324Z/scout/blocks/r000b01547t16-tquicperf-download-iouring-loopback
1549	tquicperf	upload	syscall	loopback	1	ok		throughput_gbps	3	8.065890	.run/fixed-full-matrix-20260601T015324Z/scout/blocks/r000b01549t1-tquicperf-upload-syscall-loopback
1550	tquicperf	upload	syscall	loopback	2	ok		throughput_gbps	3	13.845165	.run/fixed-full-matrix-20260601T015324Z/scout/blocks/r000b01550t2-tquicperf-upload-syscall-loopback
1551	tquicperf	upload	syscall	loopback	4	ok		throughput_gbps	3	14.018366	.run/fixed-full-matrix-20260601T015324Z/scout/blocks/r000b01551t4-tquicperf-upload-syscall-loopback
1552	tquicperf	upload	syscall	loopback	8	ok		throughput_gbps	3	14.799768	.run/fixed-full-matrix-20260601T015324Z/scout/blocks/r000b01552t8-tquicperf-upload-syscall-loopback
1553	tquicperf	upload	syscall	loopback	16	ok		throughput_gbps	3	16.659295	.run/fixed-full-matrix-20260601T015324Z/scout/blocks/r000b01553t16-tquicperf-upload-syscall-loopback
1555	tquicperf	upload	iouring	loopback	1	ok		throughput_gbps	3	8.119219	.run/fixed-full-matrix-20260601T015324Z/scout/blocks/r000b01555t1-tquicperf-upload-iouring-loopback
1556	tquicperf	upload	iouring	loopback	2	ok		throughput_gbps	3	12.654956	.run/fixed-full-matrix-20260601T015324Z/scout/blocks/r000b01556t2-tquicperf-upload-iouring-loopback
1557	tquicperf	upload	iouring	loopback	4	ok		throughput_gbps	3	13.180402	.run/fixed-full-matrix-20260601T015324Z/scout/blocks/r000b01557t4-tquicperf-upload-iouring-loopback
1558	tquicperf	upload	iouring	loopback	8	ok		throughput_gbps	3	13.168338	.run/fixed-full-matrix-20260601T015324Z/scout/blocks/r000b01558t8-tquicperf-upload-iouring-loopback
1559	tquicperf	upload	iouring	loopback	16	ok		throughput_gbps	3	10.200678	.run/fixed-full-matrix-20260601T015324Z/scout/blocks/r000b01559t16-tquicperf-upload-iouring-loopback
1561	tquicperf	connect	syscall	loopback	1	ok		connections_per_second	3	815.201220	.run/fixed-full-matrix-20260601T015324Z/scout/blocks/r000b01561t1-tquicperf-connect-syscall-loopback
1562	tquicperf	connect	syscall	loopback	2	ok		connections_per_second	3	1554.350588	.run/fixed-full-matrix-20260601T015324Z/scout/blocks/r000b01562t2-tquicperf-connect-syscall-loopback
1563	tquicperf	connect	syscall	loopback	4	ok		connections_per_second	3	2221.355893	.run/fixed-full-matrix-20260601T015324Z/scout/blocks/r000b01563t4-tquicperf-connect-syscall-loopback
1564	tquicperf	connect	syscall	loopback	8	ok		connections_per_second	3	2356.687617	.run/fixed-full-matrix-20260601T015324Z/scout/blocks/r000b01564t8-tquicperf-connect-syscall-loopback
1565	tquicperf	connect	syscall	loopback	16	ok		connections_per_second	3	2712.248719	.run/fixed-full-matrix-20260601T015324Z/scout/blocks/r000b01565t16-tquicperf-connect-syscall-loopback
1567	tquicperf	connect	iouring	loopback	1	ok		connections_per_second	3	1182.411860	.run/fixed-full-matrix-20260601T015324Z/scout/blocks/r000b01567t1-tquicperf-connect-iouring-loopback
1568	tquicperf	connect	iouring	loopback	2	ok		connections_per_second	3	1943.797052	.run/fixed-full-matrix-20260601T015324Z/scout/blocks/r000b01568t2-tquicperf-connect-iouring-loopback
1569	tquicperf	connect	iouring	loopback	4	ok		connections_per_second	3	3548.893100	.run/fixed-full-matrix-20260601T015324Z/scout/blocks/r000b01569t4-tquicperf-connect-iouring-loopback
1570	tquicperf	connect	iouring	loopback	8	ok		connections_per_second	3	5116.113391	.run/fixed-full-matrix-20260601T015324Z/scout/blocks/r000b01570t8-tquicperf-connect-iouring-loopback
1571	tquicperf	connect	iouring	loopback	16	ok		connections_per_second	3	6671.812302	.run/fixed-full-matrix-20260601T015324Z/scout/blocks/r000b01571t16-tquicperf-connect-iouring-loopback
1573	tquicperf	reqresp	syscall	loopback	1	ok		requests_per_second	3	17222.000000	.run/fixed-full-matrix-20260601T015324Z/scout/blocks/r000b01573t1-tquicperf-reqresp-syscall-loopback
1574	tquicperf	reqresp	syscall	loopback	2	ok		requests_per_second	3	33034.000000	.run/fixed-full-matrix-20260601T015324Z/scout/blocks/r000b01574t2-tquicperf-reqresp-syscall-loopback
1575	tquicperf	reqresp	syscall	loopback	4	ok		requests_per_second	3	65104.000000	.run/fixed-full-matrix-20260601T015324Z/scout/blocks/r000b01575t4-tquicperf-reqresp-syscall-loopback
1576	tquicperf	reqresp	syscall	loopback	8	ok		requests_per_second	3	122188.000000	.run/fixed-full-matrix-20260601T015324Z/scout/blocks/r000b01576t8-tquicperf-reqresp-syscall-loopback
1577	tquicperf	reqresp	syscall	loopback	16	ok		requests_per_second	3	181198.000000	.run/fixed-full-matrix-20260601T015324Z/scout/blocks/r000b01577t16-tquicperf-reqresp-syscall-loopback
1579	tquicperf	reqresp	iouring	loopback	1	ok		requests_per_second	3	19328.000000	.run/fixed-full-matrix-20260601T015324Z/scout/blocks/r000b01579t1-tquicperf-reqresp-iouring-loopback
1580	tquicperf	reqresp	iouring	loopback	2	ok		requests_per_second	3	33170.000000	.run/fixed-full-matrix-20260601T015324Z/scout/blocks/r000b01580t2-tquicperf-reqresp-iouring-loopback
1581	tquicperf	reqresp	iouring	loopback	4	ok		requests_per_second	3	65541.000000	.run/fixed-full-matrix-20260601T015324Z/scout/blocks/r000b01581t4-tquicperf-reqresp-iouring-loopback
1582	tquicperf	reqresp	iouring	loopback	8	ok		requests_per_second	3	122248.000000	.run/fixed-full-matrix-20260601T015324Z/scout/blocks/r000b01582t8-tquicperf-reqresp-iouring-loopback
1583	tquicperf	reqresp	iouring	loopback	16	ok		requests_per_second	3	178170.000000	.run/fixed-full-matrix-20260601T015324Z/scout/blocks/r000b01583t16-tquicperf-reqresp-iouring-loopback
1585	tquicperf	stream_churn	syscall	loopback	1	ok		streams_per_second	3	19393.000000	.run/fixed-full-matrix-20260601T015324Z/scout/blocks/r000b01585t1-tquicperf-stream_churn-syscall-loopback
1586	tquicperf	stream_churn	syscall	loopback	2	ok		streams_per_second	3	38192.000000	.run/fixed-full-matrix-20260601T015324Z/scout/blocks/r000b01586t2-tquicperf-stream_churn-syscall-loopback
1587	tquicperf	stream_churn	syscall	loopback	4	ok		streams_per_second	3	75208.000000	.run/fixed-full-matrix-20260601T015324Z/scout/blocks/r000b01587t4-tquicperf-stream_churn-syscall-loopback
1588	tquicperf	stream_churn	syscall	loopback	8	ok		streams_per_second	3	140520.000000	.run/fixed-full-matrix-20260601T015324Z/scout/blocks/r000b01588t8-tquicperf-stream_churn-syscall-loopback
1589	tquicperf	stream_churn	syscall	loopback	16	ok		streams_per_second	3	221168.000000	.run/fixed-full-matrix-20260601T015324Z/scout/blocks/r000b01589t16-tquicperf-stream_churn-syscall-loopback
1591	tquicperf	stream_churn	iouring	loopback	1	ok		streams_per_second	3	19760.000000	.run/fixed-full-matrix-20260601T015324Z/scout/blocks/r000b01591t1-tquicperf-stream_churn-iouring-loopback
1592	tquicperf	stream_churn	iouring	loopback	2	ok		streams_per_second	3	39000.000000	.run/fixed-full-matrix-20260601T015324Z/scout/blocks/r000b01592t2-tquicperf-stream_churn-iouring-loopback
1593	tquicperf	stream_churn	iouring	loopback	4	ok		streams_per_second	3	75016.000000	.run/fixed-full-matrix-20260601T015324Z/scout/blocks/r000b01593t4-tquicperf-stream_churn-iouring-loopback
1594	tquicperf	stream_churn	iouring	loopback	8	ok		streams_per_second	3	141176.000000	.run/fixed-full-matrix-20260601T015324Z/scout/blocks/r000b01594t8-tquicperf-stream_churn-iouring-loopback
1595	tquicperf	stream_churn	iouring	loopback	16	ok		streams_per_second	3	214784.000000	.run/fixed-full-matrix-20260601T015324Z/scout/blocks/r000b01595t16-tquicperf-stream_churn-iouring-loopback
1597	tquicperf	multistream_download	syscall	loopback	1	ok		throughput_gbps	3	9.200901	.run/fixed-full-matrix-20260601T015324Z/scout/blocks/r000b01597t1-tquicperf-multistream_download-syscall-loopback
1598	tquicperf	multistream_download	syscall	loopback	2	ok		throughput_gbps	3	9.529459	.run/fixed-full-matrix-20260601T015324Z/scout/blocks/r000b01598t2-tquicperf-multistream_download-syscall-loopback
1599	tquicperf	multistream_download	syscall	loopback	4	ok		throughput_gbps	3	8.500093	.run/fixed-full-matrix-20260601T015324Z/scout/blocks/r000b01599t4-tquicperf-multistream_download-syscall-loopback
1600	tquicperf	multistream_download	syscall	loopback	8	ok		throughput_gbps	3	8.230511	.run/fixed-full-matrix-20260601T015324Z/scout/blocks/r000b01600t8-tquicperf-multistream_download-syscall-loopback
1601	tquicperf	multistream_download	syscall	loopback	16	ok		throughput_gbps	3	8.190770	.run/fixed-full-matrix-20260601T015324Z/scout/blocks/r000b01601t16-tquicperf-multistream_download-syscall-loopback
1603	tquicperf	multistream_download	iouring	loopback	1	ok		throughput_gbps	3	8.190896	.run/fixed-full-matrix-20260601T015324Z/scout/blocks/r000b01603t1-tquicperf-multistream_download-iouring-loopback
1604	tquicperf	multistream_download	iouring	loopback	2	ok		throughput_gbps	3	8.073125	.run/fixed-full-matrix-20260601T015324Z/scout/blocks/r000b01604t2-tquicperf-multistream_download-iouring-loopback
1605	tquicperf	multistream_download	iouring	loopback	4	ok		throughput_gbps	3	7.614251	.run/fixed-full-matrix-20260601T015324Z/scout/blocks/r000b01605t4-tquicperf-multistream_download-iouring-loopback
1606	tquicperf	multistream_download	iouring	loopback	8	ok		throughput_gbps	3	7.270672	.run/fixed-full-matrix-20260601T015324Z/scout/blocks/r000b01606t8-tquicperf-multistream_download-iouring-loopback
1607	tquicperf	multistream_download	iouring	loopback	16	ok		throughput_gbps	3	7.022452	.run/fixed-full-matrix-20260601T015324Z/scout/blocks/r000b01607t16-tquicperf-multistream_download-iouring-loopback
1609	tquicperf	multistream_upload	syscall	loopback	1	ok		throughput_gbps	3	8.623489	.run/fixed-full-matrix-20260601T015324Z/scout/blocks/r000b01609t1-tquicperf-multistream_upload-syscall-loopback
1610	tquicperf	multistream_upload	syscall	loopback	2	ok		throughput_gbps	3	13.308527	.run/fixed-full-matrix-20260601T015324Z/scout/blocks/r000b01610t2-tquicperf-multistream_upload-syscall-loopback
1611	tquicperf	multistream_upload	syscall	loopback	4	ok		throughput_gbps	3	12.901679	.run/fixed-full-matrix-20260601T015324Z/scout/blocks/r000b01611t4-tquicperf-multistream_upload-syscall-loopback
1612	tquicperf	multistream_upload	syscall	loopback	8	ok		throughput_gbps	3	12.842959	.run/fixed-full-matrix-20260601T015324Z/scout/blocks/r000b01612t8-tquicperf-multistream_upload-syscall-loopback
1613	tquicperf	multistream_upload	syscall	loopback	16	ok		throughput_gbps	3	12.532580	.run/fixed-full-matrix-20260601T015324Z/scout/blocks/r000b01613t16-tquicperf-multistream_upload-syscall-loopback
1615	tquicperf	multistream_upload	iouring	loopback	1	ok		throughput_gbps	3	9.185526	.run/fixed-full-matrix-20260601T015324Z/scout/blocks/r000b01615t1-tquicperf-multistream_upload-iouring-loopback
1616	tquicperf	multistream_upload	iouring	loopback	2	ok		throughput_gbps	3	11.895046	.run/fixed-full-matrix-20260601T015324Z/scout/blocks/r000b01616t2-tquicperf-multistream_upload-iouring-loopback
1617	tquicperf	multistream_upload	iouring	loopback	4	ok		throughput_gbps	3	11.047797	.run/fixed-full-matrix-20260601T015324Z/scout/blocks/r000b01617t4-tquicperf-multistream_upload-iouring-loopback
1618	tquicperf	multistream_upload	iouring	loopback	8	ok		throughput_gbps	3	9.118417	.run/fixed-full-matrix-20260601T015324Z/scout/blocks/r000b01618t8-tquicperf-multistream_upload-iouring-loopback
1619	tquicperf	multistream_upload	iouring	loopback	16	ok		throughput_gbps	3	6.618612	.run/fixed-full-matrix-20260601T015324Z/scout/blocks/r000b01619t16-tquicperf-multistream_upload-iouring-loopback
1621	tquicperf	bidi	syscall	loopback	1	ok		throughput_gbps	3	9.152046	.run/fixed-full-matrix-20260601T015324Z/scout/blocks/r000b01621t1-tquicperf-bidi-syscall-loopback
1622	tquicperf	bidi	syscall	loopback	2	ok		throughput_gbps	3	10.009966	.run/fixed-full-matrix-20260601T015324Z/scout/blocks/r000b01622t2-tquicperf-bidi-syscall-loopback
1623	tquicperf	bidi	syscall	loopback	4	ok		throughput_gbps	3	10.653532	.run/fixed-full-matrix-20260601T015324Z/scout/blocks/r000b01623t4-tquicperf-bidi-syscall-loopback
1624	tquicperf	bidi	syscall	loopback	8	ok		throughput_gbps	3	10.182981	.run/fixed-full-matrix-20260601T015324Z/scout/blocks/r000b01624t8-tquicperf-bidi-syscall-loopback
1625	tquicperf	bidi	syscall	loopback	16	ok		throughput_gbps	3	9.720207	.run/fixed-full-matrix-20260601T015324Z/scout/blocks/r000b01625t16-tquicperf-bidi-syscall-loopback
1627	tquicperf	bidi	iouring	loopback	1	ok		throughput_gbps	3	6.786384	.run/fixed-full-matrix-20260601T015324Z/scout/blocks/r000b01627t1-tquicperf-bidi-iouring-loopback
1628	tquicperf	bidi	iouring	loopback	2	ok		throughput_gbps	3	9.420407	.run/fixed-full-matrix-20260601T015324Z/scout/blocks/r000b01628t2-tquicperf-bidi-iouring-loopback
1629	tquicperf	bidi	iouring	loopback	4	ok		throughput_gbps	3	10.083107	.run/fixed-full-matrix-20260601T015324Z/scout/blocks/r000b01629t4-tquicperf-bidi-iouring-loopback
1630	tquicperf	bidi	iouring	loopback	8	ok		throughput_gbps	3	9.546236	.run/fixed-full-matrix-20260601T015324Z/scout/blocks/r000b01630t8-tquicperf-bidi-iouring-loopback
1631	tquicperf	bidi	iouring	loopback	16	ok		throughput_gbps	3	7.532970	.run/fixed-full-matrix-20260601T015324Z/scout/blocks/r000b01631t16-tquicperf-bidi-iouring-loopback
1633	tquicperf	small_payload_pps	syscall	loopback	1	ok		messages_per_second	3	19200.000000	.run/fixed-full-matrix-20260601T015324Z/scout/blocks/r000b01633t1-tquicperf-small_payload_pps-syscall-loopback
1634	tquicperf	small_payload_pps	syscall	loopback	2	ok		messages_per_second	3	36800.000000	.run/fixed-full-matrix-20260601T015324Z/scout/blocks/r000b01634t2-tquicperf-small_payload_pps-syscall-loopback
1635	tquicperf	small_payload_pps	syscall	loopback	4	ok		messages_per_second	3	74950.000000	.run/fixed-full-matrix-20260601T015324Z/scout/blocks/r000b01635t4-tquicperf-small_payload_pps-syscall-loopback
1636	tquicperf	small_payload_pps	syscall	loopback	8	ok		messages_per_second	3	138320.000000	.run/fixed-full-matrix-20260601T015324Z/scout/blocks/r000b01636t8-tquicperf-small_payload_pps-syscall-loopback
1637	tquicperf	small_payload_pps	syscall	loopback	16	ok		messages_per_second	3	212536.000000	.run/fixed-full-matrix-20260601T015324Z/scout/blocks/r000b01637t16-tquicperf-small_payload_pps-syscall-loopback
1639	tquicperf	small_payload_pps	iouring	loopback	1	ok		messages_per_second	3	19496.000000	.run/fixed-full-matrix-20260601T015324Z/scout/blocks/r000b01639t1-tquicperf-small_payload_pps-iouring-loopback
1640	tquicperf	small_payload_pps	iouring	loopback	2	ok		messages_per_second	3	37992.000000	.run/fixed-full-matrix-20260601T015324Z/scout/blocks/r000b01640t2-tquicperf-small_payload_pps-iouring-loopback
1641	tquicperf	small_payload_pps	iouring	loopback	4	ok		messages_per_second	3	75600.000000	.run/fixed-full-matrix-20260601T015324Z/scout/blocks/r000b01641t4-tquicperf-small_payload_pps-iouring-loopback
1642	tquicperf	small_payload_pps	iouring	loopback	8	ok		messages_per_second	3	140120.000000	.run/fixed-full-matrix-20260601T015324Z/scout/blocks/r000b01642t8-tquicperf-small_payload_pps-iouring-loopback
1643	tquicperf	small_payload_pps	iouring	loopback	16	ok		messages_per_second	3	206552.000000	.run/fixed-full-matrix-20260601T015324Z/scout/blocks/r000b01643t16-tquicperf-small_payload_pps-iouring-loopback
1645	tquicperf	loss_recovery	syscall	loopback	1	ok		throughput_gbps	3	7.241324	.run/fixed-full-matrix-20260601T015324Z/scout/blocks/r000b01645t1-tquicperf-loss_recovery-syscall-loopback
1646	tquicperf	loss_recovery	syscall	loopback	2	ok		throughput_gbps	3	7.528592	.run/fixed-full-matrix-20260601T015324Z/scout/blocks/r000b01646t2-tquicperf-loss_recovery-syscall-loopback
1647	tquicperf	loss_recovery	syscall	loopback	4	ok		throughput_gbps	3	7.322483	.run/fixed-full-matrix-20260601T015324Z/scout/blocks/r000b01647t4-tquicperf-loss_recovery-syscall-loopback
1648	tquicperf	loss_recovery	syscall	loopback	8	ok		throughput_gbps	3	7.155368	.run/fixed-full-matrix-20260601T015324Z/scout/blocks/r000b01648t8-tquicperf-loss_recovery-syscall-loopback
1649	tquicperf	loss_recovery	syscall	loopback	16	ok		throughput_gbps	3	6.767825	.run/fixed-full-matrix-20260601T015324Z/scout/blocks/r000b01649t16-tquicperf-loss_recovery-syscall-loopback
1651	tquicperf	loss_recovery	iouring	loopback	1	ok		throughput_gbps	3	7.340278	.run/fixed-full-matrix-20260601T015324Z/scout/blocks/r000b01651t1-tquicperf-loss_recovery-iouring-loopback
1652	tquicperf	loss_recovery	iouring	loopback	2	ok		throughput_gbps	3	7.779031	.run/fixed-full-matrix-20260601T015324Z/scout/blocks/r000b01652t2-tquicperf-loss_recovery-iouring-loopback
1653	tquicperf	loss_recovery	iouring	loopback	4	ok		throughput_gbps	3	7.857080	.run/fixed-full-matrix-20260601T015324Z/scout/blocks/r000b01653t4-tquicperf-loss_recovery-iouring-loopback
1654	tquicperf	loss_recovery	iouring	loopback	8	ok		throughput_gbps	3	7.225089	.run/fixed-full-matrix-20260601T015324Z/scout/blocks/r000b01654t8-tquicperf-loss_recovery-iouring-loopback
1655	tquicperf	loss_recovery	iouring	loopback	16	ok		throughput_gbps	3	6.121230	.run/fixed-full-matrix-20260601T015324Z/scout/blocks/r000b01655t16-tquicperf-loss_recovery-iouring-loopback
1657	tquicperf	flow_control	syscall	loopback	1	ok		throughput_gbps	3	4.702482	.run/fixed-full-matrix-20260601T015324Z/scout/blocks/r000b01657t1-tquicperf-flow_control-syscall-loopback
1658	tquicperf	flow_control	syscall	loopback	2	ok		throughput_gbps	3	6.891788	.run/fixed-full-matrix-20260601T015324Z/scout/blocks/r000b01658t2-tquicperf-flow_control-syscall-loopback
1659	tquicperf	flow_control	syscall	loopback	4	ok		throughput_gbps	3	6.984294	.run/fixed-full-matrix-20260601T015324Z/scout/blocks/r000b01659t4-tquicperf-flow_control-syscall-loopback
1660	tquicperf	flow_control	syscall	loopback	8	ok		throughput_gbps	3	7.090633	.run/fixed-full-matrix-20260601T015324Z/scout/blocks/r000b01660t8-tquicperf-flow_control-syscall-loopback
1661	tquicperf	flow_control	syscall	loopback	16	ok		throughput_gbps	3	7.585441	.run/fixed-full-matrix-20260601T015324Z/scout/blocks/r000b01661t16-tquicperf-flow_control-syscall-loopback
1663	tquicperf	flow_control	iouring	loopback	1	ok		throughput_gbps	3	4.566984	.run/fixed-full-matrix-20260601T015324Z/scout/blocks/r000b01663t1-tquicperf-flow_control-iouring-loopback
1664	tquicperf	flow_control	iouring	loopback	2	ok		throughput_gbps	3	6.851470	.run/fixed-full-matrix-20260601T015324Z/scout/blocks/r000b01664t2-tquicperf-flow_control-iouring-loopback
1665	tquicperf	flow_control	iouring	loopback	4	ok		throughput_gbps	3	6.552642	.run/fixed-full-matrix-20260601T015324Z/scout/blocks/r000b01665t4-tquicperf-flow_control-iouring-loopback
1666	tquicperf	flow_control	iouring	loopback	8	ok		throughput_gbps	3	7.182360	.run/fixed-full-matrix-20260601T015324Z/scout/blocks/r000b01666t8-tquicperf-flow_control-iouring-loopback
1667	tquicperf	flow_control	iouring	loopback	16	ok		throughput_gbps	3	7.740593	.run/fixed-full-matrix-20260601T015324Z/scout/blocks/r000b01667t16-tquicperf-flow_control-iouring-loopback
1669	tquicperf	resumed_connect	syscall	loopback	1	ok		connections_per_second	3	37.440626	.run/fixed-full-matrix-20260601T015324Z/scout/blocks/r000b01669t1-tquicperf-resumed_connect-syscall-loopback
1670	tquicperf	resumed_connect	syscall	loopback	2	ok		connections_per_second	3	70.704199	.run/fixed-full-matrix-20260601T015324Z/scout/blocks/r000b01670t2-tquicperf-resumed_connect-syscall-loopback
1671	tquicperf	resumed_connect	syscall	loopback	4	ok		connections_per_second	3	111.756542	.run/fixed-full-matrix-20260601T015324Z/scout/blocks/r000b01671t4-tquicperf-resumed_connect-syscall-loopback
1672	tquicperf	resumed_connect	syscall	loopback	8	ok		connections_per_second	3	159.618413	.run/fixed-full-matrix-20260601T015324Z/scout/blocks/r000b01672t8-tquicperf-resumed_connect-syscall-loopback
1673	tquicperf	resumed_connect	syscall	loopback	16	ok		connections_per_second	3	191.341237	.run/fixed-full-matrix-20260601T015324Z/scout/blocks/r000b01673t16-tquicperf-resumed_connect-syscall-loopback
1675	tquicperf	resumed_connect	iouring	loopback	1	ok		connections_per_second	3	37.273425	.run/fixed-full-matrix-20260601T015324Z/scout/blocks/r000b01675t1-tquicperf-resumed_connect-iouring-loopback
1676	tquicperf	resumed_connect	iouring	loopback	2	ok		connections_per_second	3	70.560725	.run/fixed-full-matrix-20260601T015324Z/scout/blocks/r000b01676t2-tquicperf-resumed_connect-iouring-loopback
1677	tquicperf	resumed_connect	iouring	loopback	4	ok		connections_per_second	3	112.483184	.run/fixed-full-matrix-20260601T015324Z/scout/blocks/r000b01677t4-tquicperf-resumed_connect-iouring-loopback
1678	tquicperf	resumed_connect	iouring	loopback	8	ok		connections_per_second	3	155.870981	.run/fixed-full-matrix-20260601T015324Z/scout/blocks/r000b01678t8-tquicperf-resumed_connect-iouring-loopback
1679	tquicperf	resumed_connect	iouring	loopback	16	ok		connections_per_second	3	153.264151	.run/fixed-full-matrix-20260601T015324Z/scout/blocks/r000b01679t16-tquicperf-resumed_connect-iouring-loopback
1681	tquicperf	zero_rtt_reqresp	syscall	loopback	1	ok		requests_per_second	3	17008.000000	.run/fixed-full-matrix-20260601T015324Z/scout/blocks/r000b01681t1-tquicperf-zero_rtt_reqresp-syscall-loopback
1682	tquicperf	zero_rtt_reqresp	syscall	loopback	2	ok		requests_per_second	3	32747.000000	.run/fixed-full-matrix-20260601T015324Z/scout/blocks/r000b01682t2-tquicperf-zero_rtt_reqresp-syscall-loopback
1683	tquicperf	zero_rtt_reqresp	syscall	loopback	4	ok		requests_per_second	3	65205.000000	.run/fixed-full-matrix-20260601T015324Z/scout/blocks/r000b01683t4-tquicperf-zero_rtt_reqresp-syscall-loopback
1684	tquicperf	zero_rtt_reqresp	syscall	loopback	8	ok		requests_per_second	3	121502.000000	.run/fixed-full-matrix-20260601T015324Z/scout/blocks/r000b01684t8-tquicperf-zero_rtt_reqresp-syscall-loopback
1685	tquicperf	zero_rtt_reqresp	syscall	loopback	16	ok		requests_per_second	3	179089.000000	.run/fixed-full-matrix-20260601T015324Z/scout/blocks/r000b01685t16-tquicperf-zero_rtt_reqresp-syscall-loopback
1687	tquicperf	zero_rtt_reqresp	iouring	loopback	1	ok		requests_per_second	3	19080.000000	.run/fixed-full-matrix-20260601T015324Z/scout/blocks/r000b01687t1-tquicperf-zero_rtt_reqresp-iouring-loopback
1688	tquicperf	zero_rtt_reqresp	iouring	loopback	2	ok		requests_per_second	3	34975.000000	.run/fixed-full-matrix-20260601T015324Z/scout/blocks/r000b01688t2-tquicperf-zero_rtt_reqresp-iouring-loopback
1689	tquicperf	zero_rtt_reqresp	iouring	loopback	4	ok		requests_per_second	3	64679.000000	.run/fixed-full-matrix-20260601T015324Z/scout/blocks/r000b01689t4-tquicperf-zero_rtt_reqresp-iouring-loopback
1690	tquicperf	zero_rtt_reqresp	iouring	loopback	8	ok		requests_per_second	3	121127.000000	.run/fixed-full-matrix-20260601T015324Z/scout/blocks/r000b01690t8-tquicperf-zero_rtt_reqresp-iouring-loopback
1691	tquicperf	zero_rtt_reqresp	iouring	loopback	16	ok		requests_per_second	3	174470.000000	.run/fixed-full-matrix-20260601T015324Z/scout/blocks/r000b01691t16-tquicperf-zero_rtt_reqresp-iouring-loopback
1693	tquicperf	datagram	syscall	loopback	1	ok		datagrams_per_second	3	581076.000000	.run/fixed-full-matrix-20260601T015324Z/scout/blocks/r000b01693t1-tquicperf-datagram-syscall-loopback
1694	tquicperf	datagram	syscall	loopback	2	ok		datagrams_per_second	3	823462.000000	.run/fixed-full-matrix-20260601T015324Z/scout/blocks/r000b01694t2-tquicperf-datagram-syscall-loopback
1695	tquicperf	datagram	syscall	loopback	4	ok		datagrams_per_second	3	805835.000000	.run/fixed-full-matrix-20260601T015324Z/scout/blocks/r000b01695t4-tquicperf-datagram-syscall-loopback
1696	tquicperf	datagram	syscall	loopback	8	ok		datagrams_per_second	3	782692.000000	.run/fixed-full-matrix-20260601T015324Z/scout/blocks/r000b01696t8-tquicperf-datagram-syscall-loopback
1697	tquicperf	datagram	syscall	loopback	16	ok		datagrams_per_second	3	769480.000000	.run/fixed-full-matrix-20260601T015324Z/scout/blocks/r000b01697t16-tquicperf-datagram-syscall-loopback
1699	tquicperf	datagram	iouring	loopback	1	ok		datagrams_per_second	3	624730.000000	.run/fixed-full-matrix-20260601T015324Z/scout/blocks/r000b01699t1-tquicperf-datagram-iouring-loopback
1700	tquicperf	datagram	iouring	loopback	2	ok		datagrams_per_second	3	773565.000000	.run/fixed-full-matrix-20260601T015324Z/scout/blocks/r000b01700t2-tquicperf-datagram-iouring-loopback
1701	tquicperf	datagram	iouring	loopback	4	ok		datagrams_per_second	3	736534.000000	.run/fixed-full-matrix-20260601T015324Z/scout/blocks/r000b01701t4-tquicperf-datagram-iouring-loopback
1702	tquicperf	datagram	iouring	loopback	8	ok		datagrams_per_second	3	682709.000000	.run/fixed-full-matrix-20260601T015324Z/scout/blocks/r000b01702t8-tquicperf-datagram-iouring-loopback
1703	tquicperf	datagram	iouring	loopback	16	ok		datagrams_per_second	3	639926.000000	.run/fixed-full-matrix-20260601T015324Z/scout/blocks/r000b01703t16-tquicperf-datagram-iouring-loopback
1705	tquicperf	idle_footprint	syscall	loopback	1	ok		server_rss_delta_bytes_per_connection	3	1581056.000000	.run/fixed-full-matrix-20260601T015324Z/scout/blocks/r000b01705t1-tquicperf-idle_footprint-syscall-loopback
1706	tquicperf	idle_footprint	syscall	loopback	2	ok		server_rss_delta_bytes_per_connection	3	796672.000000	.run/fixed-full-matrix-20260601T015324Z/scout/blocks/r000b01706t2-tquicperf-idle_footprint-syscall-loopback
1707	tquicperf	idle_footprint	syscall	loopback	4	ok		server_rss_delta_bytes_per_connection	3	446464.000000	.run/fixed-full-matrix-20260601T015324Z/scout/blocks/r000b01707t4-tquicperf-idle_footprint-syscall-loopback
1708	tquicperf	idle_footprint	syscall	loopback	8	ok		server_rss_delta_bytes_per_connection	3	255488.000000	.run/fixed-full-matrix-20260601T015324Z/scout/blocks/r000b01708t8-tquicperf-idle_footprint-syscall-loopback
1709	tquicperf	idle_footprint	syscall	loopback	16	ok		server_rss_delta_bytes_per_connection	3	146688.000000	.run/fixed-full-matrix-20260601T015324Z/scout/blocks/r000b01709t16-tquicperf-idle_footprint-syscall-loopback
1711	tquicperf	idle_footprint	iouring	loopback	1	ok		server_rss_delta_bytes_per_connection	3	819200.000000	.run/fixed-full-matrix-20260601T015324Z/scout/blocks/r000b01711t1-tquicperf-idle_footprint-iouring-loopback
1712	tquicperf	idle_footprint	iouring	loopback	2	ok		server_rss_delta_bytes_per_connection	3	415744.000000	.run/fixed-full-matrix-20260601T015324Z/scout/blocks/r000b01712t2-tquicperf-idle_footprint-iouring-loopback
1713	tquicperf	idle_footprint	iouring	loopback	4	ok		server_rss_delta_bytes_per_connection	3	261120.000000	.run/fixed-full-matrix-20260601T015324Z/scout/blocks/r000b01713t4-tquicperf-idle_footprint-iouring-loopback
1714	tquicperf	idle_footprint	iouring	loopback	8	ok		server_rss_delta_bytes_per_connection	3	176128.000000	.run/fixed-full-matrix-20260601T015324Z/scout/blocks/r000b01714t8-tquicperf-idle_footprint-iouring-loopback
1715	tquicperf	idle_footprint	iouring	loopback	16	ok		server_rss_delta_bytes_per_connection	3	116480.000000	.run/fixed-full-matrix-20260601T015324Z/scout/blocks/r000b01715t16-tquicperf-idle_footprint-iouring-loopback
1717	tquicperf	close_reset_cleanup	syscall	loopback	1	ok		streams_per_second	3	19024.000000	.run/fixed-full-matrix-20260601T015324Z/scout/blocks/r000b01717t1-tquicperf-close_reset_cleanup-syscall-loopback
1718	tquicperf	close_reset_cleanup	syscall	loopback	2	ok		streams_per_second	3	38464.000000	.run/fixed-full-matrix-20260601T015324Z/scout/blocks/r000b01718t2-tquicperf-close_reset_cleanup-syscall-loopback
1719	tquicperf	close_reset_cleanup	syscall	loopback	4	ok		streams_per_second	3	76120.000000	.run/fixed-full-matrix-20260601T015324Z/scout/blocks/r000b01719t4-tquicperf-close_reset_cleanup-syscall-loopback
1720	tquicperf	close_reset_cleanup	syscall	loopback	8	ok		streams_per_second	3	141464.000000	.run/fixed-full-matrix-20260601T015324Z/scout/blocks/r000b01720t8-tquicperf-close_reset_cleanup-syscall-loopback
1721	tquicperf	close_reset_cleanup	syscall	loopback	16	ok		streams_per_second	3	220346.000000	.run/fixed-full-matrix-20260601T015324Z/scout/blocks/r000b01721t16-tquicperf-close_reset_cleanup-syscall-loopback
1723	tquicperf	close_reset_cleanup	iouring	loopback	1	ok		streams_per_second	3	19816.000000	.run/fixed-full-matrix-20260601T015324Z/scout/blocks/r000b01723t1-tquicperf-close_reset_cleanup-iouring-loopback
1724	tquicperf	close_reset_cleanup	iouring	loopback	2	ok		streams_per_second	3	39104.000000	.run/fixed-full-matrix-20260601T015324Z/scout/blocks/r000b01724t2-tquicperf-close_reset_cleanup-iouring-loopback
1725	tquicperf	close_reset_cleanup	iouring	loopback	4	ok		streams_per_second	3	77024.000000	.run/fixed-full-matrix-20260601T015324Z/scout/blocks/r000b01725t4-tquicperf-close_reset_cleanup-iouring-loopback
1726	tquicperf	close_reset_cleanup	iouring	loopback	8	ok		streams_per_second	3	140192.000000	.run/fixed-full-matrix-20260601T015324Z/scout/blocks/r000b01726t8-tquicperf-close_reset_cleanup-iouring-loopback
1727	tquicperf	close_reset_cleanup	iouring	loopback	16	ok		streams_per_second	3	213524.000000	.run/fixed-full-matrix-20260601T015324Z/scout/blocks/r000b01727t16-tquicperf-close_reset_cleanup-iouring-loopback
1729	quiczigperf	download	syscall	loopback	1	ok		throughput_gbps	3	10.229907	.run/fixed-full-matrix-20260601T015324Z/scout/blocks/r000b01729t1-quiczigperf-download-syscall-loopback
1730	quiczigperf	download	syscall	loopback	2	ok		throughput_gbps	3	9.061794	.run/fixed-full-matrix-20260601T015324Z/scout/blocks/r000b01730t2-quiczigperf-download-syscall-loopback
1731	quiczigperf	download	syscall	loopback	4	ok		throughput_gbps	3	7.482638	.run/fixed-full-matrix-20260601T015324Z/scout/blocks/r000b01731t4-quiczigperf-download-syscall-loopback
1732	quiczigperf	download	syscall	loopback	8	ok		throughput_gbps	3	5.800722	.run/fixed-full-matrix-20260601T015324Z/scout/blocks/r000b01732t8-quiczigperf-download-syscall-loopback
1733	quiczigperf	download	syscall	loopback	16	ok		throughput_gbps	3	4.179624	.run/fixed-full-matrix-20260601T015324Z/scout/blocks/r000b01733t16-quiczigperf-download-syscall-loopback
1735	quiczigperf	download	iouring	loopback	1	ok		throughput_gbps	3	10.164896	.run/fixed-full-matrix-20260601T015324Z/scout/blocks/r000b01735t1-quiczigperf-download-iouring-loopback
1736	quiczigperf	download	iouring	loopback	2	ok		throughput_gbps	3	5.794431	.run/fixed-full-matrix-20260601T015324Z/scout/blocks/r000b01736t2-quiczigperf-download-iouring-loopback
1737	quiczigperf	download	iouring	loopback	4	ok		throughput_gbps	3	6.935282	.run/fixed-full-matrix-20260601T015324Z/scout/blocks/r000b01737t4-quiczigperf-download-iouring-loopback
1738	quiczigperf	download	iouring	loopback	8	ok		throughput_gbps	3	2.925807	.run/fixed-full-matrix-20260601T015324Z/scout/blocks/r000b01738t8-quiczigperf-download-iouring-loopback
1739	quiczigperf	download	iouring	loopback	16	ok		throughput_gbps	3	3.420455	.run/fixed-full-matrix-20260601T015324Z/scout/blocks/r000b01739t16-quiczigperf-download-iouring-loopback
1741	quiczigperf	upload	syscall	loopback	1	ok		throughput_gbps	3	10.248782	.run/fixed-full-matrix-20260601T015324Z/scout/blocks/r000b01741t1-quiczigperf-upload-syscall-loopback
1742	quiczigperf	upload	syscall	loopback	2	ok		throughput_gbps	3	9.734620	.run/fixed-full-matrix-20260601T015324Z/scout/blocks/r000b01742t2-quiczigperf-upload-syscall-loopback
1743	quiczigperf	upload	syscall	loopback	4	ok		throughput_gbps	3	1.222999	.run/fixed-full-matrix-20260601T015324Z/scout/blocks/r000b01743t4-quiczigperf-upload-syscall-loopback
1744	quiczigperf	upload	syscall	loopback	8	ok		throughput_gbps	3	1.008892	.run/fixed-full-matrix-20260601T015324Z/scout/blocks/r000b01744t8-quiczigperf-upload-syscall-loopback
1745	quiczigperf	upload	syscall	loopback	16	ok		throughput_gbps	3	1.036571	.run/fixed-full-matrix-20260601T015324Z/scout/blocks/r000b01745t16-quiczigperf-upload-syscall-loopback
1747	quiczigperf	upload	iouring	loopback	1	ok		throughput_gbps	3	10.338959	.run/fixed-full-matrix-20260601T015324Z/scout/blocks/r000b01747t1-quiczigperf-upload-iouring-loopback
1748	quiczigperf	upload	iouring	loopback	2	ok		throughput_gbps	3	8.262500	.run/fixed-full-matrix-20260601T015324Z/scout/blocks/r000b01748t2-quiczigperf-upload-iouring-loopback
1749	quiczigperf	upload	iouring	loopback	4	ok		throughput_gbps	3	1.921565	.run/fixed-full-matrix-20260601T015324Z/scout/blocks/r000b01749t4-quiczigperf-upload-iouring-loopback
1750	quiczigperf	upload	iouring	loopback	8	ok		throughput_gbps	3	1.943290	.run/fixed-full-matrix-20260601T015324Z/scout/blocks/r000b01750t8-quiczigperf-upload-iouring-loopback
1751	quiczigperf	upload	iouring	loopback	16	ok		throughput_gbps	3	3.326985	.run/fixed-full-matrix-20260601T015324Z/scout/blocks/r000b01751t16-quiczigperf-upload-iouring-loopback
1753	quiczigperf	connect	syscall	loopback	1	ok		connections_per_second	3	38.092453	.run/fixed-full-matrix-20260601T015324Z/scout/blocks/r000b01753t1-quiczigperf-connect-syscall-loopback
1754	quiczigperf	connect	syscall	loopback	2	ok		connections_per_second	3	1249.428387	.run/fixed-full-matrix-20260601T015324Z/scout/blocks/r000b01754t2-quiczigperf-connect-syscall-loopback
1755	quiczigperf	connect	syscall	loopback	4	ok		connections_per_second	3	1860.182196	.run/fixed-full-matrix-20260601T015324Z/scout/blocks/r000b01755t4-quiczigperf-connect-syscall-loopback
1756	quiczigperf	connect	syscall	loopback	8	ok		connections_per_second	3	1905.428351	.run/fixed-full-matrix-20260601T015324Z/scout/blocks/r000b01756t8-quiczigperf-connect-syscall-loopback
1757	quiczigperf	connect	syscall	loopback	16	ok		connections_per_second	3	579.646363	.run/fixed-full-matrix-20260601T015324Z/scout/blocks/r000b01757t16-quiczigperf-connect-syscall-loopback
1759	quiczigperf	connect	iouring	loopback	1	ok		connections_per_second	3	1049.152809	.run/fixed-full-matrix-20260601T015324Z/scout/blocks/r000b01759t1-quiczigperf-connect-iouring-loopback
1760	quiczigperf	connect	iouring	loopback	2	ok		connections_per_second	3	19.722975	.run/fixed-full-matrix-20260601T015324Z/scout/blocks/r000b01760t2-quiczigperf-connect-iouring-loopback
1761	quiczigperf	connect	iouring	loopback	4	ok		connections_per_second	3	1896.440145	.run/fixed-full-matrix-20260601T015324Z/scout/blocks/r000b01761t4-quiczigperf-connect-iouring-loopback
1762	quiczigperf	connect	iouring	loopback	8	ok		connections_per_second	3	2626.566870	.run/fixed-full-matrix-20260601T015324Z/scout/blocks/r000b01762t8-quiczigperf-connect-iouring-loopback
1763	quiczigperf	connect	iouring	loopback	16	ok		connections_per_second	3	2805.014173	.run/fixed-full-matrix-20260601T015324Z/scout/blocks/r000b01763t16-quiczigperf-connect-iouring-loopback
1765	quiczigperf	reqresp	syscall	loopback	1	ok		requests_per_second	3	3646.000000	.run/fixed-full-matrix-20260601T015324Z/scout/blocks/r000b01765t1-quiczigperf-reqresp-syscall-loopback
1766	quiczigperf	reqresp	syscall	loopback	2	ok		requests_per_second	3	4813.000000	.run/fixed-full-matrix-20260601T015324Z/scout/blocks/r000b01766t2-quiczigperf-reqresp-syscall-loopback
1767	quiczigperf	reqresp	syscall	loopback	4	ok		requests_per_second	3	5184.000000	.run/fixed-full-matrix-20260601T015324Z/scout/blocks/r000b01767t4-quiczigperf-reqresp-syscall-loopback
1768	quiczigperf	reqresp	syscall	loopback	8	ok		requests_per_second	3	5233.000000	.run/fixed-full-matrix-20260601T015324Z/scout/blocks/r000b01768t8-quiczigperf-reqresp-syscall-loopback
1769	quiczigperf	reqresp	syscall	loopback	16	ok		requests_per_second	3	5020.000000	.run/fixed-full-matrix-20260601T015324Z/scout/blocks/r000b01769t16-quiczigperf-reqresp-syscall-loopback
1771	quiczigperf	reqresp	iouring	loopback	1	ok		requests_per_second	3	3668.000000	.run/fixed-full-matrix-20260601T015324Z/scout/blocks/r000b01771t1-quiczigperf-reqresp-iouring-loopback
1772	quiczigperf	reqresp	iouring	loopback	2	ok		requests_per_second	3	4834.000000	.run/fixed-full-matrix-20260601T015324Z/scout/blocks/r000b01772t2-quiczigperf-reqresp-iouring-loopback
1773	quiczigperf	reqresp	iouring	loopback	4	ok		requests_per_second	3	5182.000000	.run/fixed-full-matrix-20260601T015324Z/scout/blocks/r000b01773t4-quiczigperf-reqresp-iouring-loopback
1774	quiczigperf	reqresp	iouring	loopback	8	ok		requests_per_second	3	5237.000000	.run/fixed-full-matrix-20260601T015324Z/scout/blocks/r000b01774t8-quiczigperf-reqresp-iouring-loopback
1775	quiczigperf	reqresp	iouring	loopback	16	ok		requests_per_second	3	5120.000000	.run/fixed-full-matrix-20260601T015324Z/scout/blocks/r000b01775t16-quiczigperf-reqresp-iouring-loopback
1777	quiczigperf	stream_churn	syscall	loopback	1	ok		streams_per_second	3	3667.000000	.run/fixed-full-matrix-20260601T015324Z/scout/blocks/r000b01777t1-quiczigperf-stream_churn-syscall-loopback
1778	quiczigperf	stream_churn	syscall	loopback	2	ok		streams_per_second	3	4832.000000	.run/fixed-full-matrix-20260601T015324Z/scout/blocks/r000b01778t2-quiczigperf-stream_churn-syscall-loopback
1779	quiczigperf	stream_churn	syscall	loopback	4	ok		streams_per_second	3	5362.000000	.run/fixed-full-matrix-20260601T015324Z/scout/blocks/r000b01779t4-quiczigperf-stream_churn-syscall-loopback
1780	quiczigperf	stream_churn	syscall	loopback	8	ok		streams_per_second	3	5376.000000	.run/fixed-full-matrix-20260601T015324Z/scout/blocks/r000b01780t8-quiczigperf-stream_churn-syscall-loopback
1781	quiczigperf	stream_churn	syscall	loopback	16	ok		streams_per_second	3	5376.000000	.run/fixed-full-matrix-20260601T015324Z/scout/blocks/r000b01781t16-quiczigperf-stream_churn-syscall-loopback
1783	quiczigperf	stream_churn	iouring	loopback	1	ok		streams_per_second	3	3659.000000	.run/fixed-full-matrix-20260601T015324Z/scout/blocks/r000b01783t1-quiczigperf-stream_churn-iouring-loopback
1784	quiczigperf	stream_churn	iouring	loopback	2	ok		streams_per_second	3	4833.000000	.run/fixed-full-matrix-20260601T015324Z/scout/blocks/r000b01784t2-quiczigperf-stream_churn-iouring-loopback
1785	quiczigperf	stream_churn	iouring	loopback	4	ok		streams_per_second	3	5336.000000	.run/fixed-full-matrix-20260601T015324Z/scout/blocks/r000b01785t4-quiczigperf-stream_churn-iouring-loopback
1786	quiczigperf	stream_churn	iouring	loopback	8	ok		streams_per_second	3	5379.000000	.run/fixed-full-matrix-20260601T015324Z/scout/blocks/r000b01786t8-quiczigperf-stream_churn-iouring-loopback
1787	quiczigperf	stream_churn	iouring	loopback	16	ok		streams_per_second	3	5401.000000	.run/fixed-full-matrix-20260601T015324Z/scout/blocks/r000b01787t16-quiczigperf-stream_churn-iouring-loopback
1789	quiczigperf	multistream_download	syscall	loopback	1	ok		throughput_gbps	3	3.961520	.run/fixed-full-matrix-20260601T015324Z/scout/blocks/r000b01789t1-quiczigperf-multistream_download-syscall-loopback
1790	quiczigperf	multistream_download	syscall	loopback	2	ok		throughput_gbps	3	3.749292	.run/fixed-full-matrix-20260601T015324Z/scout/blocks/r000b01790t2-quiczigperf-multistream_download-syscall-loopback
1791	quiczigperf	multistream_download	syscall	loopback	4	ok		throughput_gbps	3	3.560964	.run/fixed-full-matrix-20260601T015324Z/scout/blocks/r000b01791t4-quiczigperf-multistream_download-syscall-loopback
1792	quiczigperf	multistream_download	syscall	loopback	8	ok		throughput_gbps	3	3.183477	.run/fixed-full-matrix-20260601T015324Z/scout/blocks/r000b01792t8-quiczigperf-multistream_download-syscall-loopback
1793	quiczigperf	multistream_download	syscall	loopback	16	ok		throughput_gbps	3	2.585788	.run/fixed-full-matrix-20260601T015324Z/scout/blocks/r000b01793t16-quiczigperf-multistream_download-syscall-loopback
1795	quiczigperf	multistream_download	iouring	loopback	1	ok		throughput_gbps	3	3.938451	.run/fixed-full-matrix-20260601T015324Z/scout/blocks/r000b01795t1-quiczigperf-multistream_download-iouring-loopback
1796	quiczigperf	multistream_download	iouring	loopback	2	ok		throughput_gbps	3	3.791651	.run/fixed-full-matrix-20260601T015324Z/scout/blocks/r000b01796t2-quiczigperf-multistream_download-iouring-loopback
1797	quiczigperf	multistream_download	iouring	loopback	4	ok		throughput_gbps	3	3.261071	.run/fixed-full-matrix-20260601T015324Z/scout/blocks/r000b01797t4-quiczigperf-multistream_download-iouring-loopback
1798	quiczigperf	multistream_download	iouring	loopback	8	ok		throughput_gbps	3	2.797601	.run/fixed-full-matrix-20260601T015324Z/scout/blocks/r000b01798t8-quiczigperf-multistream_download-iouring-loopback
1799	quiczigperf	multistream_download	iouring	loopback	16	ok		throughput_gbps	3	2.212495	.run/fixed-full-matrix-20260601T015324Z/scout/blocks/r000b01799t16-quiczigperf-multistream_download-iouring-loopback
1801	quiczigperf	multistream_upload	syscall	loopback	1	ok		throughput_gbps	3	4.026532	.run/fixed-full-matrix-20260601T015324Z/scout/blocks/r000b01801t1-quiczigperf-multistream_upload-syscall-loopback
1802	quiczigperf	multistream_upload	syscall	loopback	2	ok		throughput_gbps	3	7.707034	.run/fixed-full-matrix-20260601T015324Z/scout/blocks/r000b01802t2-quiczigperf-multistream_upload-syscall-loopback
1803	quiczigperf	multistream_upload	syscall	loopback	4	ok		throughput_gbps	3	10.005512	.run/fixed-full-matrix-20260601T015324Z/scout/blocks/r000b01803t4-quiczigperf-multistream_upload-syscall-loopback
1804	quiczigperf	multistream_upload	syscall	loopback	8	ok		throughput_gbps	3	9.588179	.run/fixed-full-matrix-20260601T015324Z/scout/blocks/r000b01804t8-quiczigperf-multistream_upload-syscall-loopback
1805	quiczigperf	multistream_upload	syscall	loopback	16	ok		throughput_gbps	3	9.034531	.run/fixed-full-matrix-20260601T015324Z/scout/blocks/r000b01805t16-quiczigperf-multistream_upload-syscall-loopback
1807	quiczigperf	multistream_upload	iouring	loopback	1	ok		throughput_gbps	3	3.961520	.run/fixed-full-matrix-20260601T015324Z/scout/blocks/r000b01807t1-quiczigperf-multistream_upload-iouring-loopback
1808	quiczigperf	multistream_upload	iouring	loopback	2	ok		throughput_gbps	3	7.755268	.run/fixed-full-matrix-20260601T015324Z/scout/blocks/r000b01808t2-quiczigperf-multistream_upload-iouring-loopback
1809	quiczigperf	multistream_upload	iouring	loopback	4	ok		throughput_gbps	3	9.489613	.run/fixed-full-matrix-20260601T015324Z/scout/blocks/r000b01809t4-quiczigperf-multistream_upload-iouring-loopback
1810	quiczigperf	multistream_upload	iouring	loopback	8	ok		throughput_gbps	3	9.116320	.run/fixed-full-matrix-20260601T015324Z/scout/blocks/r000b01810t8-quiczigperf-multistream_upload-iouring-loopback
1811	quiczigperf	multistream_upload	iouring	loopback	16	ok		throughput_gbps	3	8.589935	.run/fixed-full-matrix-20260601T015324Z/scout/blocks/r000b01811t16-quiczigperf-multistream_upload-iouring-loopback
1813	quiczigperf	bidi	syscall	loopback	1	ok		throughput_gbps	3	6.496977	.run/fixed-full-matrix-20260601T015324Z/scout/blocks/r000b01813t1-quiczigperf-bidi-syscall-loopback
1814	quiczigperf	bidi	syscall	loopback	2	ok		throughput_gbps	3	6.348079	.run/fixed-full-matrix-20260601T015324Z/scout/blocks/r000b01814t2-quiczigperf-bidi-syscall-loopback
1815	quiczigperf	bidi	syscall	loopback	4	ok		throughput_gbps	3	6.069158	.run/fixed-full-matrix-20260601T015324Z/scout/blocks/r000b01815t4-quiczigperf-bidi-syscall-loopback
1816	quiczigperf	bidi	syscall	loopback	8	ok		throughput_gbps	3	5.370806	.run/fixed-full-matrix-20260601T015324Z/scout/blocks/r000b01816t8-quiczigperf-bidi-syscall-loopback
1817	quiczigperf	bidi	syscall	loopback	16	ok		throughput_gbps	3	4.754244	.run/fixed-full-matrix-20260601T015324Z/scout/blocks/r000b01817t16-quiczigperf-bidi-syscall-loopback
1819	quiczigperf	bidi	iouring	loopback	1	ok		throughput_gbps	3	6.530621	.run/fixed-full-matrix-20260601T015324Z/scout/blocks/r000b01819t1-quiczigperf-bidi-iouring-loopback
1820	quiczigperf	bidi	iouring	loopback	2	ok		throughput_gbps	3	6.333399	.run/fixed-full-matrix-20260601T015324Z/scout/blocks/r000b01820t2-quiczigperf-bidi-iouring-loopback
1821	quiczigperf	bidi	iouring	loopback	4	ok		throughput_gbps	3	5.863637	.run/fixed-full-matrix-20260601T015324Z/scout/blocks/r000b01821t4-quiczigperf-bidi-iouring-loopback
1822	quiczigperf	bidi	iouring	loopback	8	ok		throughput_gbps	3	5.102371	.run/fixed-full-matrix-20260601T015324Z/scout/blocks/r000b01822t8-quiczigperf-bidi-iouring-loopback
1823	quiczigperf	bidi	iouring	loopback	16	ok		throughput_gbps	3	4.406116	.run/fixed-full-matrix-20260601T015324Z/scout/blocks/r000b01823t16-quiczigperf-bidi-iouring-loopback
1825	quiczigperf	small_payload_pps	syscall	loopback	1	ok		messages_per_second	3	3674.000000	.run/fixed-full-matrix-20260601T015324Z/scout/blocks/r000b01825t1-quiczigperf-small_payload_pps-syscall-loopback
1826	quiczigperf	small_payload_pps	syscall	loopback	2	ok		messages_per_second	3	4868.000000	.run/fixed-full-matrix-20260601T015324Z/scout/blocks/r000b01826t2-quiczigperf-small_payload_pps-syscall-loopback
1827	quiczigperf	small_payload_pps	syscall	loopback	4	ok		messages_per_second	3	5269.000000	.run/fixed-full-matrix-20260601T015324Z/scout/blocks/r000b01827t4-quiczigperf-small_payload_pps-syscall-loopback
1828	quiczigperf	small_payload_pps	syscall	loopback	8	ok		messages_per_second	3	5471.000000	.run/fixed-full-matrix-20260601T015324Z/scout/blocks/r000b01828t8-quiczigperf-small_payload_pps-syscall-loopback
1829	quiczigperf	small_payload_pps	syscall	loopback	16	ok		messages_per_second	3	5330.000000	.run/fixed-full-matrix-20260601T015324Z/scout/blocks/r000b01829t16-quiczigperf-small_payload_pps-syscall-loopback
1831	quiczigperf	small_payload_pps	iouring	loopback	1	ok		messages_per_second	3	3683.000000	.run/fixed-full-matrix-20260601T015324Z/scout/blocks/r000b01831t1-quiczigperf-small_payload_pps-iouring-loopback
1832	quiczigperf	small_payload_pps	iouring	loopback	2	ok		messages_per_second	3	4864.000000	.run/fixed-full-matrix-20260601T015324Z/scout/blocks/r000b01832t2-quiczigperf-small_payload_pps-iouring-loopback
1833	quiczigperf	small_payload_pps	iouring	loopback	4	ok		messages_per_second	3	5268.000000	.run/fixed-full-matrix-20260601T015324Z/scout/blocks/r000b01833t4-quiczigperf-small_payload_pps-iouring-loopback
1834	quiczigperf	small_payload_pps	iouring	loopback	8	ok		messages_per_second	3	5496.000000	.run/fixed-full-matrix-20260601T015324Z/scout/blocks/r000b01834t8-quiczigperf-small_payload_pps-iouring-loopback
1835	quiczigperf	small_payload_pps	iouring	loopback	16	ok		messages_per_second	3	5500.000000	.run/fixed-full-matrix-20260601T015324Z/scout/blocks/r000b01835t16-quiczigperf-small_payload_pps-iouring-loopback
1837	quiczigperf	loss_recovery	syscall	loopback	1	ok		throughput_gbps	3	8.349465	.run/fixed-full-matrix-20260601T015324Z/scout/blocks/r000b01837t1-quiczigperf-loss_recovery-syscall-loopback
1838	quiczigperf	loss_recovery	syscall	loopback	2	ok		throughput_gbps	3	4.138889	.run/fixed-full-matrix-20260601T015324Z/scout/blocks/r000b01838t2-quiczigperf-loss_recovery-syscall-loopback
1839	quiczigperf	loss_recovery	syscall	loopback	4	ok		throughput_gbps	3	3.442589	.run/fixed-full-matrix-20260601T015324Z/scout/blocks/r000b01839t4-quiczigperf-loss_recovery-syscall-loopback
1840	quiczigperf	loss_recovery	syscall	loopback	8	ok		throughput_gbps	3	3.374479	.run/fixed-full-matrix-20260601T015324Z/scout/blocks/r000b01840t8-quiczigperf-loss_recovery-syscall-loopback
1841	quiczigperf	loss_recovery	syscall	loopback	16	ok		throughput_gbps	3	2.953744	.run/fixed-full-matrix-20260601T015324Z/scout/blocks/r000b01841t16-quiczigperf-loss_recovery-syscall-loopback
1843	quiczigperf	loss_recovery	iouring	loopback	1	ok		throughput_gbps	3	8.601089	.run/fixed-full-matrix-20260601T015324Z/scout/blocks/r000b01843t1-quiczigperf-loss_recovery-iouring-loopback
1844	quiczigperf	loss_recovery	iouring	loopback	2	ok		throughput_gbps	3	2.920959	.run/fixed-full-matrix-20260601T015324Z/scout/blocks/r000b01844t2-quiczigperf-loss_recovery-iouring-loopback
1845	quiczigperf	loss_recovery	iouring	loopback	4	ok		throughput_gbps	3	2.539762	.run/fixed-full-matrix-20260601T015324Z/scout/blocks/r000b01845t4-quiczigperf-loss_recovery-iouring-loopback
1846	quiczigperf	loss_recovery	iouring	loopback	8	ok		throughput_gbps	3	2.432943	.run/fixed-full-matrix-20260601T015324Z/scout/blocks/r000b01846t8-quiczigperf-loss_recovery-iouring-loopback
1847	quiczigperf	loss_recovery	iouring	loopback	16	ok		throughput_gbps	3	2.109834	.run/fixed-full-matrix-20260601T015324Z/scout/blocks/r000b01847t16-quiczigperf-loss_recovery-iouring-loopback
1849	quiczigperf	flow_control	syscall	loopback	1	ok		throughput_gbps	3	2.509481	.run/fixed-full-matrix-20260601T015324Z/scout/blocks/r000b01849t1-quiczigperf-flow_control-syscall-loopback
1850	quiczigperf	flow_control	syscall	loopback	2	ok		throughput_gbps	3	8.199425	.run/fixed-full-matrix-20260601T015324Z/scout/blocks/r000b01850t2-quiczigperf-flow_control-syscall-loopback
1851	quiczigperf	flow_control	syscall	loopback	4	ok		throughput_gbps	3	6.306824	.run/fixed-full-matrix-20260601T015324Z/scout/blocks/r000b01851t4-quiczigperf-flow_control-syscall-loopback
1852	quiczigperf	flow_control	syscall	loopback	8	ok		throughput_gbps	3	4.838863	.run/fixed-full-matrix-20260601T015324Z/scout/blocks/r000b01852t8-quiczigperf-flow_control-syscall-loopback
1853	quiczigperf	flow_control	syscall	loopback	16	ok		throughput_gbps	3	3.719268	.run/fixed-full-matrix-20260601T015324Z/scout/blocks/r000b01853t16-quiczigperf-flow_control-syscall-loopback
1855	quiczigperf	flow_control	iouring	loopback	1	ok		throughput_gbps	3	2.943641	.run/fixed-full-matrix-20260601T015324Z/scout/blocks/r000b01855t1-quiczigperf-flow_control-iouring-loopback
1856	quiczigperf	flow_control	iouring	loopback	2	ok		throughput_gbps	3	8.509274	.run/fixed-full-matrix-20260601T015324Z/scout/blocks/r000b01856t2-quiczigperf-flow_control-iouring-loopback
1857	quiczigperf	flow_control	iouring	loopback	4	ok		throughput_gbps	3	6.070420	.run/fixed-full-matrix-20260601T015324Z/scout/blocks/r000b01857t4-quiczigperf-flow_control-iouring-loopback
1858	quiczigperf	flow_control	iouring	loopback	8	ok		throughput_gbps	3	5.085166	.run/fixed-full-matrix-20260601T015324Z/scout/blocks/r000b01858t8-quiczigperf-flow_control-iouring-loopback
1859	quiczigperf	flow_control	iouring	loopback	16	ok		throughput_gbps	3	3.612860	.run/fixed-full-matrix-20260601T015324Z/scout/blocks/r000b01859t16-quiczigperf-flow_control-iouring-loopback
1861	quiczigperf	resumed_connect	syscall	loopback	1	ok		connections_per_second	3	0.865674	.run/fixed-full-matrix-20260601T015324Z/scout/blocks/r000b01861t1-quiczigperf-resumed_connect-syscall-loopback
1862	quiczigperf	resumed_connect	syscall	loopback	2	ok		connections_per_second	3	1.727015	.run/fixed-full-matrix-20260601T015324Z/scout/blocks/r000b01862t2-quiczigperf-resumed_connect-syscall-loopback
1863	quiczigperf	resumed_connect	syscall	loopback	4	ok		connections_per_second	3	3.579406	.run/fixed-full-matrix-20260601T015324Z/scout/blocks/r000b01863t4-quiczigperf-resumed_connect-syscall-loopback
1864	quiczigperf	resumed_connect	syscall	loopback	8	ok		connections_per_second	3	7.420112	.run/fixed-full-matrix-20260601T015324Z/scout/blocks/r000b01864t8-quiczigperf-resumed_connect-syscall-loopback
1865	quiczigperf	resumed_connect	syscall	loopback	16	ok		connections_per_second	3	14.395293	.run/fixed-full-matrix-20260601T015324Z/scout/blocks/r000b01865t16-quiczigperf-resumed_connect-syscall-loopback
1867	quiczigperf	resumed_connect	iouring	loopback	1	ok		connections_per_second	3	0.992668	.run/fixed-full-matrix-20260601T015324Z/scout/blocks/r000b01867t1-quiczigperf-resumed_connect-iouring-loopback
1868	quiczigperf	resumed_connect	iouring	loopback	2	ok		connections_per_second	3	1.936434	.run/fixed-full-matrix-20260601T015324Z/scout/blocks/r000b01868t2-quiczigperf-resumed_connect-iouring-loopback
1869	quiczigperf	resumed_connect	iouring	loopback	4	ok		connections_per_second	3	3.596721	.run/fixed-full-matrix-20260601T015324Z/scout/blocks/r000b01869t4-quiczigperf-resumed_connect-iouring-loopback
1870	quiczigperf	resumed_connect	iouring	loopback	8	ok		connections_per_second	3	7.814165	.run/fixed-full-matrix-20260601T015324Z/scout/blocks/r000b01870t8-quiczigperf-resumed_connect-iouring-loopback
1871	quiczigperf	resumed_connect	iouring	loopback	16	ok		connections_per_second	3	15.393239	.run/fixed-full-matrix-20260601T015324Z/scout/blocks/r000b01871t16-quiczigperf-resumed_connect-iouring-loopback
1873	quiczigperf	zero_rtt_reqresp	syscall	loopback	1	ok		requests_per_second	3	3664.000000	.run/fixed-full-matrix-20260601T015324Z/scout/blocks/r000b01873t1-quiczigperf-zero_rtt_reqresp-syscall-loopback
1874	quiczigperf	zero_rtt_reqresp	syscall	loopback	2	ok		requests_per_second	3	4906.000000	.run/fixed-full-matrix-20260601T015324Z/scout/blocks/r000b01874t2-quiczigperf-zero_rtt_reqresp-syscall-loopback
1875	quiczigperf	zero_rtt_reqresp	syscall	loopback	4	ok		requests_per_second	3	5076.000000	.run/fixed-full-matrix-20260601T015324Z/scout/blocks/r000b01875t4-quiczigperf-zero_rtt_reqresp-syscall-loopback
1876	quiczigperf	zero_rtt_reqresp	syscall	loopback	8	ok		requests_per_second	3	5104.000000	.run/fixed-full-matrix-20260601T015324Z/scout/blocks/r000b01876t8-quiczigperf-zero_rtt_reqresp-syscall-loopback
1877	quiczigperf	zero_rtt_reqresp	syscall	loopback	16	ok		requests_per_second	3	4992.000000	.run/fixed-full-matrix-20260601T015324Z/scout/blocks/r000b01877t16-quiczigperf-zero_rtt_reqresp-syscall-loopback
1879	quiczigperf	zero_rtt_reqresp	iouring	loopback	1	ok		requests_per_second	3	3653.000000	.run/fixed-full-matrix-20260601T015324Z/scout/blocks/r000b01879t1-quiczigperf-zero_rtt_reqresp-iouring-loopback
1880	quiczigperf	zero_rtt_reqresp	iouring	loopback	2	ok		requests_per_second	3	4898.000000	.run/fixed-full-matrix-20260601T015324Z/scout/blocks/r000b01880t2-quiczigperf-zero_rtt_reqresp-iouring-loopback
1881	quiczigperf	zero_rtt_reqresp	iouring	loopback	4	ok		requests_per_second	3	5110.000000	.run/fixed-full-matrix-20260601T015324Z/scout/blocks/r000b01881t4-quiczigperf-zero_rtt_reqresp-iouring-loopback
1882	quiczigperf	zero_rtt_reqresp	iouring	loopback	8	ok		requests_per_second	3	5120.000000	.run/fixed-full-matrix-20260601T015324Z/scout/blocks/r000b01882t8-quiczigperf-zero_rtt_reqresp-iouring-loopback
1883	quiczigperf	zero_rtt_reqresp	iouring	loopback	16	ok		requests_per_second	3	4992.000000	.run/fixed-full-matrix-20260601T015324Z/scout/blocks/r000b01883t16-quiczigperf-zero_rtt_reqresp-iouring-loopback
1885	quiczigperf	datagram	syscall	loopback	1	ok		datagrams_per_second	3	2458511.000000	.run/fixed-full-matrix-20260601T015324Z/scout/blocks/r000b01885t1-quiczigperf-datagram-syscall-loopback
1886	quiczigperf	datagram	syscall	loopback	2	ok		datagrams_per_second	3	3590565.000000	.run/fixed-full-matrix-20260601T015324Z/scout/blocks/r000b01886t2-quiczigperf-datagram-syscall-loopback
1887	quiczigperf	datagram	syscall	loopback	4	ok		datagrams_per_second	3	3270929.000000	.run/fixed-full-matrix-20260601T015324Z/scout/blocks/r000b01887t4-quiczigperf-datagram-syscall-loopback
1888	quiczigperf	datagram	syscall	loopback	8	ok		datagrams_per_second	3	2702873.000000	.run/fixed-full-matrix-20260601T015324Z/scout/blocks/r000b01888t8-quiczigperf-datagram-syscall-loopback
1889	quiczigperf	datagram	syscall	loopback	16	ok		datagrams_per_second	3	2451082.000000	.run/fixed-full-matrix-20260601T015324Z/scout/blocks/r000b01889t16-quiczigperf-datagram-syscall-loopback
1891	quiczigperf	datagram	iouring	loopback	1	ok		datagrams_per_second	3	2443325.000000	.run/fixed-full-matrix-20260601T015324Z/scout/blocks/r000b01891t1-quiczigperf-datagram-iouring-loopback
1892	quiczigperf	datagram	iouring	loopback	2	ok		datagrams_per_second	3	3515499.000000	.run/fixed-full-matrix-20260601T015324Z/scout/blocks/r000b01892t2-quiczigperf-datagram-iouring-loopback
1893	quiczigperf	datagram	iouring	loopback	4	ok		datagrams_per_second	3	2653555.000000	.run/fixed-full-matrix-20260601T015324Z/scout/blocks/r000b01893t4-quiczigperf-datagram-iouring-loopback
1894	quiczigperf	datagram	iouring	loopback	8	ok		datagrams_per_second	3	2381872.000000	.run/fixed-full-matrix-20260601T015324Z/scout/blocks/r000b01894t8-quiczigperf-datagram-iouring-loopback
1895	quiczigperf	datagram	iouring	loopback	16	ok		datagrams_per_second	3	2110540.000000	.run/fixed-full-matrix-20260601T015324Z/scout/blocks/r000b01895t16-quiczigperf-datagram-iouring-loopback
1897	quiczigperf	idle_footprint	syscall	loopback	1	ok		server_rss_delta_bytes_per_connection	3	1527808.000000	.run/fixed-full-matrix-20260601T015324Z/scout/blocks/r000b01897t1-quiczigperf-idle_footprint-syscall-loopback
1898	quiczigperf	idle_footprint	syscall	loopback	2	ok		server_rss_delta_bytes_per_connection	3	974848.000000	.run/fixed-full-matrix-20260601T015324Z/scout/blocks/r000b01898t2-quiczigperf-idle_footprint-syscall-loopback
1899	quiczigperf	idle_footprint	syscall	loopback	4	ok		server_rss_delta_bytes_per_connection	3	669696.000000	.run/fixed-full-matrix-20260601T015324Z/scout/blocks/r000b01899t4-quiczigperf-idle_footprint-syscall-loopback
1900	quiczigperf	idle_footprint	syscall	loopback	8	ok		server_rss_delta_bytes_per_connection	3	537600.000000	.run/fixed-full-matrix-20260601T015324Z/scout/blocks/r000b01900t8-quiczigperf-idle_footprint-syscall-loopback
1901	quiczigperf	idle_footprint	syscall	loopback	16	ok		server_rss_delta_bytes_per_connection	3	461312.000000	.run/fixed-full-matrix-20260601T015324Z/scout/blocks/r000b01901t16-quiczigperf-idle_footprint-syscall-loopback
1903	quiczigperf	idle_footprint	iouring	loopback	1	ok		server_rss_delta_bytes_per_connection	3	1302528.000000	.run/fixed-full-matrix-20260601T015324Z/scout/blocks/r000b01903t1-quiczigperf-idle_footprint-iouring-loopback
1904	quiczigperf	idle_footprint	iouring	loopback	2	ok		server_rss_delta_bytes_per_connection	3	980992.000000	.run/fixed-full-matrix-20260601T015324Z/scout/blocks/r000b01904t2-quiczigperf-idle_footprint-iouring-loopback
1905	quiczigperf	idle_footprint	iouring	loopback	4	ok		server_rss_delta_bytes_per_connection	3	609280.000000	.run/fixed-full-matrix-20260601T015324Z/scout/blocks/r000b01905t4-quiczigperf-idle_footprint-iouring-loopback
1906	quiczigperf	idle_footprint	iouring	loopback	8	ok		server_rss_delta_bytes_per_connection	3	545280.000000	.run/fixed-full-matrix-20260601T015324Z/scout/blocks/r000b01906t8-quiczigperf-idle_footprint-iouring-loopback
1907	quiczigperf	idle_footprint	iouring	loopback	16	ok		server_rss_delta_bytes_per_connection	3	455424.000000	.run/fixed-full-matrix-20260601T015324Z/scout/blocks/r000b01907t16-quiczigperf-idle_footprint-iouring-loopback
1909	quiczigperf	close_reset_cleanup	syscall	loopback	1	ok		streams_per_second	3	3677.000000	.run/fixed-full-matrix-20260601T015324Z/scout/blocks/r000b01909t1-quiczigperf-close_reset_cleanup-syscall-loopback
1910	quiczigperf	close_reset_cleanup	syscall	loopback	2	ok		streams_per_second	3	4856.000000	.run/fixed-full-matrix-20260601T015324Z/scout/blocks/r000b01910t2-quiczigperf-close_reset_cleanup-syscall-loopback
1911	quiczigperf	close_reset_cleanup	syscall	loopback	4	ok		streams_per_second	3	5312.000000	.run/fixed-full-matrix-20260601T015324Z/scout/blocks/r000b01911t4-quiczigperf-close_reset_cleanup-syscall-loopback
1912	quiczigperf	close_reset_cleanup	syscall	loopback	8	ok		streams_per_second	3	5376.000000	.run/fixed-full-matrix-20260601T015324Z/scout/blocks/r000b01912t8-quiczigperf-close_reset_cleanup-syscall-loopback
1913	quiczigperf	close_reset_cleanup	syscall	loopback	16	ok		streams_per_second	3	5355.000000	.run/fixed-full-matrix-20260601T015324Z/scout/blocks/r000b01913t16-quiczigperf-close_reset_cleanup-syscall-loopback
1915	quiczigperf	close_reset_cleanup	iouring	loopback	1	ok		streams_per_second	3	3659.000000	.run/fixed-full-matrix-20260601T015324Z/scout/blocks/r000b01915t1-quiczigperf-close_reset_cleanup-iouring-loopback
1916	quiczigperf	close_reset_cleanup	iouring	loopback	2	ok		streams_per_second	3	4888.000000	.run/fixed-full-matrix-20260601T015324Z/scout/blocks/r000b01916t2-quiczigperf-close_reset_cleanup-iouring-loopback
1917	quiczigperf	close_reset_cleanup	iouring	loopback	4	ok		streams_per_second	3	5355.000000	.run/fixed-full-matrix-20260601T015324Z/scout/blocks/r000b01917t4-quiczigperf-close_reset_cleanup-iouring-loopback
1918	quiczigperf	close_reset_cleanup	iouring	loopback	8	ok		streams_per_second	3	5498.000000	.run/fixed-full-matrix-20260601T015324Z/scout/blocks/r000b01918t8-quiczigperf-close_reset_cleanup-iouring-loopback
1919	quiczigperf	close_reset_cleanup	iouring	loopback	16	ok		streams_per_second	3	5474.000000	.run/fixed-full-matrix-20260601T015324Z/scout/blocks/r000b01919t16-quiczigperf-close_reset_cleanup-iouring-loopback
1921	mvfstperf	download	syscall	loopback	1	ok		throughput_gbps	3	6.711069	.run/fixed-full-matrix-20260601T015324Z/scout/blocks/r000b01921t1-mvfstperf-download-syscall-loopback
1922	mvfstperf	download	syscall	loopback	2	ok		throughput_gbps	3	6.762315	.run/fixed-full-matrix-20260601T015324Z/scout/blocks/r000b01922t2-mvfstperf-download-syscall-loopback
1923	mvfstperf	download	syscall	loopback	4	ok		throughput_gbps	3	6.595543	.run/fixed-full-matrix-20260601T015324Z/scout/blocks/r000b01923t4-mvfstperf-download-syscall-loopback
1924	mvfstperf	download	syscall	loopback	8	ok		throughput_gbps	3	6.796870	.run/fixed-full-matrix-20260601T015324Z/scout/blocks/r000b01924t8-mvfstperf-download-syscall-loopback
1925	mvfstperf	download	syscall	loopback	16	ok		throughput_gbps	3	6.803435	.run/fixed-full-matrix-20260601T015324Z/scout/blocks/r000b01925t16-mvfstperf-download-syscall-loopback
1927	mvfstperf	download	iouring	loopback	1	ok		throughput_gbps	3	6.690097	.run/fixed-full-matrix-20260601T015324Z/scout/blocks/r000b01927t1-mvfstperf-download-iouring-loopback
1928	mvfstperf	download	iouring	loopback	2	ok		throughput_gbps	3	6.852492	.run/fixed-full-matrix-20260601T015324Z/scout/blocks/r000b01928t2-mvfstperf-download-iouring-loopback
1929	mvfstperf	download	iouring	loopback	4	ok		throughput_gbps	3	6.830424	.run/fixed-full-matrix-20260601T015324Z/scout/blocks/r000b01929t4-mvfstperf-download-iouring-loopback
1930	mvfstperf	download	iouring	loopback	8	ok		throughput_gbps	3	6.910390	.run/fixed-full-matrix-20260601T015324Z/scout/blocks/r000b01930t8-mvfstperf-download-iouring-loopback
1931	mvfstperf	download	iouring	loopback	16	ok		throughput_gbps	3	6.910481	.run/fixed-full-matrix-20260601T015324Z/scout/blocks/r000b01931t16-mvfstperf-download-iouring-loopback
1933	mvfstperf	upload	syscall	loopback	1	ok		throughput_gbps	3	4.206981	.run/fixed-full-matrix-20260601T015324Z/scout/blocks/r000b01933t1-mvfstperf-upload-syscall-loopback
1934	mvfstperf	upload	syscall	loopback	2	ok		throughput_gbps	3	5.099520	.run/fixed-full-matrix-20260601T015324Z/scout/blocks/r000b01934t2-mvfstperf-upload-syscall-loopback
1935	mvfstperf	upload	syscall	loopback	4	ok		throughput_gbps	3	7.558845	.run/fixed-full-matrix-20260601T015324Z/scout/blocks/r000b01935t4-mvfstperf-upload-syscall-loopback
1936	mvfstperf	upload	syscall	loopback	8	ok		throughput_gbps	3	10.218809	.run/fixed-full-matrix-20260601T015324Z/scout/blocks/r000b01936t8-mvfstperf-upload-syscall-loopback
1937	mvfstperf	upload	syscall	loopback	16	ok		throughput_gbps	3	8.589934	.run/fixed-full-matrix-20260601T015324Z/scout/blocks/r000b01937t16-mvfstperf-upload-syscall-loopback
1939	mvfstperf	upload	iouring	loopback	1	ok		throughput_gbps	3	3.023193	.run/fixed-full-matrix-20260601T015324Z/scout/blocks/r000b01939t1-mvfstperf-upload-iouring-loopback
1940	mvfstperf	upload	iouring	loopback	2	ok		throughput_gbps	3	4.731713	.run/fixed-full-matrix-20260601T015324Z/scout/blocks/r000b01940t2-mvfstperf-upload-iouring-loopback
1941	mvfstperf	upload	iouring	loopback	4	ok		throughput_gbps	3	6.576300	.run/fixed-full-matrix-20260601T015324Z/scout/blocks/r000b01941t4-mvfstperf-upload-iouring-loopback
1942	mvfstperf	upload	iouring	loopback	8	ok		throughput_gbps	3	9.758891	.run/fixed-full-matrix-20260601T015324Z/scout/blocks/r000b01942t8-mvfstperf-upload-iouring-loopback
1943	mvfstperf	upload	iouring	loopback	16	ok		throughput_gbps	3	8.589934	.run/fixed-full-matrix-20260601T015324Z/scout/blocks/r000b01943t16-mvfstperf-upload-iouring-loopback
1945	mvfstperf	connect	syscall	loopback	1	ok		connections_per_second	3	279.414604	.run/fixed-full-matrix-20260601T015324Z/scout/blocks/r000b01945t1-mvfstperf-connect-syscall-loopback
1946	mvfstperf	connect	syscall	loopback	2	ok		connections_per_second	3	417.319337	.run/fixed-full-matrix-20260601T015324Z/scout/blocks/r000b01946t2-mvfstperf-connect-syscall-loopback
1947	mvfstperf	connect	syscall	loopback	4	ok		connections_per_second	3	609.307198	.run/fixed-full-matrix-20260601T015324Z/scout/blocks/r000b01947t4-mvfstperf-connect-syscall-loopback
1948	mvfstperf	connect	syscall	loopback	8	ok		connections_per_second	3	777.870744	.run/fixed-full-matrix-20260601T015324Z/scout/blocks/r000b01948t8-mvfstperf-connect-syscall-loopback
1949	mvfstperf	connect	syscall	loopback	16	ok		connections_per_second	3	891.045764	.run/fixed-full-matrix-20260601T015324Z/scout/blocks/r000b01949t16-mvfstperf-connect-syscall-loopback
1951	mvfstperf	connect	iouring	loopback	1	ok		connections_per_second	3	291.268103	.run/fixed-full-matrix-20260601T015324Z/scout/blocks/r000b01951t1-mvfstperf-connect-iouring-loopback
1952	mvfstperf	connect	iouring	loopback	2	ok		connections_per_second	3	470.975765	.run/fixed-full-matrix-20260601T015324Z/scout/blocks/r000b01952t2-mvfstperf-connect-iouring-loopback
1953	mvfstperf	connect	iouring	loopback	4	ok		connections_per_second	3	656.575754	.run/fixed-full-matrix-20260601T015324Z/scout/blocks/r000b01953t4-mvfstperf-connect-iouring-loopback
1954	mvfstperf	connect	iouring	loopback	8	ok		connections_per_second	3	879.560563	.run/fixed-full-matrix-20260601T015324Z/scout/blocks/r000b01954t8-mvfstperf-connect-iouring-loopback
1955	mvfstperf	connect	iouring	loopback	16	ok		connections_per_second	3	1024.249425	.run/fixed-full-matrix-20260601T015324Z/scout/blocks/r000b01955t16-mvfstperf-connect-iouring-loopback
1957	mvfstperf	reqresp	syscall	loopback	1	ok		requests_per_second	3	2188.000000	.run/fixed-full-matrix-20260601T015324Z/scout/blocks/r000b01957t1-mvfstperf-reqresp-syscall-loopback
1958	mvfstperf	reqresp	syscall	loopback	2	ok		requests_per_second	3	3621.000000	.run/fixed-full-matrix-20260601T015324Z/scout/blocks/r000b01958t2-mvfstperf-reqresp-syscall-loopback
1959	mvfstperf	reqresp	syscall	loopback	4	ok		requests_per_second	3	5914.000000	.run/fixed-full-matrix-20260601T015324Z/scout/blocks/r000b01959t4-mvfstperf-reqresp-syscall-loopback
1960	mvfstperf	reqresp	syscall	loopback	8	ok		requests_per_second	3	9825.000000	.run/fixed-full-matrix-20260601T015324Z/scout/blocks/r000b01960t8-mvfstperf-reqresp-syscall-loopback
1961	mvfstperf	reqresp	syscall	loopback	16	ok		requests_per_second	3	14208.000000	.run/fixed-full-matrix-20260601T015324Z/scout/blocks/r000b01961t16-mvfstperf-reqresp-syscall-loopback
1963	mvfstperf	reqresp	iouring	loopback	1	ok		requests_per_second	3	2019.000000	.run/fixed-full-matrix-20260601T015324Z/scout/blocks/r000b01963t1-mvfstperf-reqresp-iouring-loopback
1964	mvfstperf	reqresp	iouring	loopback	2	ok		requests_per_second	3	3608.000000	.run/fixed-full-matrix-20260601T015324Z/scout/blocks/r000b01964t2-mvfstperf-reqresp-iouring-loopback
1965	mvfstperf	reqresp	iouring	loopback	4	ok		requests_per_second	3	6141.000000	.run/fixed-full-matrix-20260601T015324Z/scout/blocks/r000b01965t4-mvfstperf-reqresp-iouring-loopback
1966	mvfstperf	reqresp	iouring	loopback	8	ok		requests_per_second	3	10292.000000	.run/fixed-full-matrix-20260601T015324Z/scout/blocks/r000b01966t8-mvfstperf-reqresp-iouring-loopback
1967	mvfstperf	reqresp	iouring	loopback	16	ok		requests_per_second	3	14737.000000	.run/fixed-full-matrix-20260601T015324Z/scout/blocks/r000b01967t16-mvfstperf-reqresp-iouring-loopback
1969	mvfstperf	stream_churn	syscall	loopback	1	ok		streams_per_second	3	2033.000000	.run/fixed-full-matrix-20260601T015324Z/scout/blocks/r000b01969t1-mvfstperf-stream_churn-syscall-loopback
1970	mvfstperf	stream_churn	syscall	loopback	2	ok		streams_per_second	3	3447.000000	.run/fixed-full-matrix-20260601T015324Z/scout/blocks/r000b01970t2-mvfstperf-stream_churn-syscall-loopback
1971	mvfstperf	stream_churn	syscall	loopback	4	ok		streams_per_second	3	6128.000000	.run/fixed-full-matrix-20260601T015324Z/scout/blocks/r000b01971t4-mvfstperf-stream_churn-syscall-loopback
1972	mvfstperf	stream_churn	syscall	loopback	8	ok		streams_per_second	3	10543.000000	.run/fixed-full-matrix-20260601T015324Z/scout/blocks/r000b01972t8-mvfstperf-stream_churn-syscall-loopback
1973	mvfstperf	stream_churn	syscall	loopback	16	ok		streams_per_second	3	15210.000000	.run/fixed-full-matrix-20260601T015324Z/scout/blocks/r000b01973t16-mvfstperf-stream_churn-syscall-loopback
1975	mvfstperf	stream_churn	iouring	loopback	1	ok		streams_per_second	3	2182.000000	.run/fixed-full-matrix-20260601T015324Z/scout/blocks/r000b01975t1-mvfstperf-stream_churn-iouring-loopback
1976	mvfstperf	stream_churn	iouring	loopback	2	ok		streams_per_second	3	3618.000000	.run/fixed-full-matrix-20260601T015324Z/scout/blocks/r000b01976t2-mvfstperf-stream_churn-iouring-loopback
1977	mvfstperf	stream_churn	iouring	loopback	4	ok		streams_per_second	3	6235.000000	.run/fixed-full-matrix-20260601T015324Z/scout/blocks/r000b01977t4-mvfstperf-stream_churn-iouring-loopback
1978	mvfstperf	stream_churn	iouring	loopback	8	ok		streams_per_second	3	10017.000000	.run/fixed-full-matrix-20260601T015324Z/scout/blocks/r000b01978t8-mvfstperf-stream_churn-iouring-loopback
1979	mvfstperf	stream_churn	iouring	loopback	16	ok		streams_per_second	3	14336.000000	.run/fixed-full-matrix-20260601T015324Z/scout/blocks/r000b01979t16-mvfstperf-stream_churn-iouring-loopback
1981	mvfstperf	multistream_download	syscall	loopback	1	ok		throughput_gbps	3	0.998244	.run/fixed-full-matrix-20260601T015324Z/scout/blocks/r000b01981t1-mvfstperf-multistream_download-syscall-loopback
1982	mvfstperf	multistream_download	syscall	loopback	2	ok		throughput_gbps	3	3.204448	.run/fixed-full-matrix-20260601T015324Z/scout/blocks/r000b01982t2-mvfstperf-multistream_download-syscall-loopback
1983	mvfstperf	multistream_download	syscall	loopback	4	ok		throughput_gbps	3	6.296578	.run/fixed-full-matrix-20260601T015324Z/scout/blocks/r000b01983t4-mvfstperf-multistream_download-syscall-loopback
1984	mvfstperf	multistream_download	syscall	loopback	8	ok		throughput_gbps	3	6.420000	.run/fixed-full-matrix-20260601T015324Z/scout/blocks/r000b01984t8-mvfstperf-multistream_download-syscall-loopback
1985	mvfstperf	multistream_download	syscall	loopback	16	ok		throughput_gbps	3	6.196654	.run/fixed-full-matrix-20260601T015324Z/scout/blocks/r000b01985t16-mvfstperf-multistream_download-syscall-loopback
1987	mvfstperf	multistream_download	iouring	loopback	1	ok		throughput_gbps	3	0.696254	.run/fixed-full-matrix-20260601T015324Z/scout/blocks/r000b01987t1-mvfstperf-multistream_download-iouring-loopback
1988	mvfstperf	multistream_download	iouring	loopback	2	ok		throughput_gbps	3	2.902458	.run/fixed-full-matrix-20260601T015324Z/scout/blocks/r000b01988t2-mvfstperf-multistream_download-iouring-loopback
1989	mvfstperf	multistream_download	iouring	loopback	4	ok		throughput_gbps	3	6.019511	.run/fixed-full-matrix-20260601T015324Z/scout/blocks/r000b01989t4-mvfstperf-multistream_download-iouring-loopback
1990	mvfstperf	multistream_download	iouring	loopback	8	ok		throughput_gbps	3	5.850171	.run/fixed-full-matrix-20260601T015324Z/scout/blocks/r000b01990t8-mvfstperf-multistream_download-iouring-loopback
1991	mvfstperf	multistream_download	iouring	loopback	16	ok		throughput_gbps	3	6.203277	.run/fixed-full-matrix-20260601T015324Z/scout/blocks/r000b01991t16-mvfstperf-multistream_download-iouring-loopback
1993	mvfstperf	multistream_upload	syscall	loopback	1	ok		throughput_gbps	3	3.959423	.run/fixed-full-matrix-20260601T015324Z/scout/blocks/r000b01993t1-mvfstperf-multistream_upload-syscall-loopback
1994	mvfstperf	multistream_upload	syscall	loopback	2	ok		throughput_gbps	3	4.529848	.run/fixed-full-matrix-20260601T015324Z/scout/blocks/r000b01994t2-mvfstperf-multistream_upload-syscall-loopback
1995	mvfstperf	multistream_upload	syscall	loopback	4	ok		throughput_gbps	3	5.972689	.run/fixed-full-matrix-20260601T015324Z/scout/blocks/r000b01995t4-mvfstperf-multistream_upload-syscall-loopback
1996	mvfstperf	multistream_upload	syscall	loopback	8	ok		throughput_gbps	3	6.803161	.run/fixed-full-matrix-20260601T015324Z/scout/blocks/r000b01996t8-mvfstperf-multistream_upload-syscall-loopback
1997	mvfstperf	multistream_upload	syscall	loopback	16	ok		throughput_gbps	3	7.449084	.run/fixed-full-matrix-20260601T015324Z/scout/blocks/r000b01997t16-mvfstperf-multistream_upload-syscall-loopback
1999	mvfstperf	multistream_upload	iouring	loopback	1	ok		throughput_gbps	3	2.852127	.run/fixed-full-matrix-20260601T015324Z/scout/blocks/r000b01999t1-mvfstperf-multistream_upload-iouring-loopback
2000	mvfstperf	multistream_upload	iouring	loopback	2	ok		throughput_gbps	3	3.858760	.run/fixed-full-matrix-20260601T015324Z/scout/blocks/r000b02000t2-mvfstperf-multistream_upload-iouring-loopback
2001	mvfstperf	multistream_upload	iouring	loopback	4	ok		throughput_gbps	3	5.016388	.run/fixed-full-matrix-20260601T015324Z/scout/blocks/r000b02001t4-mvfstperf-multistream_upload-iouring-loopback
2002	mvfstperf	multistream_upload	iouring	loopback	8	ok		throughput_gbps	3	5.863637	.run/fixed-full-matrix-20260601T015324Z/scout/blocks/r000b02002t8-mvfstperf-multistream_upload-iouring-loopback
2003	mvfstperf	multistream_upload	iouring	loopback	16	ok		throughput_gbps	3	7.029654	.run/fixed-full-matrix-20260601T015324Z/scout/blocks/r000b02003t16-mvfstperf-multistream_upload-iouring-loopback
2005	mvfstperf	bidi	syscall	loopback	1	ok		throughput_gbps	3	0.402653	.run/fixed-full-matrix-20260601T015324Z/scout/blocks/r000b02005t1-mvfstperf-bidi-syscall-loopback
2006	mvfstperf	bidi	syscall	loopback	2	ok		throughput_gbps	3	6.039798	.run/fixed-full-matrix-20260601T015324Z/scout/blocks/r000b02006t2-mvfstperf-bidi-syscall-loopback
2007	mvfstperf	bidi	syscall	loopback	4	ok		throughput_gbps	3	7.302283	.run/fixed-full-matrix-20260601T015324Z/scout/blocks/r000b02007t4-mvfstperf-bidi-syscall-loopback
2008	mvfstperf	bidi	syscall	loopback	8	ok		throughput_gbps	3	7.269003	.run/fixed-full-matrix-20260601T015324Z/scout/blocks/r000b02008t8-mvfstperf-bidi-syscall-loopback
2009	mvfstperf	bidi	syscall	loopback	16	ok		throughput_gbps	3	6.853675	.run/fixed-full-matrix-20260601T015324Z/scout/blocks/r000b02009t16-mvfstperf-bidi-syscall-loopback
2011	mvfstperf	bidi	iouring	loopback	1	ok		throughput_gbps	3	0.402653	.run/fixed-full-matrix-20260601T015324Z/scout/blocks/r000b02011t1-mvfstperf-bidi-iouring-loopback
2012	mvfstperf	bidi	iouring	loopback	2	ok		throughput_gbps	3	6.375342	.run/fixed-full-matrix-20260601T015324Z/scout/blocks/r000b02012t2-mvfstperf-bidi-iouring-loopback
2013	mvfstperf	bidi	iouring	loopback	4	ok		throughput_gbps	3	7.329911	.run/fixed-full-matrix-20260601T015324Z/scout/blocks/r000b02013t4-mvfstperf-bidi-iouring-loopback
2014	mvfstperf	bidi	iouring	loopback	8	ok		throughput_gbps	3	7.189037	.run/fixed-full-matrix-20260601T015324Z/scout/blocks/r000b02014t8-mvfstperf-bidi-iouring-loopback
2015	mvfstperf	bidi	iouring	loopback	16	ok		throughput_gbps	3	6.595543	.run/fixed-full-matrix-20260601T015324Z/scout/blocks/r000b02015t16-mvfstperf-bidi-iouring-loopback
2017	mvfstperf	small_payload_pps	syscall	loopback	1	ok		messages_per_second	3	2161.000000	.run/fixed-full-matrix-20260601T015324Z/scout/blocks/r000b02017t1-mvfstperf-small_payload_pps-syscall-loopback
2018	mvfstperf	small_payload_pps	syscall	loopback	2	ok		messages_per_second	3	3631.000000	.run/fixed-full-matrix-20260601T015324Z/scout/blocks/r000b02018t2-mvfstperf-small_payload_pps-syscall-loopback
2019	mvfstperf	small_payload_pps	syscall	loopback	4	ok		messages_per_second	3	6113.000000	.run/fixed-full-matrix-20260601T015324Z/scout/blocks/r000b02019t4-mvfstperf-small_payload_pps-syscall-loopback
2020	mvfstperf	small_payload_pps	syscall	loopback	8	ok		messages_per_second	3	10387.000000	.run/fixed-full-matrix-20260601T015324Z/scout/blocks/r000b02020t8-mvfstperf-small_payload_pps-syscall-loopback
2021	mvfstperf	small_payload_pps	syscall	loopback	16	ok		messages_per_second	3	15402.000000	.run/fixed-full-matrix-20260601T015324Z/scout/blocks/r000b02021t16-mvfstperf-small_payload_pps-syscall-loopback
2023	mvfstperf	small_payload_pps	iouring	loopback	1	ok		messages_per_second	3	2025.000000	.run/fixed-full-matrix-20260601T015324Z/scout/blocks/r000b02023t1-mvfstperf-small_payload_pps-iouring-loopback
2024	mvfstperf	small_payload_pps	iouring	loopback	2	ok		messages_per_second	3	3433.000000	.run/fixed-full-matrix-20260601T015324Z/scout/blocks/r000b02024t2-mvfstperf-small_payload_pps-iouring-loopback
2025	mvfstperf	small_payload_pps	iouring	loopback	4	ok		messages_per_second	3	6148.000000	.run/fixed-full-matrix-20260601T015324Z/scout/blocks/r000b02025t4-mvfstperf-small_payload_pps-iouring-loopback
2026	mvfstperf	small_payload_pps	iouring	loopback	8	ok		messages_per_second	3	10465.000000	.run/fixed-full-matrix-20260601T015324Z/scout/blocks/r000b02026t8-mvfstperf-small_payload_pps-iouring-loopback
2027	mvfstperf	small_payload_pps	iouring	loopback	16	ok		messages_per_second	3	13941.000000	.run/fixed-full-matrix-20260601T015324Z/scout/blocks/r000b02027t16-mvfstperf-small_payload_pps-iouring-loopback
2029	mvfstperf	loss_recovery	syscall	loopback	1	ok		throughput_gbps	3	6.007802	.run/fixed-full-matrix-20260601T015324Z/scout/blocks/r000b02029t1-mvfstperf-loss_recovery-syscall-loopback
2030	mvfstperf	loss_recovery	syscall	loopback	2	ok		throughput_gbps	3	5.933458	.run/fixed-full-matrix-20260601T015324Z/scout/blocks/r000b02030t2-mvfstperf-loss_recovery-syscall-loopback
2031	mvfstperf	loss_recovery	syscall	loopback	4	ok		throughput_gbps	3	6.471295	.run/fixed-full-matrix-20260601T015324Z/scout/blocks/r000b02031t4-mvfstperf-loss_recovery-syscall-loopback
2032	mvfstperf	loss_recovery	syscall	loopback	8	ok		throughput_gbps	3	6.553668	.run/fixed-full-matrix-20260601T015324Z/scout/blocks/r000b02032t8-mvfstperf-loss_recovery-syscall-loopback
2033	mvfstperf	loss_recovery	syscall	loopback	16	ok		throughput_gbps	3	6.800068	.run/fixed-full-matrix-20260601T015324Z/scout/blocks/r000b02033t16-mvfstperf-loss_recovery-syscall-loopback
2035	mvfstperf	loss_recovery	iouring	loopback	1	ok		throughput_gbps	3	5.975161	.run/fixed-full-matrix-20260601T015324Z/scout/blocks/r000b02035t1-mvfstperf-loss_recovery-iouring-loopback
2036	mvfstperf	loss_recovery	iouring	loopback	2	ok		throughput_gbps	3	5.970554	.run/fixed-full-matrix-20260601T015324Z/scout/blocks/r000b02036t2-mvfstperf-loss_recovery-iouring-loopback
2037	mvfstperf	loss_recovery	iouring	loopback	4	ok		throughput_gbps	3	6.592256	.run/fixed-full-matrix-20260601T015324Z/scout/blocks/r000b02037t4-mvfstperf-loss_recovery-iouring-loopback
2038	mvfstperf	loss_recovery	iouring	loopback	8	ok		throughput_gbps	3	6.647524	.run/fixed-full-matrix-20260601T015324Z/scout/blocks/r000b02038t8-mvfstperf-loss_recovery-iouring-loopback
2039	mvfstperf	loss_recovery	iouring	loopback	16	ok		throughput_gbps	3	6.980594	.run/fixed-full-matrix-20260601T015324Z/scout/blocks/r000b02039t16-mvfstperf-loss_recovery-iouring-loopback
2041	mvfstperf	flow_control	syscall	loopback	1	ok		throughput_gbps	3	2.882892	.run/fixed-full-matrix-20260601T015324Z/scout/blocks/r000b02041t1-mvfstperf-flow_control-syscall-loopback
2042	mvfstperf	flow_control	syscall	loopback	2	ok		throughput_gbps	3	6.038082	.run/fixed-full-matrix-20260601T015324Z/scout/blocks/r000b02042t2-mvfstperf-flow_control-syscall-loopback
2043	mvfstperf	flow_control	syscall	loopback	4	ok		throughput_gbps	3	5.940023	.run/fixed-full-matrix-20260601T015324Z/scout/blocks/r000b02043t4-mvfstperf-flow_control-syscall-loopback
2044	mvfstperf	flow_control	syscall	loopback	8	ok		throughput_gbps	3	6.128784	.run/fixed-full-matrix-20260601T015324Z/scout/blocks/r000b02044t8-mvfstperf-flow_control-syscall-loopback
2045	mvfstperf	flow_control	syscall	loopback	16	ok		throughput_gbps	3	6.044485	.run/fixed-full-matrix-20260601T015324Z/scout/blocks/r000b02045t16-mvfstperf-flow_control-syscall-loopback
2047	mvfstperf	flow_control	iouring	loopback	1	ok		throughput_gbps	3	2.151625	.run/fixed-full-matrix-20260601T015324Z/scout/blocks/r000b02047t1-mvfstperf-flow_control-iouring-loopback
2048	mvfstperf	flow_control	iouring	loopback	2	ok		throughput_gbps	3	5.893702	.run/fixed-full-matrix-20260601T015324Z/scout/blocks/r000b02048t2-mvfstperf-flow_control-iouring-loopback
2049	mvfstperf	flow_control	iouring	loopback	4	ok		throughput_gbps	3	6.052923	.run/fixed-full-matrix-20260601T015324Z/scout/blocks/r000b02049t4-mvfstperf-flow_control-iouring-loopback
2050	mvfstperf	flow_control	iouring	loopback	8	ok		throughput_gbps	3	6.108139	.run/fixed-full-matrix-20260601T015324Z/scout/blocks/r000b02050t8-mvfstperf-flow_control-iouring-loopback
2051	mvfstperf	flow_control	iouring	loopback	16	ok		throughput_gbps	3	6.061812	.run/fixed-full-matrix-20260601T015324Z/scout/blocks/r000b02051t16-mvfstperf-flow_control-iouring-loopback
2053	mvfstperf	resumed_connect	syscall	loopback	1	ok		connections_per_second	3	344.357597	.run/fixed-full-matrix-20260601T015324Z/scout/blocks/r000b02053t1-mvfstperf-resumed_connect-syscall-loopback
2054	mvfstperf	resumed_connect	syscall	loopback	2	ok		connections_per_second	3	265.172543	.run/fixed-full-matrix-20260601T015324Z/scout/blocks/r000b02054t2-mvfstperf-resumed_connect-syscall-loopback
2055	mvfstperf	resumed_connect	syscall	loopback	4	ok		connections_per_second	3	395.956453	.run/fixed-full-matrix-20260601T015324Z/scout/blocks/r000b02055t4-mvfstperf-resumed_connect-syscall-loopback
2056	mvfstperf	resumed_connect	syscall	loopback	8	ok		connections_per_second	3	292.227451	.run/fixed-full-matrix-20260601T015324Z/scout/blocks/r000b02056t8-mvfstperf-resumed_connect-syscall-loopback
2057	mvfstperf	resumed_connect	syscall	loopback	16	ok		connections_per_second	3	278.304169	.run/fixed-full-matrix-20260601T015324Z/scout/blocks/r000b02057t16-mvfstperf-resumed_connect-syscall-loopback
2059	mvfstperf	resumed_connect	iouring	loopback	1	ok		connections_per_second	3	298.958042	.run/fixed-full-matrix-20260601T015324Z/scout/blocks/r000b02059t1-mvfstperf-resumed_connect-iouring-loopback
2060	mvfstperf	resumed_connect	iouring	loopback	2	ok		connections_per_second	3	502.073816	.run/fixed-full-matrix-20260601T015324Z/scout/blocks/r000b02060t2-mvfstperf-resumed_connect-iouring-loopback
2061	mvfstperf	resumed_connect	iouring	loopback	4	ok		connections_per_second	3	456.242990	.run/fixed-full-matrix-20260601T015324Z/scout/blocks/r000b02061t4-mvfstperf-resumed_connect-iouring-loopback
2062	mvfstperf	resumed_connect	iouring	loopback	8	ok		connections_per_second	3	423.153142	.run/fixed-full-matrix-20260601T015324Z/scout/blocks/r000b02062t8-mvfstperf-resumed_connect-iouring-loopback
2063	mvfstperf	resumed_connect	iouring	loopback	16	ok		connections_per_second	3	400.132014	.run/fixed-full-matrix-20260601T015324Z/scout/blocks/r000b02063t16-mvfstperf-resumed_connect-iouring-loopback
2065	mvfstperf	zero_rtt_reqresp	syscall	loopback	1	ok		requests_per_second	3	2141.000000	.run/fixed-full-matrix-20260601T015324Z/scout/blocks/r000b02065t1-mvfstperf-zero_rtt_reqresp-syscall-loopback
2066	mvfstperf	zero_rtt_reqresp	syscall	loopback	2	ok		requests_per_second	3	3535.000000	.run/fixed-full-matrix-20260601T015324Z/scout/blocks/r000b02066t2-mvfstperf-zero_rtt_reqresp-syscall-loopback
2067	mvfstperf	zero_rtt_reqresp	syscall	loopback	4	ok		requests_per_second	3	6090.000000	.run/fixed-full-matrix-20260601T015324Z/scout/blocks/r000b02067t4-mvfstperf-zero_rtt_reqresp-syscall-loopback
2068	mvfstperf	zero_rtt_reqresp	syscall	loopback	8	ok		requests_per_second	3	10554.000000	.run/fixed-full-matrix-20260601T015324Z/scout/blocks/r000b02068t8-mvfstperf-zero_rtt_reqresp-syscall-loopback
2069	mvfstperf	zero_rtt_reqresp	syscall	loopback	16	ok		requests_per_second	3	14949.000000	.run/fixed-full-matrix-20260601T015324Z/scout/blocks/r000b02069t16-mvfstperf-zero_rtt_reqresp-syscall-loopback
2071	mvfstperf	zero_rtt_reqresp	iouring	loopback	1	ok		requests_per_second	3	2018.000000	.run/fixed-full-matrix-20260601T015324Z/scout/blocks/r000b02071t1-mvfstperf-zero_rtt_reqresp-iouring-loopback
2072	mvfstperf	zero_rtt_reqresp	iouring	loopback	2	ok		requests_per_second	3	3349.000000	.run/fixed-full-matrix-20260601T015324Z/scout/blocks/r000b02072t2-mvfstperf-zero_rtt_reqresp-iouring-loopback
2073	mvfstperf	zero_rtt_reqresp	iouring	loopback	4	ok		requests_per_second	3	5928.000000	.run/fixed-full-matrix-20260601T015324Z/scout/blocks/r000b02073t4-mvfstperf-zero_rtt_reqresp-iouring-loopback
2074	mvfstperf	zero_rtt_reqresp	iouring	loopback	8	ok		requests_per_second	3	10234.000000	.run/fixed-full-matrix-20260601T015324Z/scout/blocks/r000b02074t8-mvfstperf-zero_rtt_reqresp-iouring-loopback
2075	mvfstperf	zero_rtt_reqresp	iouring	loopback	16	ok		requests_per_second	3	13568.000000	.run/fixed-full-matrix-20260601T015324Z/scout/blocks/r000b02075t16-mvfstperf-zero_rtt_reqresp-iouring-loopback
2077	mvfstperf	datagram	syscall	loopback	1	ok		datagrams_per_second	3	17231.000000	.run/fixed-full-matrix-20260601T015324Z/scout/blocks/r000b02077t1-mvfstperf-datagram-syscall-loopback
2078	mvfstperf	datagram	syscall	loopback	2	ok		datagrams_per_second	3	14910.000000	.run/fixed-full-matrix-20260601T015324Z/scout/blocks/r000b02078t2-mvfstperf-datagram-syscall-loopback
2079	mvfstperf	datagram	syscall	loopback	4	ok		datagrams_per_second	3	33971.000000	.run/fixed-full-matrix-20260601T015324Z/scout/blocks/r000b02079t4-mvfstperf-datagram-syscall-loopback
2080	mvfstperf	datagram	syscall	loopback	8	ok		datagrams_per_second	3	52464.000000	.run/fixed-full-matrix-20260601T015324Z/scout/blocks/r000b02080t8-mvfstperf-datagram-syscall-loopback
2081	mvfstperf	datagram	syscall	loopback	16	ok		datagrams_per_second	3	83950.000000	.run/fixed-full-matrix-20260601T015324Z/scout/blocks/r000b02081t16-mvfstperf-datagram-syscall-loopback
2083	mvfstperf	datagram	iouring	loopback	1	ok		datagrams_per_second	3	427684.000000	.run/fixed-full-matrix-20260601T015324Z/scout/blocks/r000b02083t1-mvfstperf-datagram-iouring-loopback
2084	mvfstperf	datagram	iouring	loopback	2	ok		datagrams_per_second	3	21030.000000	.run/fixed-full-matrix-20260601T015324Z/scout/blocks/r000b02084t2-mvfstperf-datagram-iouring-loopback
2085	mvfstperf	datagram	iouring	loopback	4	ok		datagrams_per_second	3	37728.000000	.run/fixed-full-matrix-20260601T015324Z/scout/blocks/r000b02085t4-mvfstperf-datagram-iouring-loopback
2086	mvfstperf	datagram	iouring	loopback	8	ok		datagrams_per_second	3	73016.000000	.run/fixed-full-matrix-20260601T015324Z/scout/blocks/r000b02086t8-mvfstperf-datagram-iouring-loopback
2087	mvfstperf	datagram	iouring	loopback	16	ok		datagrams_per_second	3	92465.000000	.run/fixed-full-matrix-20260601T015324Z/scout/blocks/r000b02087t16-mvfstperf-datagram-iouring-loopback
2089	mvfstperf	idle_footprint	syscall	loopback	1	ok		server_rss_delta_bytes_per_connection	3	3731456.000000	.run/fixed-full-matrix-20260601T015324Z/scout/blocks/r000b02089t1-mvfstperf-idle_footprint-syscall-loopback
2090	mvfstperf	idle_footprint	syscall	loopback	2	ok		server_rss_delta_bytes_per_connection	3	1935360.000000	.run/fixed-full-matrix-20260601T015324Z/scout/blocks/r000b02090t2-mvfstperf-idle_footprint-syscall-loopback
2091	mvfstperf	idle_footprint	syscall	loopback	4	ok		server_rss_delta_bytes_per_connection	3	958464.000000	.run/fixed-full-matrix-20260601T015324Z/scout/blocks/r000b02091t4-mvfstperf-idle_footprint-syscall-loopback
2092	mvfstperf	idle_footprint	syscall	loopback	8	ok		server_rss_delta_bytes_per_connection	3	525312.000000	.run/fixed-full-matrix-20260601T015324Z/scout/blocks/r000b02092t8-mvfstperf-idle_footprint-syscall-loopback
2093	mvfstperf	idle_footprint	syscall	loopback	16	ok		server_rss_delta_bytes_per_connection	3	292864.000000	.run/fixed-full-matrix-20260601T015324Z/scout/blocks/r000b02093t16-mvfstperf-idle_footprint-syscall-loopback
2095	mvfstperf	idle_footprint	iouring	loopback	1	ok		server_rss_delta_bytes_per_connection	3	3108864.000000	.run/fixed-full-matrix-20260601T015324Z/scout/blocks/r000b02095t1-mvfstperf-idle_footprint-iouring-loopback
2096	mvfstperf	idle_footprint	iouring	loopback	2	ok		server_rss_delta_bytes_per_connection	3	1634304.000000	.run/fixed-full-matrix-20260601T015324Z/scout/blocks/r000b02096t2-mvfstperf-idle_footprint-iouring-loopback
2097	mvfstperf	idle_footprint	iouring	loopback	4	ok		server_rss_delta_bytes_per_connection	3	841728.000000	.run/fixed-full-matrix-20260601T015324Z/scout/blocks/r000b02097t4-mvfstperf-idle_footprint-iouring-loopback
2098	mvfstperf	idle_footprint	iouring	loopback	8	ok		server_rss_delta_bytes_per_connection	3	433664.000000	.run/fixed-full-matrix-20260601T015324Z/scout/blocks/r000b02098t8-mvfstperf-idle_footprint-iouring-loopback
2099	mvfstperf	idle_footprint	iouring	loopback	16	ok		server_rss_delta_bytes_per_connection	3	249088.000000	.run/fixed-full-matrix-20260601T015324Z/scout/blocks/r000b02099t16-mvfstperf-idle_footprint-iouring-loopback
2101	mvfstperf	close_reset_cleanup	syscall	loopback	1	ok		streams_per_second	3	2049.000000	.run/fixed-full-matrix-20260601T015324Z/scout/blocks/r000b02101t1-mvfstperf-close_reset_cleanup-syscall-loopback
2102	mvfstperf	close_reset_cleanup	syscall	loopback	2	ok		streams_per_second	3	3477.000000	.run/fixed-full-matrix-20260601T015324Z/scout/blocks/r000b02102t2-mvfstperf-close_reset_cleanup-syscall-loopback
2103	mvfstperf	close_reset_cleanup	syscall	loopback	4	ok		streams_per_second	3	5934.000000	.run/fixed-full-matrix-20260601T015324Z/scout/blocks/r000b02103t4-mvfstperf-close_reset_cleanup-syscall-loopback
2104	mvfstperf	close_reset_cleanup	syscall	loopback	8	ok		streams_per_second	3	10679.000000	.run/fixed-full-matrix-20260601T015324Z/scout/blocks/r000b02104t8-mvfstperf-close_reset_cleanup-syscall-loopback
2105	mvfstperf	close_reset_cleanup	syscall	loopback	16	ok		streams_per_second	3	15232.000000	.run/fixed-full-matrix-20260601T015324Z/scout/blocks/r000b02105t16-mvfstperf-close_reset_cleanup-syscall-loopback
2107	mvfstperf	close_reset_cleanup	iouring	loopback	1	ok		streams_per_second	3	2025.000000	.run/fixed-full-matrix-20260601T015324Z/scout/blocks/r000b02107t1-mvfstperf-close_reset_cleanup-iouring-loopback
2108	mvfstperf	close_reset_cleanup	iouring	loopback	2	ok		streams_per_second	3	3615.000000	.run/fixed-full-matrix-20260601T015324Z/scout/blocks/r000b02108t2-mvfstperf-close_reset_cleanup-iouring-loopback
2109	mvfstperf	close_reset_cleanup	iouring	loopback	4	ok		streams_per_second	3	5928.000000	.run/fixed-full-matrix-20260601T015324Z/scout/blocks/r000b02109t4-mvfstperf-close_reset_cleanup-iouring-loopback
2110	mvfstperf	close_reset_cleanup	iouring	loopback	8	ok		streams_per_second	3	10661.000000	.run/fixed-full-matrix-20260601T015324Z/scout/blocks/r000b02110t8-mvfstperf-close_reset_cleanup-iouring-loopback
2111	mvfstperf	close_reset_cleanup	iouring	loopback	16	ok		streams_per_second	3	14080.000000	.run/fixed-full-matrix-20260601T015324Z/scout/blocks/r000b02111t16-mvfstperf-close_reset_cleanup-iouring-loopback
2113	ngtcp2perf	download	syscall	loopback	1	ok		throughput_gbps	3	16.140570	.run/fixed-full-matrix-20260601T015324Z/scout/blocks/r000b02113t1-ngtcp2perf-download-syscall-loopback
2114	ngtcp2perf	download	syscall	loopback	2	ok		throughput_gbps	3	15.450069	.run/fixed-full-matrix-20260601T015324Z/scout/blocks/r000b02114t2-ngtcp2perf-download-syscall-loopback
2115	ngtcp2perf	download	syscall	loopback	4	ok		throughput_gbps	3	14.675482	.run/fixed-full-matrix-20260601T015324Z/scout/blocks/r000b02115t4-ngtcp2perf-download-syscall-loopback
2116	ngtcp2perf	download	syscall	loopback	8	ok		throughput_gbps	3	15.890748	.run/fixed-full-matrix-20260601T015324Z/scout/blocks/r000b02116t8-ngtcp2perf-download-syscall-loopback
2117	ngtcp2perf	download	syscall	loopback	16	ok		throughput_gbps	3	15.409437	.run/fixed-full-matrix-20260601T015324Z/scout/blocks/r000b02117t16-ngtcp2perf-download-syscall-loopback
2119	ngtcp2perf	download	iouring	loopback	1	ok		throughput_gbps	3	16.552228	.run/fixed-full-matrix-20260601T015324Z/scout/blocks/r000b02119t1-ngtcp2perf-download-iouring-loopback
2120	ngtcp2perf	download	iouring	loopback	2	ok		throughput_gbps	3	16.396986	.run/fixed-full-matrix-20260601T015324Z/scout/blocks/r000b02120t2-ngtcp2perf-download-iouring-loopback
2121	ngtcp2perf	download	iouring	loopback	4	ok		throughput_gbps	3	16.826655	.run/fixed-full-matrix-20260601T015324Z/scout/blocks/r000b02121t4-ngtcp2perf-download-iouring-loopback
2122	ngtcp2perf	download	iouring	loopback	8	ok		throughput_gbps	3	16.892656	.run/fixed-full-matrix-20260601T015324Z/scout/blocks/r000b02122t8-ngtcp2perf-download-iouring-loopback
2123	ngtcp2perf	download	iouring	loopback	16	ok		throughput_gbps	3	14.190128	.run/fixed-full-matrix-20260601T015324Z/scout/blocks/r000b02123t16-ngtcp2perf-download-iouring-loopback
2125	ngtcp2perf	upload	syscall	loopback	1	ok		throughput_gbps	3	17.487114	.run/fixed-full-matrix-20260601T015324Z/scout/blocks/r000b02125t1-ngtcp2perf-upload-syscall-loopback
2126	ngtcp2perf	upload	syscall	loopback	2	ok		throughput_gbps	3	27.588449	.run/fixed-full-matrix-20260601T015324Z/scout/blocks/r000b02126t2-ngtcp2perf-upload-syscall-loopback
2127	ngtcp2perf	upload	syscall	loopback	4	ok		throughput_gbps	3	27.040413	.run/fixed-full-matrix-20260601T015324Z/scout/blocks/r000b02127t4-ngtcp2perf-upload-syscall-loopback
2128	ngtcp2perf	upload	syscall	loopback	8	ok		throughput_gbps	3	25.206230	.run/fixed-full-matrix-20260601T015324Z/scout/blocks/r000b02128t8-ngtcp2perf-upload-syscall-loopback
2129	ngtcp2perf	upload	syscall	loopback	16	ok		throughput_gbps	3	23.569610	.run/fixed-full-matrix-20260601T015324Z/scout/blocks/r000b02129t16-ngtcp2perf-upload-syscall-loopback
2131	ngtcp2perf	upload	iouring	loopback	1	ok		throughput_gbps	3	16.810228	.run/fixed-full-matrix-20260601T015324Z/scout/blocks/r000b02131t1-ngtcp2perf-upload-iouring-loopback
2132	ngtcp2perf	upload	iouring	loopback	2	ok		throughput_gbps	3	20.581539	.run/fixed-full-matrix-20260601T015324Z/scout/blocks/r000b02132t2-ngtcp2perf-upload-iouring-loopback
2133	ngtcp2perf	upload	iouring	loopback	4	ok		throughput_gbps	3	19.565289	.run/fixed-full-matrix-20260601T015324Z/scout/blocks/r000b02133t4-ngtcp2perf-upload-iouring-loopback
2134	ngtcp2perf	upload	iouring	loopback	8	ok		throughput_gbps	3	18.837475	.run/fixed-full-matrix-20260601T015324Z/scout/blocks/r000b02134t8-ngtcp2perf-upload-iouring-loopback
2135	ngtcp2perf	upload	iouring	loopback	16	ok		throughput_gbps	3	17.778467	.run/fixed-full-matrix-20260601T015324Z/scout/blocks/r000b02135t16-ngtcp2perf-upload-iouring-loopback
2137	ngtcp2perf	connect	syscall	loopback	1	ok		connections_per_second	3	9.896097	.run/fixed-full-matrix-20260601T015324Z/scout/blocks/r000b02137t1-ngtcp2perf-connect-syscall-loopback
2138	ngtcp2perf	connect	syscall	loopback	2	ok		connections_per_second	3	19.708983	.run/fixed-full-matrix-20260601T015324Z/scout/blocks/r000b02138t2-ngtcp2perf-connect-syscall-loopback
2139	ngtcp2perf	connect	syscall	loopback	4	ok		connections_per_second	3	39.184486	.run/fixed-full-matrix-20260601T015324Z/scout/blocks/r000b02139t4-ngtcp2perf-connect-syscall-loopback
2140	ngtcp2perf	connect	syscall	loopback	8	ok		connections_per_second	3	77.811495	.run/fixed-full-matrix-20260601T015324Z/scout/blocks/r000b02140t8-ngtcp2perf-connect-syscall-loopback
2141	ngtcp2perf	connect	syscall	loopback	16	ok		connections_per_second	3	151.208142	.run/fixed-full-matrix-20260601T015324Z/scout/blocks/r000b02141t16-ngtcp2perf-connect-syscall-loopback
2143	ngtcp2perf	connect	iouring	loopback	1	ok		connections_per_second	3	9.860172	.run/fixed-full-matrix-20260601T015324Z/scout/blocks/r000b02143t1-ngtcp2perf-connect-iouring-loopback
2144	ngtcp2perf	connect	iouring	loopback	2	ok		connections_per_second	3	19.683525	.run/fixed-full-matrix-20260601T015324Z/scout/blocks/r000b02144t2-ngtcp2perf-connect-iouring-loopback
2145	ngtcp2perf	connect	iouring	loopback	4	ok		connections_per_second	3	39.473564	.run/fixed-full-matrix-20260601T015324Z/scout/blocks/r000b02145t4-ngtcp2perf-connect-iouring-loopback
2146	ngtcp2perf	connect	iouring	loopback	8	ok		connections_per_second	3	78.613726	.run/fixed-full-matrix-20260601T015324Z/scout/blocks/r000b02146t8-ngtcp2perf-connect-iouring-loopback
2147	ngtcp2perf	connect	iouring	loopback	16	ok		connections_per_second	3	155.559149	.run/fixed-full-matrix-20260601T015324Z/scout/blocks/r000b02147t16-ngtcp2perf-connect-iouring-loopback
2149	ngtcp2perf	reqresp	syscall	loopback	1	ok		requests_per_second	3	21743.000000	.run/fixed-full-matrix-20260601T015324Z/scout/blocks/r000b02149t1-ngtcp2perf-reqresp-syscall-loopback
2150	ngtcp2perf	reqresp	syscall	loopback	2	ok		requests_per_second	3	25995.000000	.run/fixed-full-matrix-20260601T015324Z/scout/blocks/r000b02150t2-ngtcp2perf-reqresp-syscall-loopback
2151	ngtcp2perf	reqresp	syscall	loopback	4	ok		requests_per_second	3	34964.000000	.run/fixed-full-matrix-20260601T015324Z/scout/blocks/r000b02151t4-ngtcp2perf-reqresp-syscall-loopback
2152	ngtcp2perf	reqresp	syscall	loopback	8	ok		requests_per_second	3	48974.000000	.run/fixed-full-matrix-20260601T015324Z/scout/blocks/r000b02152t8-ngtcp2perf-reqresp-syscall-loopback
2153	ngtcp2perf	reqresp	syscall	loopback	16	ok		requests_per_second	3	69248.000000	.run/fixed-full-matrix-20260601T015324Z/scout/blocks/r000b02153t16-ngtcp2perf-reqresp-syscall-loopback
2155	ngtcp2perf	reqresp	iouring	loopback	1	ok		requests_per_second	3	16971.000000	.run/fixed-full-matrix-20260601T015324Z/scout/blocks/r000b02155t1-ngtcp2perf-reqresp-iouring-loopback
2156	ngtcp2perf	reqresp	iouring	loopback	2	ok		requests_per_second	3	16769.000000	.run/fixed-full-matrix-20260601T015324Z/scout/blocks/r000b02156t2-ngtcp2perf-reqresp-iouring-loopback
2157	ngtcp2perf	reqresp	iouring	loopback	4	ok		requests_per_second	3	23185.000000	.run/fixed-full-matrix-20260601T015324Z/scout/blocks/r000b02157t4-ngtcp2perf-reqresp-iouring-loopback
2158	ngtcp2perf	reqresp	iouring	loopback	8	ok		requests_per_second	3	37617.000000	.run/fixed-full-matrix-20260601T015324Z/scout/blocks/r000b02158t8-ngtcp2perf-reqresp-iouring-loopback
2159	ngtcp2perf	reqresp	iouring	loopback	16	ok		requests_per_second	3	61290.000000	.run/fixed-full-matrix-20260601T015324Z/scout/blocks/r000b02159t16-ngtcp2perf-reqresp-iouring-loopback
2161	ngtcp2perf	stream_churn	syscall	loopback	1	ok		streams_per_second	3	23231.000000	.run/fixed-full-matrix-20260601T015324Z/scout/blocks/r000b02161t1-ngtcp2perf-stream_churn-syscall-loopback
2162	ngtcp2perf	stream_churn	syscall	loopback	2	ok		streams_per_second	3	25906.000000	.run/fixed-full-matrix-20260601T015324Z/scout/blocks/r000b02162t2-ngtcp2perf-stream_churn-syscall-loopback
2163	ngtcp2perf	stream_churn	syscall	loopback	4	ok		streams_per_second	3	36162.000000	.run/fixed-full-matrix-20260601T015324Z/scout/blocks/r000b02163t4-ngtcp2perf-stream_churn-syscall-loopback
2164	ngtcp2perf	stream_churn	syscall	loopback	8	ok		streams_per_second	3	51016.000000	.run/fixed-full-matrix-20260601T015324Z/scout/blocks/r000b02164t8-ngtcp2perf-stream_churn-syscall-loopback
2165	ngtcp2perf	stream_churn	syscall	loopback	16	ok		streams_per_second	3	72440.000000	.run/fixed-full-matrix-20260601T015324Z/scout/blocks/r000b02165t16-ngtcp2perf-stream_churn-syscall-loopback
2167	ngtcp2perf	stream_churn	iouring	loopback	1	ok		streams_per_second	3	15984.000000	.run/fixed-full-matrix-20260601T015324Z/scout/blocks/r000b02167t1-ngtcp2perf-stream_churn-iouring-loopback
2168	ngtcp2perf	stream_churn	iouring	loopback	2	ok		streams_per_second	3	17882.000000	.run/fixed-full-matrix-20260601T015324Z/scout/blocks/r000b02168t2-ngtcp2perf-stream_churn-iouring-loopback
2169	ngtcp2perf	stream_churn	iouring	loopback	4	ok		streams_per_second	3	25165.000000	.run/fixed-full-matrix-20260601T015324Z/scout/blocks/r000b02169t4-ngtcp2perf-stream_churn-iouring-loopback
2170	ngtcp2perf	stream_churn	iouring	loopback	8	ok		streams_per_second	3	35643.000000	.run/fixed-full-matrix-20260601T015324Z/scout/blocks/r000b02170t8-ngtcp2perf-stream_churn-iouring-loopback
2171	ngtcp2perf	stream_churn	iouring	loopback	16	ok		streams_per_second	3	60884.000000	.run/fixed-full-matrix-20260601T015324Z/scout/blocks/r000b02171t16-ngtcp2perf-stream_churn-iouring-loopback
2173	ngtcp2perf	multistream_download	syscall	loopback	1	ok		throughput_gbps	3	15.324165	.run/fixed-full-matrix-20260601T015324Z/scout/blocks/r000b02173t1-ngtcp2perf-multistream_download-syscall-loopback
2174	ngtcp2perf	multistream_download	syscall	loopback	2	ok		throughput_gbps	3	15.553817	.run/fixed-full-matrix-20260601T015324Z/scout/blocks/r000b02174t2-ngtcp2perf-multistream_download-syscall-loopback
2175	ngtcp2perf	multistream_download	syscall	loopback	4	ok		throughput_gbps	3	15.522026	.run/fixed-full-matrix-20260601T015324Z/scout/blocks/r000b02175t4-ngtcp2perf-multistream_download-syscall-loopback
2176	ngtcp2perf	multistream_download	syscall	loopback	8	ok		throughput_gbps	3	15.565610	.run/fixed-full-matrix-20260601T015324Z/scout/blocks/r000b02176t8-ngtcp2perf-multistream_download-syscall-loopback
2177	ngtcp2perf	multistream_download	syscall	loopback	16	ok		throughput_gbps	3	15.014481	.run/fixed-full-matrix-20260601T015324Z/scout/blocks/r000b02177t16-ngtcp2perf-multistream_download-syscall-loopback
2179	ngtcp2perf	multistream_download	iouring	loopback	1	ok		throughput_gbps	3	15.431720	.run/fixed-full-matrix-20260601T015324Z/scout/blocks/r000b02179t1-ngtcp2perf-multistream_download-iouring-loopback
2180	ngtcp2perf	multistream_download	iouring	loopback	2	ok		throughput_gbps	3	15.170448	.run/fixed-full-matrix-20260601T015324Z/scout/blocks/r000b02180t2-ngtcp2perf-multistream_download-iouring-loopback
2181	ngtcp2perf	multistream_download	iouring	loopback	4	ok		throughput_gbps	3	15.880458	.run/fixed-full-matrix-20260601T015324Z/scout/blocks/r000b02181t4-ngtcp2perf-multistream_download-iouring-loopback
2182	ngtcp2perf	multistream_download	iouring	loopback	8	ok		throughput_gbps	3	15.545512	.run/fixed-full-matrix-20260601T015324Z/scout/blocks/r000b02182t8-ngtcp2perf-multistream_download-iouring-loopback
2183	ngtcp2perf	multistream_download	iouring	loopback	16	ok		throughput_gbps	3	13.789953	.run/fixed-full-matrix-20260601T015324Z/scout/blocks/r000b02183t16-ngtcp2perf-multistream_download-iouring-loopback
2185	ngtcp2perf	multistream_upload	syscall	loopback	1	ok		throughput_gbps	3	11.708289	.run/fixed-full-matrix-20260601T015324Z/scout/blocks/r000b02185t1-ngtcp2perf-multistream_upload-syscall-loopback
2186	ngtcp2perf	multistream_upload	syscall	loopback	2	ok		throughput_gbps	3	21.716304	.run/fixed-full-matrix-20260601T015324Z/scout/blocks/r000b02186t2-ngtcp2perf-multistream_upload-syscall-loopback
2187	ngtcp2perf	multistream_upload	syscall	loopback	4	ok		throughput_gbps	3	24.108866	.run/fixed-full-matrix-20260601T015324Z/scout/blocks/r000b02187t4-ngtcp2perf-multistream_upload-syscall-loopback
2188	ngtcp2perf	multistream_upload	syscall	loopback	8	ok		throughput_gbps	3	23.702390	.run/fixed-full-matrix-20260601T015324Z/scout/blocks/r000b02188t8-ngtcp2perf-multistream_upload-syscall-loopback
2189	ngtcp2perf	multistream_upload	syscall	loopback	16	ok		throughput_gbps	3	22.423546	.run/fixed-full-matrix-20260601T015324Z/scout/blocks/r000b02189t16-ngtcp2perf-multistream_upload-syscall-loopback
2191	ngtcp2perf	multistream_upload	iouring	loopback	1	ok		throughput_gbps	3	11.032161	.run/fixed-full-matrix-20260601T015324Z/scout/blocks/r000b02191t1-ngtcp2perf-multistream_upload-iouring-loopback
2192	ngtcp2perf	multistream_upload	iouring	loopback	2	ok		throughput_gbps	3	19.877274	.run/fixed-full-matrix-20260601T015324Z/scout/blocks/r000b02192t2-ngtcp2perf-multistream_upload-iouring-loopback
2193	ngtcp2perf	multistream_upload	iouring	loopback	4	ok		throughput_gbps	3	18.569381	.run/fixed-full-matrix-20260601T015324Z/scout/blocks/r000b02193t4-ngtcp2perf-multistream_upload-iouring-loopback
2194	ngtcp2perf	multistream_upload	iouring	loopback	8	ok		throughput_gbps	3	17.353052	.run/fixed-full-matrix-20260601T015324Z/scout/blocks/r000b02194t8-ngtcp2perf-multistream_upload-iouring-loopback
2195	ngtcp2perf	multistream_upload	iouring	loopback	16	ok		throughput_gbps	3	17.385198	.run/fixed-full-matrix-20260601T015324Z/scout/blocks/r000b02195t16-ngtcp2perf-multistream_upload-iouring-loopback
2197	ngtcp2perf	bidi	syscall	loopback	1	ok		throughput_gbps	3	13.412436	.run/fixed-full-matrix-20260601T015324Z/scout/blocks/r000b02197t1-ngtcp2perf-bidi-syscall-loopback
2198	ngtcp2perf	bidi	syscall	loopback	2	ok		throughput_gbps	3	18.605933	.run/fixed-full-matrix-20260601T015324Z/scout/blocks/r000b02198t2-ngtcp2perf-bidi-syscall-loopback
2199	ngtcp2perf	bidi	syscall	loopback	4	ok		throughput_gbps	3	19.241458	.run/fixed-full-matrix-20260601T015324Z/scout/blocks/r000b02199t4-ngtcp2perf-bidi-syscall-loopback
2200	ngtcp2perf	bidi	syscall	loopback	8	ok		throughput_gbps	3	19.291177	.run/fixed-full-matrix-20260601T015324Z/scout/blocks/r000b02200t8-ngtcp2perf-bidi-syscall-loopback
2201	ngtcp2perf	bidi	syscall	loopback	16	ok		throughput_gbps	3	18.632115	.run/fixed-full-matrix-20260601T015324Z/scout/blocks/r000b02201t16-ngtcp2perf-bidi-syscall-loopback
2203	ngtcp2perf	bidi	iouring	loopback	1	ok		throughput_gbps	3	12.552776	.run/fixed-full-matrix-20260601T015324Z/scout/blocks/r000b02203t1-ngtcp2perf-bidi-iouring-loopback
2204	ngtcp2perf	bidi	iouring	loopback	2	ok		throughput_gbps	3	16.971337	.run/fixed-full-matrix-20260601T015324Z/scout/blocks/r000b02204t2-ngtcp2perf-bidi-iouring-loopback
2205	ngtcp2perf	bidi	iouring	loopback	4	ok		throughput_gbps	3	17.660043	.run/fixed-full-matrix-20260601T015324Z/scout/blocks/r000b02205t4-ngtcp2perf-bidi-iouring-loopback
2206	ngtcp2perf	bidi	iouring	loopback	8	ok		throughput_gbps	3	17.448464	.run/fixed-full-matrix-20260601T015324Z/scout/blocks/r000b02206t8-ngtcp2perf-bidi-iouring-loopback
2207	ngtcp2perf	bidi	iouring	loopback	16	ok		throughput_gbps	3	16.191042	.run/fixed-full-matrix-20260601T015324Z/scout/blocks/r000b02207t16-ngtcp2perf-bidi-iouring-loopback
2209	ngtcp2perf	small_payload_pps	syscall	loopback	1	ok		messages_per_second	3	23186.000000	.run/fixed-full-matrix-20260601T015324Z/scout/blocks/r000b02209t1-ngtcp2perf-small_payload_pps-syscall-loopback
2210	ngtcp2perf	small_payload_pps	syscall	loopback	2	ok		messages_per_second	3	26083.000000	.run/fixed-full-matrix-20260601T015324Z/scout/blocks/r000b02210t2-ngtcp2perf-small_payload_pps-syscall-loopback
2211	ngtcp2perf	small_payload_pps	syscall	loopback	4	ok		messages_per_second	3	35265.000000	.run/fixed-full-matrix-20260601T015324Z/scout/blocks/r000b02211t4-ngtcp2perf-small_payload_pps-syscall-loopback
2212	ngtcp2perf	small_payload_pps	syscall	loopback	8	ok		messages_per_second	3	51232.000000	.run/fixed-full-matrix-20260601T015324Z/scout/blocks/r000b02212t8-ngtcp2perf-small_payload_pps-syscall-loopback
2213	ngtcp2perf	small_payload_pps	syscall	loopback	16	ok		messages_per_second	3	72056.000000	.run/fixed-full-matrix-20260601T015324Z/scout/blocks/r000b02213t16-ngtcp2perf-small_payload_pps-syscall-loopback
2215	ngtcp2perf	small_payload_pps	iouring	loopback	1	ok		messages_per_second	3	16774.000000	.run/fixed-full-matrix-20260601T015324Z/scout/blocks/r000b02215t1-ngtcp2perf-small_payload_pps-iouring-loopback
2216	ngtcp2perf	small_payload_pps	iouring	loopback	2	ok		messages_per_second	3	19139.000000	.run/fixed-full-matrix-20260601T015324Z/scout/blocks/r000b02216t2-ngtcp2perf-small_payload_pps-iouring-loopback
2217	ngtcp2perf	small_payload_pps	iouring	loopback	4	ok		messages_per_second	3	25109.000000	.run/fixed-full-matrix-20260601T015324Z/scout/blocks/r000b02217t4-ngtcp2perf-small_payload_pps-iouring-loopback
2218	ngtcp2perf	small_payload_pps	iouring	loopback	8	ok		messages_per_second	3	36038.000000	.run/fixed-full-matrix-20260601T015324Z/scout/blocks/r000b02218t8-ngtcp2perf-small_payload_pps-iouring-loopback
2219	ngtcp2perf	small_payload_pps	iouring	loopback	16	ok		messages_per_second	3	61503.000000	.run/fixed-full-matrix-20260601T015324Z/scout/blocks/r000b02219t16-ngtcp2perf-small_payload_pps-iouring-loopback
2221	ngtcp2perf	loss_recovery	syscall	loopback	1	ok		throughput_gbps	3	13.430087	.run/fixed-full-matrix-20260601T015324Z/scout/blocks/r000b02221t1-ngtcp2perf-loss_recovery-syscall-loopback
2222	ngtcp2perf	loss_recovery	syscall	loopback	2	ok		throughput_gbps	3	15.704836	.run/fixed-full-matrix-20260601T015324Z/scout/blocks/r000b02222t2-ngtcp2perf-loss_recovery-syscall-loopback
2223	ngtcp2perf	loss_recovery	syscall	loopback	4	ok		throughput_gbps	3	15.408949	.run/fixed-full-matrix-20260601T015324Z/scout/blocks/r000b02223t4-ngtcp2perf-loss_recovery-syscall-loopback
2224	ngtcp2perf	loss_recovery	syscall	loopback	8	ok		throughput_gbps	3	15.125238	.run/fixed-full-matrix-20260601T015324Z/scout/blocks/r000b02224t8-ngtcp2perf-loss_recovery-syscall-loopback
2225	ngtcp2perf	loss_recovery	syscall	loopback	16	ok		throughput_gbps	3	14.905771	.run/fixed-full-matrix-20260601T015324Z/scout/blocks/r000b02225t16-ngtcp2perf-loss_recovery-syscall-loopback
2227	ngtcp2perf	loss_recovery	iouring	loopback	1	ok		throughput_gbps	3	14.425240	.run/fixed-full-matrix-20260601T015324Z/scout/blocks/r000b02227t1-ngtcp2perf-loss_recovery-iouring-loopback
2228	ngtcp2perf	loss_recovery	iouring	loopback	2	ok		throughput_gbps	3	14.671115	.run/fixed-full-matrix-20260601T015324Z/scout/blocks/r000b02228t2-ngtcp2perf-loss_recovery-iouring-loopback
2229	ngtcp2perf	loss_recovery	iouring	loopback	4	ok		throughput_gbps	3	14.710525	.run/fixed-full-matrix-20260601T015324Z/scout/blocks/r000b02229t4-ngtcp2perf-loss_recovery-iouring-loopback
2230	ngtcp2perf	loss_recovery	iouring	loopback	8	ok		throughput_gbps	3	15.571799	.run/fixed-full-matrix-20260601T015324Z/scout/blocks/r000b02230t8-ngtcp2perf-loss_recovery-iouring-loopback
2231	ngtcp2perf	loss_recovery	iouring	loopback	16	ok		throughput_gbps	3	15.253647	.run/fixed-full-matrix-20260601T015324Z/scout/blocks/r000b02231t16-ngtcp2perf-loss_recovery-iouring-loopback
2233	ngtcp2perf	flow_control	syscall	loopback	1	ok		throughput_gbps	3	12.220388	.run/fixed-full-matrix-20260601T015324Z/scout/blocks/r000b02233t1-ngtcp2perf-flow_control-syscall-loopback
2234	ngtcp2perf	flow_control	syscall	loopback	2	ok		throughput_gbps	3	13.797430	.run/fixed-full-matrix-20260601T015324Z/scout/blocks/r000b02234t2-ngtcp2perf-flow_control-syscall-loopback
2235	ngtcp2perf	flow_control	syscall	loopback	4	ok		throughput_gbps	3	14.512692	.run/fixed-full-matrix-20260601T015324Z/scout/blocks/r000b02235t4-ngtcp2perf-flow_control-syscall-loopback
2236	ngtcp2perf	flow_control	syscall	loopback	8	ok		throughput_gbps	3	13.857410	.run/fixed-full-matrix-20260601T015324Z/scout/blocks/r000b02236t8-ngtcp2perf-flow_control-syscall-loopback
2237	ngtcp2perf	flow_control	syscall	loopback	16	ok		throughput_gbps	3	14.672451	.run/fixed-full-matrix-20260601T015324Z/scout/blocks/r000b02237t16-ngtcp2perf-flow_control-syscall-loopback
2239	ngtcp2perf	flow_control	iouring	loopback	1	ok		throughput_gbps	3	11.652527	.run/fixed-full-matrix-20260601T015324Z/scout/blocks/r000b02239t1-ngtcp2perf-flow_control-iouring-loopback
2240	ngtcp2perf	flow_control	iouring	loopback	2	ok		throughput_gbps	3	13.057976	.run/fixed-full-matrix-20260601T015324Z/scout/blocks/r000b02240t2-ngtcp2perf-flow_control-iouring-loopback
2241	ngtcp2perf	flow_control	iouring	loopback	4	ok		throughput_gbps	3	13.903486	.run/fixed-full-matrix-20260601T015324Z/scout/blocks/r000b02241t4-ngtcp2perf-flow_control-iouring-loopback
2242	ngtcp2perf	flow_control	iouring	loopback	8	ok		throughput_gbps	3	14.432995	.run/fixed-full-matrix-20260601T015324Z/scout/blocks/r000b02242t8-ngtcp2perf-flow_control-iouring-loopback
2243	ngtcp2perf	flow_control	iouring	loopback	16	ok		throughput_gbps	3	14.503687	.run/fixed-full-matrix-20260601T015324Z/scout/blocks/r000b02243t16-ngtcp2perf-flow_control-iouring-loopback
2245	ngtcp2perf	resumed_connect	syscall	loopback	1	ok		connections_per_second	3	9.668127	.run/fixed-full-matrix-20260601T015324Z/scout/blocks/r000b02245t1-ngtcp2perf-resumed_connect-syscall-loopback
2246	ngtcp2perf	resumed_connect	syscall	loopback	2	ok		connections_per_second	3	19.129229	.run/fixed-full-matrix-20260601T015324Z/scout/blocks/r000b02246t2-ngtcp2perf-resumed_connect-syscall-loopback
2247	ngtcp2perf	resumed_connect	syscall	loopback	4	ok		connections_per_second	3	35.784018	.run/fixed-full-matrix-20260601T015324Z/scout/blocks/r000b02247t4-ngtcp2perf-resumed_connect-syscall-loopback
2248	ngtcp2perf	resumed_connect	syscall	loopback	8	ok		connections_per_second	3	63.136261	.run/fixed-full-matrix-20260601T015324Z/scout/blocks/r000b02248t8-ngtcp2perf-resumed_connect-syscall-loopback
2249	ngtcp2perf	resumed_connect	syscall	loopback	16	ok		connections_per_second	3	102.858854	.run/fixed-full-matrix-20260601T015324Z/scout/blocks/r000b02249t16-ngtcp2perf-resumed_connect-syscall-loopback
2251	ngtcp2perf	resumed_connect	iouring	loopback	1	ok		connections_per_second	3	9.613499	.run/fixed-full-matrix-20260601T015324Z/scout/blocks/r000b02251t1-ngtcp2perf-resumed_connect-iouring-loopback
2252	ngtcp2perf	resumed_connect	iouring	loopback	2	ok		connections_per_second	3	19.033925	.run/fixed-full-matrix-20260601T015324Z/scout/blocks/r000b02252t2-ngtcp2perf-resumed_connect-iouring-loopback
2253	ngtcp2perf	resumed_connect	iouring	loopback	4	ok		connections_per_second	3	35.477995	.run/fixed-full-matrix-20260601T015324Z/scout/blocks/r000b02253t4-ngtcp2perf-resumed_connect-iouring-loopback
2254	ngtcp2perf	resumed_connect	iouring	loopback	8	ok		connections_per_second	3	63.033873	.run/fixed-full-matrix-20260601T015324Z/scout/blocks/r000b02254t8-ngtcp2perf-resumed_connect-iouring-loopback
2255	ngtcp2perf	resumed_connect	iouring	loopback	16	ok		connections_per_second	3	76.161153	.run/fixed-full-matrix-20260601T015324Z/scout/blocks/r000b02255t16-ngtcp2perf-resumed_connect-iouring-loopback
2257	ngtcp2perf	zero_rtt_reqresp	syscall	loopback	1	ok		requests_per_second	3	21505.000000	.run/fixed-full-matrix-20260601T015324Z/scout/blocks/r000b02257t1-ngtcp2perf-zero_rtt_reqresp-syscall-loopback
2258	ngtcp2perf	zero_rtt_reqresp	syscall	loopback	2	ok		requests_per_second	3	25787.000000	.run/fixed-full-matrix-20260601T015324Z/scout/blocks/r000b02258t2-ngtcp2perf-zero_rtt_reqresp-syscall-loopback
2259	ngtcp2perf	zero_rtt_reqresp	syscall	loopback	4	ok		requests_per_second	3	32258.000000	.run/fixed-full-matrix-20260601T015324Z/scout/blocks/r000b02259t4-ngtcp2perf-zero_rtt_reqresp-syscall-loopback
2260	ngtcp2perf	zero_rtt_reqresp	syscall	loopback	8	ok		requests_per_second	3	44737.000000	.run/fixed-full-matrix-20260601T015324Z/scout/blocks/r000b02260t8-ngtcp2perf-zero_rtt_reqresp-syscall-loopback
2261	ngtcp2perf	zero_rtt_reqresp	syscall	loopback	16	ok		requests_per_second	3	62109.000000	.run/fixed-full-matrix-20260601T015324Z/scout/blocks/r000b02261t16-ngtcp2perf-zero_rtt_reqresp-syscall-loopback
2263	ngtcp2perf	zero_rtt_reqresp	iouring	loopback	1	ok		requests_per_second	3	16819.000000	.run/fixed-full-matrix-20260601T015324Z/scout/blocks/r000b02263t1-ngtcp2perf-zero_rtt_reqresp-iouring-loopback
2264	ngtcp2perf	zero_rtt_reqresp	iouring	loopback	2	ok		requests_per_second	3	17787.000000	.run/fixed-full-matrix-20260601T015324Z/scout/blocks/r000b02264t2-ngtcp2perf-zero_rtt_reqresp-iouring-loopback
2265	ngtcp2perf	zero_rtt_reqresp	iouring	loopback	4	ok		requests_per_second	3	23235.000000	.run/fixed-full-matrix-20260601T015324Z/scout/blocks/r000b02265t4-ngtcp2perf-zero_rtt_reqresp-iouring-loopback
2266	ngtcp2perf	zero_rtt_reqresp	iouring	loopback	8	ok		requests_per_second	3	36461.000000	.run/fixed-full-matrix-20260601T015324Z/scout/blocks/r000b02266t8-ngtcp2perf-zero_rtt_reqresp-iouring-loopback
2267	ngtcp2perf	zero_rtt_reqresp	iouring	loopback	16	ok		requests_per_second	3	58366.000000	.run/fixed-full-matrix-20260601T015324Z/scout/blocks/r000b02267t16-ngtcp2perf-zero_rtt_reqresp-iouring-loopback
2269	ngtcp2perf	datagram	syscall	loopback	1	ok		datagrams_per_second	3	1245753.000000	.run/fixed-full-matrix-20260601T015324Z/scout/blocks/r000b02269t1-ngtcp2perf-datagram-syscall-loopback
2270	ngtcp2perf	datagram	syscall	loopback	2	ok		datagrams_per_second	3	1193741.000000	.run/fixed-full-matrix-20260601T015324Z/scout/blocks/r000b02270t2-ngtcp2perf-datagram-syscall-loopback
2271	ngtcp2perf	datagram	syscall	loopback	4	ok		datagrams_per_second	3	1383066.000000	.run/fixed-full-matrix-20260601T015324Z/scout/blocks/r000b02271t4-ngtcp2perf-datagram-syscall-loopback
2272	ngtcp2perf	datagram	syscall	loopback	8	ok		datagrams_per_second	3	1307201.000000	.run/fixed-full-matrix-20260601T015324Z/scout/blocks/r000b02272t8-ngtcp2perf-datagram-syscall-loopback
2273	ngtcp2perf	datagram	syscall	loopback	16	ok		datagrams_per_second	3	1301059.000000	.run/fixed-full-matrix-20260601T015324Z/scout/blocks/r000b02273t16-ngtcp2perf-datagram-syscall-loopback
2275	ngtcp2perf	datagram	iouring	loopback	1	ok		datagrams_per_second	3	1349097.000000	.run/fixed-full-matrix-20260601T015324Z/scout/blocks/r000b02275t1-ngtcp2perf-datagram-iouring-loopback
2276	ngtcp2perf	datagram	iouring	loopback	2	ok		datagrams_per_second	3	1244847.000000	.run/fixed-full-matrix-20260601T015324Z/scout/blocks/r000b02276t2-ngtcp2perf-datagram-iouring-loopback
2277	ngtcp2perf	datagram	iouring	loopback	4	ok		datagrams_per_second	3	1224381.000000	.run/fixed-full-matrix-20260601T015324Z/scout/blocks/r000b02277t4-ngtcp2perf-datagram-iouring-loopback
2278	ngtcp2perf	datagram	iouring	loopback	8	ok		datagrams_per_second	3	1255900.000000	.run/fixed-full-matrix-20260601T015324Z/scout/blocks/r000b02278t8-ngtcp2perf-datagram-iouring-loopback
2279	ngtcp2perf	datagram	iouring	loopback	16	ok		datagrams_per_second	3	1229230.000000	.run/fixed-full-matrix-20260601T015324Z/scout/blocks/r000b02279t16-ngtcp2perf-datagram-iouring-loopback
2281	ngtcp2perf	idle_footprint	syscall	loopback	1	ok		server_rss_delta_bytes_per_connection	3	1126400.000000	.run/fixed-full-matrix-20260601T015324Z/scout/blocks/r000b02281t1-ngtcp2perf-idle_footprint-syscall-loopback
2282	ngtcp2perf	idle_footprint	syscall	loopback	2	ok		server_rss_delta_bytes_per_connection	3	618496.000000	.run/fixed-full-matrix-20260601T015324Z/scout/blocks/r000b02282t2-ngtcp2perf-idle_footprint-syscall-loopback
2283	ngtcp2perf	idle_footprint	syscall	loopback	4	ok		server_rss_delta_bytes_per_connection	3	327680.000000	.run/fixed-full-matrix-20260601T015324Z/scout/blocks/r000b02283t4-ngtcp2perf-idle_footprint-syscall-loopback
2284	ngtcp2perf	idle_footprint	syscall	loopback	8	ok		server_rss_delta_bytes_per_connection	3	169472.000000	.run/fixed-full-matrix-20260601T015324Z/scout/blocks/r000b02284t8-ngtcp2perf-idle_footprint-syscall-loopback
2285	ngtcp2perf	idle_footprint	syscall	loopback	16	ok		server_rss_delta_bytes_per_connection	3	106752.000000	.run/fixed-full-matrix-20260601T015324Z/scout/blocks/r000b02285t16-ngtcp2perf-idle_footprint-syscall-loopback
2287	ngtcp2perf	idle_footprint	iouring	loopback	1	ok		server_rss_delta_bytes_per_connection	3	401408.000000	.run/fixed-full-matrix-20260601T015324Z/scout/blocks/r000b02287t1-ngtcp2perf-idle_footprint-iouring-loopback
2288	ngtcp2perf	idle_footprint	iouring	loopback	2	ok		server_rss_delta_bytes_per_connection	3	221184.000000	.run/fixed-full-matrix-20260601T015324Z/scout/blocks/r000b02288t2-ngtcp2perf-idle_footprint-iouring-loopback
2289	ngtcp2perf	idle_footprint	iouring	loopback	4	ok		server_rss_delta_bytes_per_connection	3	124928.000000	.run/fixed-full-matrix-20260601T015324Z/scout/blocks/r000b02289t4-ngtcp2perf-idle_footprint-iouring-loopback
2290	ngtcp2perf	idle_footprint	iouring	loopback	8	ok		server_rss_delta_bytes_per_connection	3	104448.000000	.run/fixed-full-matrix-20260601T015324Z/scout/blocks/r000b02290t8-ngtcp2perf-idle_footprint-iouring-loopback
2291	ngtcp2perf	idle_footprint	iouring	loopback	16	ok		server_rss_delta_bytes_per_connection	3	74496.000000	.run/fixed-full-matrix-20260601T015324Z/scout/blocks/r000b02291t16-ngtcp2perf-idle_footprint-iouring-loopback
2293	ngtcp2perf	close_reset_cleanup	syscall	loopback	1	ok		streams_per_second	3	22884.000000	.run/fixed-full-matrix-20260601T015324Z/scout/blocks/r000b02293t1-ngtcp2perf-close_reset_cleanup-syscall-loopback
2294	ngtcp2perf	close_reset_cleanup	syscall	loopback	2	ok		streams_per_second	3	26913.000000	.run/fixed-full-matrix-20260601T015324Z/scout/blocks/r000b02294t2-ngtcp2perf-close_reset_cleanup-syscall-loopback
2295	ngtcp2perf	close_reset_cleanup	syscall	loopback	4	ok		streams_per_second	3	35074.000000	.run/fixed-full-matrix-20260601T015324Z/scout/blocks/r000b02295t4-ngtcp2perf-close_reset_cleanup-syscall-loopback
2296	ngtcp2perf	close_reset_cleanup	syscall	loopback	8	ok		streams_per_second	3	51745.000000	.run/fixed-full-matrix-20260601T015324Z/scout/blocks/r000b02296t8-ngtcp2perf-close_reset_cleanup-syscall-loopback
2297	ngtcp2perf	close_reset_cleanup	syscall	loopback	16	ok		streams_per_second	3	72120.000000	.run/fixed-full-matrix-20260601T015324Z/scout/blocks/r000b02297t16-ngtcp2perf-close_reset_cleanup-syscall-loopback
2299	ngtcp2perf	close_reset_cleanup	iouring	loopback	1	ok		streams_per_second	3	16463.000000	.run/fixed-full-matrix-20260601T015324Z/scout/blocks/r000b02299t1-ngtcp2perf-close_reset_cleanup-iouring-loopback
2300	ngtcp2perf	close_reset_cleanup	iouring	loopback	2	ok		streams_per_second	3	18876.000000	.run/fixed-full-matrix-20260601T015324Z/scout/blocks/r000b02300t2-ngtcp2perf-close_reset_cleanup-iouring-loopback
2301	ngtcp2perf	close_reset_cleanup	iouring	loopback	4	ok		streams_per_second	3	25122.000000	.run/fixed-full-matrix-20260601T015324Z/scout/blocks/r000b02301t4-ngtcp2perf-close_reset_cleanup-iouring-loopback
2302	ngtcp2perf	close_reset_cleanup	iouring	loopback	8	ok		streams_per_second	3	35414.000000	.run/fixed-full-matrix-20260601T015324Z/scout/blocks/r000b02302t8-ngtcp2perf-close_reset_cleanup-iouring-loopback
2303	ngtcp2perf	close_reset_cleanup	iouring	loopback	16	ok		streams_per_second	3	59866.000000	.run/fixed-full-matrix-20260601T015324Z/scout/blocks/r000b02303t16-ngtcp2perf-close_reset_cleanup-iouring-loopback
