order	block	binary	scenario	network	path_profile	client_threads	repeat	warmup	mode	duration_ms	work_units
1	1	s2nperf	download	iouring	loopback	1	4	1	duration	2000	0
2	1	lsperf	download	iouring	loopback	1	4	1	duration	2000	0
3	1	s2nperf	datagram	iouring	loopback	8	4	1	duration	2000	0
4	1	noqperf	upload	iouring	loopback	1	4	1	duration	2000	0
5	1	lsperf	stream_churn	iouring	loopback	16	4	1	duration	2000	0
6	1	ngtcp2perf	small_payload_pps	iouring	loopback	16	4	1	duration	2000	0
7	1	xquicperf	connect	iouring	loopback	16	4	1	work	0	8
8	1	noqperf	connect	iouring	loopback	16	4	1	work	0	8
9	1	quinnperf	idle_footprint	iouring	loopback	16	4	1	work	0	0
10	1	xquicperf	upload	iouring	loopback	16	4	1	duration	2000	0
11	1	noqperf	close_reset_cleanup	iouring	loopback	1	4	1	duration	2000	0
12	1	noqperf	resumed_connect	iouring	loopback	16	4	1	work	0	2
13	1	quicheperf	zero_rtt_reqresp	iouring	loopback	8	4	1	duration	2000	0
14	1	s2nperf	multistream_upload	iouring	loopback	16	4	1	duration	2000	0
15	1	quicheperf	datagram	iouring	loopback	2	4	1	duration	2000	0
16	1	neqoperf	idle_footprint	iouring	loopback	16	4	1	work	0	0
17	1	quinnperf	connect	iouring	loopback	16	4	1	work	0	8
18	1	noqperf	small_payload_pps	iouring	loopback	1	4	1	duration	2000	0
19	1	tquicperf	resumed_connect	iouring	loopback	8	4	1	work	0	16
20	1	mvfstperf	upload	iouring	loopback	8	4	1	duration	2000	0
21	1	s2nperf	multistream_download	iouring	loopback	16	4	1	duration	2000	0
22	1	mvfstperf	bidi	iouring	loopback	4	4	1	duration	2000	0
23	1	s2nperf	stream_churn	iouring	loopback	4	4	1	duration	2000	0
24	1	quinnperf	small_payload_pps	iouring	loopback	1	4	1	duration	2000	0
25	1	xquicperf	loss_recovery	iouring	loopback	2	4	1	duration	5000	0
26	1	ngtcp2perf	close_reset_cleanup	iouring	loopback	16	4	1	duration	2000	0
27	1	picoperf	idle_footprint	iouring	loopback	16	4	1	work	0	0
28	1	quinnperf	flow_control	iouring	loopback	2	4	1	duration	2000	0
29	1	quicheperf	close_reset_cleanup	iouring	loopback	16	4	1	duration	2000	0
30	1	tquicperf	connect	iouring	loopback	16	4	1	work	0	8
31	1	neqoperf	bidi	iouring	loopback	1	4	1	duration	2000	0
32	1	picoperf	zero_rtt_reqresp	iouring	loopback	8	4	1	duration	2000	0
33	1	quicheperf	download	iouring	loopback	1	4	1	duration	2000	0
34	1	picoperf	resumed_connect	iouring	loopback	4	4	1	work	0	32
35	1	quicheperf	multistream_upload	iouring	loopback	2	4	1	duration	2000	0
36	1	quicheperf	small_payload_pps	iouring	loopback	16	4	1	duration	2000	0
37	1	lsperf	reqresp	iouring	loopback	16	4	1	duration	2000	0
38	1	noqperf	flow_control	iouring	loopback	2	4	1	duration	2000	0
39	1	noqperf	reqresp	iouring	loopback	1	4	1	duration	2000	0
40	1	quiczigperf	idle_footprint	iouring	loopback	16	4	1	work	0	0
41	1	quiczigperf	stream_churn	iouring	loopback	4	4	1	duration	2000	0
42	1	noqperf	bidi	iouring	loopback	1	4	1	duration	2000	0
43	1	quinnperf	reqresp	iouring	loopback	1	4	1	duration	2000	0
44	1	neqoperf	datagram	iouring	loopback	2	4	1	duration	2000	0
45	1	xquicperf	idle_footprint	iouring	loopback	16	4	1	work	0	0
46	1	mvfstperf	flow_control	iouring	loopback	4	4	1	duration	2000	0
47	1	tquicperf	small_payload_pps	iouring	loopback	16	4	1	duration	2000	0
48	1	quinnperf	bidi	iouring	loopback	1	4	1	duration	2000	0
49	1	ngtcp2perf	stream_churn	iouring	loopback	16	4	1	duration	2000	0
50	1	noqperf	stream_churn	iouring	loopback	1	4	1	duration	2000	0
51	1	lsperf	bidi	iouring	loopback	8	4	1	duration	2000	0
52	1	s2nperf	small_payload_pps	iouring	loopback	4	4	1	duration	2000	0
53	1	quinnperf	multistream_upload	iouring	loopback	16	4	1	duration	2000	0
54	1	tquicperf	loss_recovery	iouring	loopback	2	4	1	duration	5000	0
55	1	lsperf	multistream_upload	iouring	loopback	16	4	1	duration	2000	0
56	1	ngtcp2perf	upload	iouring	loopback	2	4	1	duration	2000	0
57	1	quicheperf	loss_recovery	iouring	loopback	1	4	1	duration	5000	0
58	1	neqoperf	resumed_connect	iouring	loopback	16	4	1	work	0	2
59	1	lsperf	connect	iouring	loopback	16	4	1	work	0	8
60	1	mvfstperf	reqresp	iouring	loopback	16	4	1	duration	2000	0
61	1	quinnperf	stream_churn	iouring	loopback	1	4	1	duration	2000	0
62	1	s2nperf	connect	iouring	loopback	16	4	1	work	0	8
63	1	mvfstperf	datagram	iouring	loopback	1	4	1	duration	2000	0
64	1	tquicperf	upload	iouring	loopback	4	4	1	duration	2000	0
65	1	noqperf	loss_recovery	iouring	loopback	2	4	1	duration	5000	0
66	1	quicheperf	flow_control	iouring	loopback	2	4	1	duration	2000	0
67	1	picoperf	close_reset_cleanup	iouring	loopback	16	4	1	duration	2000	0
68	1	quiczigperf	bidi	iouring	loopback	1	4	1	duration	2000	0
69	1	mvfstperf	close_reset_cleanup	iouring	loopback	16	4	1	duration	2000	0
70	1	picoperf	upload	iouring	loopback	2	4	1	duration	2000	0
71	1	ngtcp2perf	connect	iouring	loopback	16	4	1	work	0	8
72	1	quinnperf	loss_recovery	iouring	loopback	4	4	1	duration	5000	0
73	1	lsperf	upload	iouring	loopback	2	4	1	duration	2000	0
74	1	tquicperf	datagram	iouring	loopback	2	4	1	duration	2000	0
75	1	s2nperf	flow_control	iouring	loopback	2	4	1	duration	2000	0
76	1	noqperf	idle_footprint	iouring	loopback	16	4	1	work	0	0
77	1	xquicperf	flow_control	iouring	loopback	8	4	1	duration	2000	0
78	1	quicheperf	connect	iouring	loopback	16	4	1	work	0	8
79	1	mvfstperf	connect	iouring	loopback	16	4	1	work	0	8
80	1	quiczigperf	multistream_upload	iouring	loopback	4	4	1	duration	2000	0
81	1	quiczigperf	small_payload_pps	iouring	loopback	8	4	1	duration	2000	0
82	1	noqperf	download	iouring	loopback	2	4	1	duration	2000	0
83	1	ngtcp2perf	resumed_connect	iouring	loopback	16	4	1	work	0	8
84	1	tquicperf	idle_footprint	iouring	loopback	16	4	1	work	0	0
85	1	quiczigperf	flow_control	iouring	loopback	2	4	1	duration	2000	0
86	1	ngtcp2perf	idle_footprint	iouring	loopback	16	4	1	work	0	0
87	1	noqperf	multistream_download	iouring	loopback	2	4	1	duration	2000	0
88	1	xquicperf	multistream_download	iouring	loopback	8	4	1	duration	2000	0
89	1	ngtcp2perf	reqresp	iouring	loopback	16	4	1	duration	2000	0
90	1	quicheperf	upload	iouring	loopback	2	4	1	duration	2000	0
91	1	s2nperf	bidi	iouring	loopback	16	4	1	duration	2000	0
92	1	s2nperf	zero_rtt_reqresp	iouring	loopback	4	4	1	duration	2000	0
93	1	mvfstperf	small_payload_pps	iouring	loopback	16	4	1	duration	2000	0
94	1	ngtcp2perf	loss_recovery	iouring	loopback	8	4	1	duration	5000	0
95	1	noqperf	multistream_upload	iouring	loopback	8	4	1	duration	2000	0
96	1	ngtcp2perf	bidi	iouring	loopback	4	4	1	duration	2000	0
97	1	s2nperf	resumed_connect	iouring	loopback	16	4	1	work	0	2
98	1	ngtcp2perf	multistream_download	iouring	loopback	4	4	1	duration	2000	0
99	1	neqoperf	download	iouring	loopback	1	4	1	duration	2000	0
100	1	tquicperf	bidi	iouring	loopback	4	4	1	duration	2000	0
101	1	quicheperf	stream_churn	iouring	loopback	16	4	1	duration	2000	0
102	1	mvfstperf	zero_rtt_reqresp	iouring	loopback	16	4	1	duration	2000	0
103	1	neqoperf	small_payload_pps	iouring	loopback	4	4	1	duration	2000	0
104	1	xquicperf	bidi	iouring	loopback	2	4	1	duration	2000	0
105	1	xquicperf	datagram	iouring	loopback	8	4	1	duration	2000	0
106	1	lsperf	close_reset_cleanup	iouring	loopback	16	4	1	duration	2000	0
107	1	tquicperf	download	iouring	loopback	1	4	1	duration	2000	0
108	1	s2nperf	idle_footprint	iouring	loopback	16	4	1	work	0	0
109	1	mvfstperf	multistream_download	iouring	loopback	16	4	1	duration	2000	0
110	1	lsperf	resumed_connect	iouring	loopback	2	4	1	work	0	64
111	1	picoperf	loss_recovery	iouring	loopback	1	4	1	duration	5000	0
112	1	noqperf	zero_rtt_reqresp	iouring	loopback	1	4	1	duration	2000	0
113	1	quicheperf	bidi	iouring	loopback	4	4	1	duration	2000	0
114	1	xquicperf	close_reset_cleanup	iouring	loopback	2	4	1	duration	2000	0
115	1	ngtcp2perf	flow_control	iouring	loopback	8	4	1	duration	2000	0
116	1	mvfstperf	resumed_connect	iouring	loopback	2	4	1	work	0	64
117	1	quicheperf	idle_footprint	iouring	loopback	16	4	1	work	0	0
118	1	noqperf	datagram	iouring	loopback	4	4	1	duration	2000	0
119	1	quiczigperf	reqresp	iouring	loopback	4	4	1	duration	2000	0
120	1	neqoperf	multistream_upload	iouring	loopback	2	4	1	duration	2000	0
121	1	picoperf	bidi	iouring	loopback	16	4	1	duration	2000	0
122	1	picoperf	multistream_upload	iouring	loopback	16	4	1	duration	2000	0
123	1	mvfstperf	loss_recovery	iouring	loopback	16	4	1	duration	5000	0
124	1	ngtcp2perf	download	iouring	loopback	4	4	1	duration	2000	0
125	1	picoperf	reqresp	iouring	loopback	8	4	1	duration	2000	0
126	1	neqoperf	reqresp	iouring	loopback	4	4	1	duration	2000	0
127	1	quinnperf	upload	iouring	loopback	1	4	1	duration	2000	0
128	1	tquicperf	multistream_download	iouring	loopback	1	4	1	duration	2000	0
129	1	neqoperf	flow_control	iouring	loopback	2	4	1	duration	2000	0
130	1	ngtcp2perf	multistream_upload	iouring	loopback	2	4	1	duration	2000	0
131	1	lsperf	zero_rtt_reqresp	iouring	loopback	8	4	1	duration	2000	0
132	1	quiczigperf	datagram	iouring	loopback	2	4	1	duration	2000	0
133	1	quicheperf	resumed_connect	iouring	loopback	2	4	1	work	0	64
134	1	lsperf	datagram	iouring	loopback	16	4	1	duration	2000	0
135	1	quiczigperf	resumed_connect	iouring	loopback	16	4	1	work	0	2
136	1	quinnperf	resumed_connect	iouring	loopback	16	4	1	work	0	2
137	1	ngtcp2perf	zero_rtt_reqresp	iouring	loopback	16	4	1	duration	2000	0
138	1	tquicperf	flow_control	iouring	loopback	16	4	1	duration	2000	0
139	1	picoperf	datagram	iouring	loopback	1	4	1	duration	2000	0
140	1	xquicperf	small_payload_pps	iouring	loopback	4	4	1	duration	2000	0
141	1	neqoperf	upload	iouring	loopback	1	4	1	duration	2000	0
142	1	lsperf	loss_recovery	iouring	loopback	1	4	1	duration	5000	0
143	1	quinnperf	close_reset_cleanup	iouring	loopback	2	4	1	duration	2000	0
144	1	lsperf	small_payload_pps	iouring	loopback	16	4	1	duration	2000	0
145	1	xquicperf	multistream_upload	iouring	loopback	16	4	1	duration	2000	0
146	1	quinnperf	datagram	iouring	loopback	4	4	1	duration	2000	0
147	1	neqoperf	stream_churn	iouring	loopback	4	4	1	duration	2000	0
148	1	picoperf	flow_control	iouring	loopback	1	4	1	duration	2000	0
149	1	xquicperf	resumed_connect	iouring	loopback	2	4	1	work	0	64
150	1	quicheperf	multistream_download	iouring	loopback	1	4	1	duration	2000	0
151	1	picoperf	connect	iouring	loopback	16	4	1	work	0	8
152	1	neqoperf	multistream_download	iouring	loopback	1	4	1	duration	2000	0
153	1	neqoperf	connect	iouring	loopback	16	4	1	work	0	8
154	1	lsperf	idle_footprint	iouring	loopback	16	4	1	work	0	0
155	1	tquicperf	close_reset_cleanup	iouring	loopback	16	4	1	duration	2000	0
156	1	quinnperf	multistream_download	iouring	loopback	2	4	1	duration	2000	0
157	1	mvfstperf	multistream_upload	iouring	loopback	16	4	1	duration	2000	0
158	1	quiczigperf	download	iouring	loopback	1	4	1	duration	2000	0
159	1	quiczigperf	upload	iouring	loopback	1	4	1	duration	2000	0
160	1	s2nperf	loss_recovery	iouring	loopback	2	4	1	duration	5000	0
161	1	picoperf	stream_churn	iouring	loopback	16	4	1	duration	2000	0
162	1	xquicperf	download	iouring	loopback	2	4	1	duration	2000	0
163	1	s2nperf	close_reset_cleanup	iouring	loopback	4	4	1	duration	2000	0
164	1	quinnperf	download	iouring	loopback	2	4	1	duration	2000	0
165	1	xquicperf	reqresp	iouring	loopback	2	4	1	duration	2000	0
166	1	s2nperf	upload	iouring	loopback	2	4	1	duration	2000	0
167	1	tquicperf	multistream_upload	iouring	loopback	2	4	1	duration	2000	0
168	1	neqoperf	loss_recovery	iouring	loopback	2	4	1	duration	5000	0
169	1	picoperf	small_payload_pps	iouring	loopback	16	4	1	duration	2000	0
170	1	lsperf	multistream_download	iouring	loopback	16	4	1	duration	2000	0
171	1	picoperf	download	iouring	loopback	1	4	1	duration	2000	0
172	1	quiczigperf	multistream_download	iouring	loopback	1	4	1	duration	2000	0
173	1	quicheperf	reqresp	iouring	loopback	16	4	1	duration	2000	0
174	1	ngtcp2perf	datagram	iouring	loopback	1	4	1	duration	2000	0
175	1	tquicperf	stream_churn	iouring	loopback	16	4	1	duration	2000	0
176	1	quinnperf	zero_rtt_reqresp	iouring	loopback	1	4	1	duration	2000	0
177	1	xquicperf	zero_rtt_reqresp	iouring	loopback	2	4	1	duration	2000	0
178	1	xquicperf	stream_churn	iouring	loopback	2	4	1	duration	2000	0
179	1	mvfstperf	download	iouring	loopback	2	4	1	duration	2000	0
180	1	lsperf	flow_control	iouring	loopback	1	4	1	duration	2000	0
181	1	tquicperf	zero_rtt_reqresp	iouring	loopback	16	4	1	duration	2000	0
182	1	picoperf	multistream_download	iouring	loopback	16	4	1	duration	2000	0
183	1	quiczigperf	close_reset_cleanup	iouring	loopback	8	4	1	duration	2000	0
184	1	quiczigperf	loss_recovery	iouring	loopback	1	4	1	duration	5000	0
185	1	mvfstperf	stream_churn	iouring	loopback	16	4	1	duration	2000	0
186	1	neqoperf	close_reset_cleanup	iouring	loopback	4	4	1	duration	2000	0
187	1	neqoperf	zero_rtt_reqresp	iouring	loopback	4	4	1	duration	2000	0
188	1	tquicperf	reqresp	iouring	loopback	16	4	1	duration	2000	0
189	1	quiczigperf	connect	iouring	loopback	16	4	1	work	0	8
190	1	quiczigperf	zero_rtt_reqresp	iouring	loopback	4	4	1	duration	2000	0
191	1	s2nperf	reqresp	iouring	loopback	4	4	1	duration	2000	0
192	1	mvfstperf	idle_footprint	iouring	loopback	16	4	1	work	0	0
193	1	quinnperf	stream_churn	syscall	loopback	2	4	1	duration	2000	0
194	1	quiczigperf	resumed_connect	syscall	loopback	16	4	1	work	0	2
195	1	mvfstperf	flow_control	syscall	loopback	2	4	1	duration	2000	0
196	1	xquicperf	reqresp	syscall	loopback	16	4	1	duration	2000	0
197	1	xquicperf	close_reset_cleanup	syscall	loopback	16	4	1	duration	2000	0
198	1	picoperf	multistream_upload	syscall	loopback	16	4	1	duration	2000	0
199	1	neqoperf	bidi	syscall	loopback	1	4	1	duration	2000	0
200	1	quiczigperf	close_reset_cleanup	syscall	loopback	4	4	1	duration	2000	0
201	1	noqperf	stream_churn	syscall	loopback	2	4	1	duration	2000	0
202	1	quicheperf	datagram	syscall	loopback	2	4	1	duration	2000	0
203	1	noqperf	datagram	syscall	loopback	4	4	1	duration	2000	0
204	1	quicheperf	loss_recovery	syscall	loopback	1	4	1	duration	5000	0
205	1	xquicperf	flow_control	syscall	loopback	8	4	1	duration	2000	0
206	1	quinnperf	bidi	syscall	loopback	1	4	1	duration	2000	0
207	1	ngtcp2perf	upload	syscall	loopback	2	4	1	duration	2000	0
208	1	s2nperf	multistream_upload	syscall	loopback	16	4	1	duration	2000	0
209	1	quiczigperf	small_payload_pps	syscall	loopback	8	4	1	duration	2000	0
210	1	quinnperf	reqresp	syscall	loopback	2	4	1	duration	2000	0
211	1	lsperf	multistream_download	syscall	loopback	16	4	1	duration	2000	0
212	1	tquicperf	bidi	syscall	loopback	4	4	1	duration	2000	0
213	1	quicheperf	connect	syscall	loopback	16	4	1	work	0	8
214	1	s2nperf	loss_recovery	syscall	loopback	2	4	1	duration	5000	0
215	1	s2nperf	datagram	syscall	loopback	4	4	1	duration	2000	0
216	1	lsperf	idle_footprint	syscall	loopback	8	4	1	work	0	0
217	1	quinnperf	zero_rtt_reqresp	syscall	loopback	1	4	1	duration	2000	0
218	1	s2nperf	small_payload_pps	syscall	loopback	4	4	1	duration	2000	0
219	1	tquicperf	upload	syscall	loopback	16	4	1	duration	2000	0
220	1	quinnperf	multistream_download	syscall	loopback	2	4	1	duration	2000	0
221	1	ngtcp2perf	close_reset_cleanup	syscall	loopback	16	4	1	duration	2000	0
222	1	tquicperf	stream_churn	syscall	loopback	16	4	1	duration	2000	0
223	1	quicheperf	close_reset_cleanup	syscall	loopback	16	4	1	duration	2000	0
224	1	quinnperf	flow_control	syscall	loopback	2	4	1	duration	2000	0
225	1	picoperf	datagram	syscall	loopback	1	4	1	duration	2000	0
226	1	noqperf	multistream_upload	syscall	loopback	8	4	1	duration	2000	0
227	1	quicheperf	multistream_download	syscall	loopback	1	4	1	duration	2000	0
228	1	s2nperf	reqresp	syscall	loopback	4	4	1	duration	2000	0
229	1	noqperf	multistream_download	syscall	loopback	2	4	1	duration	2000	0
230	1	mvfstperf	resumed_connect	syscall	loopback	4	4	1	work	0	32
231	1	picoperf	upload	syscall	loopback	2	4	1	duration	2000	0
232	1	quiczigperf	multistream_download	syscall	loopback	1	4	1	duration	2000	0
233	1	noqperf	zero_rtt_reqresp	syscall	loopback	1	4	1	duration	2000	0
234	1	quicheperf	multistream_upload	syscall	loopback	2	4	1	duration	2000	0
235	1	noqperf	close_reset_cleanup	syscall	loopback	2	4	1	duration	2000	0
236	1	xquicperf	connect	syscall	loopback	16	4	1	work	0	8
237	1	noqperf	small_payload_pps	syscall	loopback	2	4	1	duration	2000	0
238	1	ngtcp2perf	reqresp	syscall	loopback	16	4	1	duration	2000	0
239	1	lsperf	reqresp	syscall	loopback	16	4	1	duration	2000	0
240	1	tquicperf	zero_rtt_reqresp	syscall	loopback	16	4	1	duration	2000	0
241	1	tquicperf	small_payload_pps	syscall	loopback	16	4	1	duration	2000	0
242	1	neqoperf	connect	syscall	loopback	16	4	1	work	0	8
243	1	mvfstperf	multistream_upload	syscall	loopback	16	4	1	duration	2000	0
244	1	xquicperf	small_payload_pps	syscall	loopback	16	4	1	duration	2000	0
245	1	quinnperf	connect	syscall	loopback	8	4	1	work	0	16
246	1	xquicperf	multistream_download	syscall	loopback	16	4	1	duration	2000	0
247	1	neqoperf	multistream_download	syscall	loopback	1	4	1	duration	2000	0
248	1	neqoperf	datagram	syscall	loopback	2	4	1	duration	2000	0
249	1	quinnperf	download	syscall	loopback	2	4	1	duration	2000	0
250	1	quinnperf	idle_footprint	syscall	loopback	16	4	1	work	0	0
251	1	quicheperf	flow_control	syscall	loopback	8	4	1	duration	2000	0
252	1	ngtcp2perf	small_payload_pps	syscall	loopback	16	4	1	duration	2000	0
253	1	neqoperf	download	syscall	loopback	1	4	1	duration	2000	0
254	1	quicheperf	idle_footprint	syscall	loopback	16	4	1	work	0	0
255	1	s2nperf	zero_rtt_reqresp	syscall	loopback	4	4	1	duration	2000	0
256	1	quiczigperf	connect	syscall	loopback	8	4	1	work	0	16
257	1	neqoperf	stream_churn	syscall	loopback	4	4	1	duration	2000	0
258	1	neqoperf	reqresp	syscall	loopback	4	4	1	duration	2000	0
259	1	s2nperf	close_reset_cleanup	syscall	loopback	4	4	1	duration	2000	0
260	1	quiczigperf	upload	syscall	loopback	1	4	1	duration	2000	0
261	1	noqperf	connect	syscall	loopback	8	4	1	work	0	16
262	1	picoperf	flow_control	syscall	loopback	1	4	1	duration	2000	0
263	1	s2nperf	download	syscall	loopback	2	4	1	duration	2000	0
264	1	lsperf	resumed_connect	syscall	loopback	1	4	1	work	0	128
265	1	quiczigperf	zero_rtt_reqresp	syscall	loopback	4	4	1	duration	2000	0
266	1	quicheperf	upload	syscall	loopback	4	4	1	duration	2000	0
267	1	picoperf	download	syscall	loopback	1	4	1	duration	2000	0
268	1	quiczigperf	reqresp	syscall	loopback	4	4	1	duration	2000	0
269	1	quicheperf	reqresp	syscall	loopback	16	4	1	duration	2000	0
270	1	mvfstperf	datagram	syscall	loopback	16	4	1	duration	2000	0
271	1	tquicperf	multistream_upload	syscall	loopback	2	4	1	duration	2000	0
272	1	s2nperf	idle_footprint	syscall	loopback	16	4	1	work	0	0
273	1	lsperf	loss_recovery	syscall	loopback	1	4	1	duration	5000	0
274	1	quinnperf	upload	syscall	loopback	1	4	1	duration	2000	0
275	1	picoperf	resumed_connect	syscall	loopback	2	4	1	work	0	64
276	1	xquicperf	resumed_connect	syscall	loopback	2	4	1	work	0	64
277	1	picoperf	multistream_download	syscall	loopback	16	4	1	duration	2000	0
278	1	ngtcp2perf	download	syscall	loopback	1	4	1	duration	2000	0
279	1	xquicperf	loss_recovery	syscall	loopback	16	4	1	duration	5000	0
280	1	mvfstperf	reqresp	syscall	loopback	16	4	1	duration	2000	0
281	1	xquicperf	upload	syscall	loopback	16	4	1	duration	2000	0
282	1	ngtcp2perf	resumed_connect	syscall	loopback	16	4	1	work	0	8
283	1	s2nperf	resumed_connect	syscall	loopback	16	4	1	work	0	2
284	1	tquicperf	resumed_connect	syscall	loopback	16	4	1	work	0	8
285	1	tquicperf	connect	syscall	loopback	16	4	1	work	0	8
286	1	mvfstperf	upload	syscall	loopback	8	4	1	duration	2000	0
287	1	quiczigperf	multistream_upload	syscall	loopback	4	4	1	duration	2000	0
288	1	neqoperf	flow_control	syscall	loopback	1	4	1	duration	2000	0
289	1	ngtcp2perf	idle_footprint	syscall	loopback	16	4	1	work	0	0
290	1	xquicperf	multistream_upload	syscall	loopback	16	4	1	duration	2000	0
291	1	xquicperf	zero_rtt_reqresp	syscall	loopback	16	4	1	duration	2000	0
292	1	tquicperf	multistream_download	syscall	loopback	2	4	1	duration	2000	0
293	1	quiczigperf	idle_footprint	syscall	loopback	16	4	1	work	0	0
294	1	neqoperf	small_payload_pps	syscall	loopback	4	4	1	duration	2000	0
295	1	lsperf	small_payload_pps	syscall	loopback	16	4	1	duration	2000	0
296	1	s2nperf	upload	syscall	loopback	2	4	1	duration	2000	0
297	1	picoperf	close_reset_cleanup	syscall	loopback	16	4	1	duration	2000	0
298	1	s2nperf	multistream_download	syscall	loopback	16	4	1	duration	2000	0
299	1	ngtcp2perf	datagram	syscall	loopback	4	4	1	duration	2000	0
300	1	neqoperf	idle_footprint	syscall	loopback	16	4	1	work	0	0
301	1	lsperf	bidi	syscall	loopback	16	4	1	duration	2000	0
302	1	quicheperf	zero_rtt_reqresp	syscall	loopback	16	4	1	duration	2000	0
303	1	lsperf	upload	syscall	loopback	2	4	1	duration	2000	0
304	1	mvfstperf	zero_rtt_reqresp	syscall	loopback	16	4	1	duration	2000	0
305	1	s2nperf	flow_control	syscall	loopback	2	4	1	duration	2000	0
306	1	tquicperf	loss_recovery	syscall	loopback	2	4	1	duration	5000	0
307	1	xquicperf	download	syscall	loopback	16	4	1	duration	2000	0
308	1	ngtcp2perf	connect	syscall	loopback	16	4	1	work	0	8
309	1	noqperf	resumed_connect	syscall	loopback	16	4	1	work	0	2
310	1	neqoperf	loss_recovery	syscall	loopback	2	4	1	duration	5000	0
311	1	noqperf	loss_recovery	syscall	loopback	2	4	1	duration	5000	0
312	1	lsperf	close_reset_cleanup	syscall	loopback	16	4	1	duration	2000	0
313	1	mvfstperf	small_payload_pps	syscall	loopback	16	4	1	duration	2000	0
314	1	quicheperf	resumed_connect	syscall	loopback	2	4	1	work	0	64
315	1	quiczigperf	datagram	syscall	loopback	2	4	1	duration	2000	0
316	1	mvfstperf	loss_recovery	syscall	loopback	16	4	1	duration	5000	0
317	1	ngtcp2perf	zero_rtt_reqresp	syscall	loopback	16	4	1	duration	2000	0
318	1	ngtcp2perf	multistream_upload	syscall	loopback	4	4	1	duration	2000	0
319	1	noqperf	bidi	syscall	loopback	1	4	1	duration	2000	0
320	1	mvfstperf	stream_churn	syscall	loopback	16	4	1	duration	2000	0
321	1	picoperf	idle_footprint	syscall	loopback	16	4	1	work	0	0
322	1	picoperf	small_payload_pps	syscall	loopback	16	4	1	duration	2000	0
323	1	tquicperf	reqresp	syscall	loopback	16	4	1	duration	2000	0
324	1	picoperf	connect	syscall	loopback	16	4	1	work	0	8
325	1	picoperf	stream_churn	syscall	loopback	16	4	1	duration	2000	0
326	1	xquicperf	datagram	syscall	loopback	8	4	1	duration	2000	0
327	1	lsperf	stream_churn	syscall	loopback	16	4	1	duration	2000	0
328	1	xquicperf	bidi	syscall	loopback	4	4	1	duration	2000	0
329	1	noqperf	download	syscall	loopback	2	4	1	duration	2000	0
330	1	s2nperf	stream_churn	syscall	loopback	4	4	1	duration	2000	0
331	1	lsperf	connect	syscall	loopback	16	4	1	work	0	8
332	1	quinnperf	small_payload_pps	syscall	loopback	2	4	1	duration	2000	0
333	1	tquicperf	idle_footprint	syscall	loopback	16	4	1	work	0	0
334	1	lsperf	multistream_upload	syscall	loopback	16	4	1	duration	2000	0
335	1	tquicperf	download	syscall	loopback	1	4	1	duration	2000	0
336	1	ngtcp2perf	stream_churn	syscall	loopback	16	4	1	duration	2000	0
337	1	ngtcp2perf	loss_recovery	syscall	loopback	2	4	1	duration	5000	0
338	1	xquicperf	stream_churn	syscall	loopback	16	4	1	duration	2000	0
339	1	lsperf	download	syscall	loopback	1	4	1	duration	2000	0
340	1	quicheperf	stream_churn	syscall	loopback	16	4	1	duration	2000	0
341	1	s2nperf	bidi	syscall	loopback	16	4	1	duration	2000	0
342	1	quinnperf	loss_recovery	syscall	loopback	2	4	1	duration	5000	0
343	1	neqoperf	multistream_upload	syscall	loopback	2	4	1	duration	2000	0
344	1	mvfstperf	connect	syscall	loopback	16	4	1	work	0	8
345	1	neqoperf	upload	syscall	loopback	1	4	1	duration	2000	0
346	1	neqoperf	resumed_connect	syscall	loopback	16	4	1	work	0	2
347	1	lsperf	datagram	syscall	loopback	2	4	1	duration	2000	0
348	1	xquicperf	idle_footprint	syscall	loopback	16	4	1	work	0	0
349	1	noqperf	idle_footprint	syscall	loopback	16	4	1	work	0	0
350	1	tquicperf	datagram	syscall	loopback	2	4	1	duration	2000	0
351	1	ngtcp2perf	flow_control	syscall	loopback	4	4	1	duration	2000	0
352	1	mvfstperf	close_reset_cleanup	syscall	loopback	16	4	1	duration	2000	0
353	1	quiczigperf	download	syscall	loopback	1	4	1	duration	2000	0
354	1	noqperf	reqresp	syscall	loopback	1	4	1	duration	2000	0
355	1	quicheperf	bidi	syscall	loopback	4	4	1	duration	2000	0
356	1	mvfstperf	bidi	syscall	loopback	4	4	1	duration	2000	0
357	1	quinnperf	datagram	syscall	loopback	4	4	1	duration	2000	0
358	1	quiczigperf	flow_control	syscall	loopback	2	4	1	duration	2000	0
359	1	tquicperf	flow_control	syscall	loopback	16	4	1	duration	2000	0
360	1	neqoperf	zero_rtt_reqresp	syscall	loopback	4	4	1	duration	2000	0
361	1	neqoperf	close_reset_cleanup	syscall	loopback	4	4	1	duration	2000	0
362	1	quicheperf	small_payload_pps	syscall	loopback	16	4	1	duration	2000	0
363	1	noqperf	upload	syscall	loopback	1	4	1	duration	2000	0
364	1	quicheperf	download	syscall	loopback	1	4	1	duration	2000	0
365	1	mvfstperf	multistream_download	syscall	loopback	4	4	1	duration	2000	0
366	1	quinnperf	multistream_upload	syscall	loopback	16	4	1	duration	2000	0
367	1	picoperf	loss_recovery	syscall	loopback	1	4	1	duration	5000	0
368	1	mvfstperf	idle_footprint	syscall	loopback	16	4	1	work	0	0
369	1	noqperf	flow_control	syscall	loopback	2	4	1	duration	2000	0
370	1	quinnperf	resumed_connect	syscall	loopback	16	4	1	work	0	2
371	1	quinnperf	close_reset_cleanup	syscall	loopback	2	4	1	duration	2000	0
372	1	picoperf	zero_rtt_reqresp	syscall	loopback	16	4	1	duration	2000	0
373	1	mvfstperf	download	syscall	loopback	1	4	1	duration	2000	0
374	1	picoperf	bidi	syscall	loopback	16	4	1	duration	2000	0
375	1	picoperf	reqresp	syscall	loopback	16	4	1	duration	2000	0
376	1	quiczigperf	loss_recovery	syscall	loopback	1	4	1	duration	5000	0
377	1	quiczigperf	bidi	syscall	loopback	1	4	1	duration	2000	0
378	1	tquicperf	close_reset_cleanup	syscall	loopback	16	4	1	duration	2000	0
379	1	lsperf	flow_control	syscall	loopback	1	4	1	duration	2000	0
380	1	quiczigperf	stream_churn	syscall	loopback	4	4	1	duration	2000	0
381	1	ngtcp2perf	bidi	syscall	loopback	4	4	1	duration	2000	0
382	1	s2nperf	connect	syscall	loopback	16	4	1	work	0	8
383	1	lsperf	zero_rtt_reqresp	syscall	loopback	16	4	1	duration	2000	0
384	1	ngtcp2perf	multistream_download	syscall	loopback	1	4	1	duration	2000	0
385	2	quiczigperf	upload	syscall	loopback	1	4	0	duration	2000	0
386	2	quicheperf	download	syscall	loopback	1	4	0	duration	2000	0
387	2	quiczigperf	loss_recovery	syscall	loopback	1	4	0	duration	5000	0
388	2	quiczigperf	datagram	syscall	loopback	2	4	0	duration	2000	0
389	2	s2nperf	zero_rtt_reqresp	syscall	loopback	4	4	0	duration	2000	0
390	2	picoperf	stream_churn	syscall	loopback	16	4	0	duration	2000	0
391	2	lsperf	upload	syscall	loopback	2	4	0	duration	2000	0
392	2	quicheperf	small_payload_pps	syscall	loopback	16	4	0	duration	2000	0
393	2	quiczigperf	reqresp	syscall	loopback	4	4	0	duration	2000	0
394	2	lsperf	resumed_connect	syscall	loopback	1	4	0	work	0	128
395	2	lsperf	multistream_upload	syscall	loopback	16	4	0	duration	2000	0
396	2	lsperf	close_reset_cleanup	syscall	loopback	16	4	0	duration	2000	0
397	2	tquicperf	stream_churn	syscall	loopback	16	4	0	duration	2000	0
398	2	quiczigperf	stream_churn	syscall	loopback	4	4	0	duration	2000	0
399	2	neqoperf	upload	syscall	loopback	1	4	0	duration	2000	0
400	2	mvfstperf	connect	syscall	loopback	16	4	0	work	0	8
401	2	quiczigperf	small_payload_pps	syscall	loopback	8	4	0	duration	2000	0
402	2	s2nperf	small_payload_pps	syscall	loopback	4	4	0	duration	2000	0
403	2	tquicperf	bidi	syscall	loopback	4	4	0	duration	2000	0
404	2	xquicperf	datagram	syscall	loopback	8	4	0	duration	2000	0
405	2	quicheperf	reqresp	syscall	loopback	16	4	0	duration	2000	0
406	2	picoperf	close_reset_cleanup	syscall	loopback	16	4	0	duration	2000	0
407	2	noqperf	small_payload_pps	syscall	loopback	2	4	0	duration	2000	0
408	2	picoperf	upload	syscall	loopback	2	4	0	duration	2000	0
409	2	xquicperf	small_payload_pps	syscall	loopback	16	4	0	duration	2000	0
410	2	picoperf	multistream_upload	syscall	loopback	16	4	0	duration	2000	0
411	2	quinnperf	idle_footprint	syscall	loopback	16	4	0	work	0	0
412	2	xquicperf	download	syscall	loopback	16	4	0	duration	2000	0
413	2	mvfstperf	stream_churn	syscall	loopback	16	4	0	duration	2000	0
414	2	quicheperf	upload	syscall	loopback	4	4	0	duration	2000	0
415	2	neqoperf	multistream_upload	syscall	loopback	2	4	0	duration	2000	0
416	2	mvfstperf	upload	syscall	loopback	8	4	0	duration	2000	0
417	2	quinnperf	datagram	syscall	loopback	4	4	0	duration	2000	0
418	2	quicheperf	resumed_connect	syscall	loopback	2	4	0	work	0	64
419	2	ngtcp2perf	download	syscall	loopback	1	4	0	duration	2000	0
420	2	picoperf	datagram	syscall	loopback	1	4	0	duration	2000	0
421	2	xquicperf	bidi	syscall	loopback	4	4	0	duration	2000	0
422	2	quinnperf	connect	syscall	loopback	8	4	0	work	0	16
423	2	xquicperf	multistream_upload	syscall	loopback	16	4	0	duration	2000	0
424	2	ngtcp2perf	datagram	syscall	loopback	4	4	0	duration	2000	0
425	2	neqoperf	resumed_connect	syscall	loopback	16	4	0	work	0	2
426	2	ngtcp2perf	multistream_upload	syscall	loopback	4	4	0	duration	2000	0
427	2	tquicperf	zero_rtt_reqresp	syscall	loopback	16	4	0	duration	2000	0
428	2	noqperf	bidi	syscall	loopback	1	4	0	duration	2000	0
429	2	s2nperf	resumed_connect	syscall	loopback	16	4	0	work	0	2
430	2	mvfstperf	resumed_connect	syscall	loopback	4	4	0	work	0	32
431	2	picoperf	multistream_download	syscall	loopback	16	4	0	duration	2000	0
432	2	quicheperf	multistream_download	syscall	loopback	1	4	0	duration	2000	0
433	2	s2nperf	download	syscall	loopback	2	4	0	duration	2000	0
434	2	s2nperf	close_reset_cleanup	syscall	loopback	4	4	0	duration	2000	0
435	2	ngtcp2perf	connect	syscall	loopback	16	4	0	work	0	8
436	2	noqperf	resumed_connect	syscall	loopback	16	4	0	work	0	2
437	2	quinnperf	zero_rtt_reqresp	syscall	loopback	1	4	0	duration	2000	0
438	2	quiczigperf	zero_rtt_reqresp	syscall	loopback	4	4	0	duration	2000	0
439	2	ngtcp2perf	multistream_download	syscall	loopback	1	4	0	duration	2000	0
440	2	tquicperf	small_payload_pps	syscall	loopback	16	4	0	duration	2000	0
441	2	quiczigperf	idle_footprint	syscall	loopback	16	4	0	work	0	0
442	2	tquicperf	idle_footprint	syscall	loopback	16	4	0	work	0	0
443	2	noqperf	flow_control	syscall	loopback	2	4	0	duration	2000	0
444	2	quinnperf	small_payload_pps	syscall	loopback	2	4	0	duration	2000	0
445	2	tquicperf	connect	syscall	loopback	16	4	0	work	0	8
446	2	ngtcp2perf	close_reset_cleanup	syscall	loopback	16	4	0	duration	2000	0
447	2	quinnperf	bidi	syscall	loopback	1	4	0	duration	2000	0
448	2	quicheperf	stream_churn	syscall	loopback	16	4	0	duration	2000	0
449	2	mvfstperf	zero_rtt_reqresp	syscall	loopback	16	4	0	duration	2000	0
450	2	picoperf	connect	syscall	loopback	16	4	0	work	0	8
451	2	tquicperf	close_reset_cleanup	syscall	loopback	16	4	0	duration	2000	0
452	2	quiczigperf	resumed_connect	syscall	loopback	16	4	0	work	0	2
453	2	ngtcp2perf	resumed_connect	syscall	loopback	16	4	0	work	0	8
454	2	picoperf	resumed_connect	syscall	loopback	2	4	0	work	0	64
455	2	quiczigperf	multistream_upload	syscall	loopback	4	4	0	duration	2000	0
456	2	xquicperf	upload	syscall	loopback	16	4	0	duration	2000	0
457	2	mvfstperf	close_reset_cleanup	syscall	loopback	16	4	0	duration	2000	0
458	2	s2nperf	multistream_upload	syscall	loopback	16	4	0	duration	2000	0
459	2	lsperf	download	syscall	loopback	1	4	0	duration	2000	0
460	2	noqperf	stream_churn	syscall	loopback	2	4	0	duration	2000	0
461	2	xquicperf	connect	syscall	loopback	16	4	0	work	0	8
462	2	tquicperf	upload	syscall	loopback	16	4	0	duration	2000	0
463	2	s2nperf	bidi	syscall	loopback	16	4	0	duration	2000	0
464	2	noqperf	datagram	syscall	loopback	4	4	0	duration	2000	0
465	2	lsperf	reqresp	syscall	loopback	16	4	0	duration	2000	0
466	2	xquicperf	zero_rtt_reqresp	syscall	loopback	16	4	0	duration	2000	0
467	2	lsperf	flow_control	syscall	loopback	1	4	0	duration	2000	0
468	2	ngtcp2perf	zero_rtt_reqresp	syscall	loopback	16	4	0	duration	2000	0
469	2	quicheperf	close_reset_cleanup	syscall	loopback	16	4	0	duration	2000	0
470	2	mvfstperf	small_payload_pps	syscall	loopback	16	4	0	duration	2000	0
471	2	quinnperf	multistream_download	syscall	loopback	2	4	0	duration	2000	0
472	2	noqperf	loss_recovery	syscall	loopback	2	4	0	duration	5000	0
473	2	s2nperf	loss_recovery	syscall	loopback	2	4	0	duration	5000	0
474	2	quinnperf	loss_recovery	syscall	loopback	2	4	0	duration	5000	0
475	2	lsperf	stream_churn	syscall	loopback	16	4	0	duration	2000	0
476	2	picoperf	reqresp	syscall	loopback	16	4	0	duration	2000	0
477	2	noqperf	upload	syscall	loopback	1	4	0	duration	2000	0
478	2	quinnperf	flow_control	syscall	loopback	2	4	0	duration	2000	0
479	2	tquicperf	resumed_connect	syscall	loopback	16	4	0	work	0	8
480	2	quiczigperf	multistream_download	syscall	loopback	1	4	0	duration	2000	0
481	2	tquicperf	datagram	syscall	loopback	2	4	0	duration	2000	0
482	2	neqoperf	bidi	syscall	loopback	1	4	0	duration	2000	0
483	2	picoperf	bidi	syscall	loopback	16	4	0	duration	2000	0
484	2	neqoperf	zero_rtt_reqresp	syscall	loopback	4	4	0	duration	2000	0
485	2	neqoperf	multistream_download	syscall	loopback	1	4	0	duration	2000	0
486	2	neqoperf	idle_footprint	syscall	loopback	16	4	0	work	0	0
487	2	quinnperf	download	syscall	loopback	2	4	0	duration	2000	0
488	2	noqperf	connect	syscall	loopback	8	4	0	work	0	16
489	2	s2nperf	stream_churn	syscall	loopback	4	4	0	duration	2000	0
490	2	mvfstperf	multistream_download	syscall	loopback	4	4	0	duration	2000	0
491	2	tquicperf	download	syscall	loopback	1	4	0	duration	2000	0
492	2	quiczigperf	download	syscall	loopback	1	4	0	duration	2000	0
493	2	s2nperf	idle_footprint	syscall	loopback	16	4	0	work	0	0
494	2	xquicperf	stream_churn	syscall	loopback	16	4	0	duration	2000	0
495	2	tquicperf	multistream_upload	syscall	loopback	2	4	0	duration	2000	0
496	2	mvfstperf	multistream_upload	syscall	loopback	16	4	0	duration	2000	0
497	2	noqperf	close_reset_cleanup	syscall	loopback	2	4	0	duration	2000	0
498	2	ngtcp2perf	reqresp	syscall	loopback	16	4	0	duration	2000	0
499	2	neqoperf	flow_control	syscall	loopback	1	4	0	duration	2000	0
500	2	quicheperf	bidi	syscall	loopback	4	4	0	duration	2000	0
501	2	neqoperf	download	syscall	loopback	1	4	0	duration	2000	0
502	2	picoperf	zero_rtt_reqresp	syscall	loopback	16	4	0	duration	2000	0
503	2	mvfstperf	loss_recovery	syscall	loopback	16	4	0	duration	5000	0
504	2	quiczigperf	bidi	syscall	loopback	1	4	0	duration	2000	0
505	2	lsperf	zero_rtt_reqresp	syscall	loopback	16	4	0	duration	2000	0
506	2	quicheperf	datagram	syscall	loopback	2	4	0	duration	2000	0
507	2	xquicperf	flow_control	syscall	loopback	8	4	0	duration	2000	0
508	2	noqperf	multistream_download	syscall	loopback	2	4	0	duration	2000	0
509	2	quinnperf	stream_churn	syscall	loopback	2	4	0	duration	2000	0
510	2	neqoperf	connect	syscall	loopback	16	4	0	work	0	8
511	2	quinnperf	reqresp	syscall	loopback	2	4	0	duration	2000	0
512	2	xquicperf	reqresp	syscall	loopback	16	4	0	duration	2000	0
513	2	xquicperf	close_reset_cleanup	syscall	loopback	16	4	0	duration	2000	0
514	2	tquicperf	multistream_download	syscall	loopback	2	4	0	duration	2000	0
515	2	noqperf	zero_rtt_reqresp	syscall	loopback	1	4	0	duration	2000	0
516	2	noqperf	multistream_upload	syscall	loopback	8	4	0	duration	2000	0
517	2	noqperf	idle_footprint	syscall	loopback	16	4	0	work	0	0
518	2	ngtcp2perf	stream_churn	syscall	loopback	16	4	0	duration	2000	0
519	2	neqoperf	close_reset_cleanup	syscall	loopback	4	4	0	duration	2000	0
520	2	s2nperf	reqresp	syscall	loopback	4	4	0	duration	2000	0
521	2	mvfstperf	flow_control	syscall	loopback	2	4	0	duration	2000	0
522	2	quicheperf	idle_footprint	syscall	loopback	16	4	0	work	0	0
523	2	ngtcp2perf	small_payload_pps	syscall	loopback	16	4	0	duration	2000	0
524	2	quiczigperf	flow_control	syscall	loopback	2	4	0	duration	2000	0
525	2	quinnperf	multistream_upload	syscall	loopback	16	4	0	duration	2000	0
526	2	lsperf	small_payload_pps	syscall	loopback	16	4	0	duration	2000	0
527	2	neqoperf	stream_churn	syscall	loopback	4	4	0	duration	2000	0
528	2	ngtcp2perf	loss_recovery	syscall	loopback	2	4	0	duration	5000	0
529	2	quicheperf	multistream_upload	syscall	loopback	2	4	0	duration	2000	0
530	2	quicheperf	loss_recovery	syscall	loopback	1	4	0	duration	5000	0
531	2	picoperf	small_payload_pps	syscall	loopback	16	4	0	duration	2000	0
532	2	neqoperf	reqresp	syscall	loopback	4	4	0	duration	2000	0
533	2	noqperf	download	syscall	loopback	2	4	0	duration	2000	0
534	2	ngtcp2perf	flow_control	syscall	loopback	4	4	0	duration	2000	0
535	2	picoperf	download	syscall	loopback	1	4	0	duration	2000	0
536	2	lsperf	bidi	syscall	loopback	16	4	0	duration	2000	0
537	2	picoperf	flow_control	syscall	loopback	1	4	0	duration	2000	0
538	2	tquicperf	loss_recovery	syscall	loopback	2	4	0	duration	5000	0
539	2	ngtcp2perf	upload	syscall	loopback	2	4	0	duration	2000	0
540	2	lsperf	connect	syscall	loopback	16	4	0	work	0	8
541	2	ngtcp2perf	bidi	syscall	loopback	4	4	0	duration	2000	0
542	2	xquicperf	multistream_download	syscall	loopback	16	4	0	duration	2000	0
543	2	quiczigperf	close_reset_cleanup	syscall	loopback	4	4	0	duration	2000	0
544	2	lsperf	idle_footprint	syscall	loopback	8	4	0	work	0	0
545	2	mvfstperf	idle_footprint	syscall	loopback	16	4	0	work	0	0
546	2	mvfstperf	download	syscall	loopback	1	4	0	duration	2000	0
547	2	s2nperf	flow_control	syscall	loopback	2	4	0	duration	2000	0
548	2	s2nperf	connect	syscall	loopback	16	4	0	work	0	8
549	2	xquicperf	resumed_connect	syscall	loopback	2	4	0	work	0	64
550	2	neqoperf	loss_recovery	syscall	loopback	2	4	0	duration	5000	0
551	2	s2nperf	multistream_download	syscall	loopback	16	4	0	duration	2000	0
552	2	ngtcp2perf	idle_footprint	syscall	loopback	16	4	0	work	0	0
553	2	picoperf	idle_footprint	syscall	loopback	16	4	0	work	0	0
554	2	mvfstperf	datagram	syscall	loopback	16	4	0	duration	2000	0
555	2	xquicperf	loss_recovery	syscall	loopback	16	4	0	duration	5000	0
556	2	lsperf	datagram	syscall	loopback	2	4	0	duration	2000	0
557	2	quinnperf	upload	syscall	loopback	1	4	0	duration	2000	0
558	2	noqperf	reqresp	syscall	loopback	1	4	0	duration	2000	0
559	2	neqoperf	datagram	syscall	loopback	2	4	0	duration	2000	0
560	2	lsperf	loss_recovery	syscall	loopback	1	4	0	duration	5000	0
561	2	quinnperf	close_reset_cleanup	syscall	loopback	2	4	0	duration	2000	0
562	2	tquicperf	flow_control	syscall	loopback	16	4	0	duration	2000	0
563	2	s2nperf	upload	syscall	loopback	2	4	0	duration	2000	0
564	2	xquicperf	idle_footprint	syscall	loopback	16	4	0	work	0	0
565	2	quinnperf	resumed_connect	syscall	loopback	16	4	0	work	0	2
566	2	s2nperf	datagram	syscall	loopback	4	4	0	duration	2000	0
567	2	neqoperf	small_payload_pps	syscall	loopback	4	4	0	duration	2000	0
568	2	mvfstperf	bidi	syscall	loopback	4	4	0	duration	2000	0
569	2	quiczigperf	connect	syscall	loopback	8	4	0	work	0	16
570	2	quicheperf	connect	syscall	loopback	16	4	0	work	0	8
571	2	picoperf	loss_recovery	syscall	loopback	1	4	0	duration	5000	0
572	2	lsperf	multistream_download	syscall	loopback	16	4	0	duration	2000	0
573	2	tquicperf	reqresp	syscall	loopback	16	4	0	duration	2000	0
574	2	quicheperf	flow_control	syscall	loopback	8	4	0	duration	2000	0
575	2	quicheperf	zero_rtt_reqresp	syscall	loopback	16	4	0	duration	2000	0
576	2	mvfstperf	reqresp	syscall	loopback	16	4	0	duration	2000	0
577	2	neqoperf	connect	iouring	loopback	16	4	0	work	0	8
578	2	quiczigperf	connect	iouring	loopback	16	4	0	work	0	8
579	2	picoperf	resumed_connect	iouring	loopback	4	4	0	work	0	32
580	2	lsperf	resumed_connect	iouring	loopback	2	4	0	work	0	64
581	2	xquicperf	idle_footprint	iouring	loopback	16	4	0	work	0	0
582	2	picoperf	loss_recovery	iouring	loopback	1	4	0	duration	5000	0
583	2	neqoperf	reqresp	iouring	loopback	4	4	0	duration	2000	0
584	2	quicheperf	reqresp	iouring	loopback	16	4	0	duration	2000	0
585	2	quicheperf	small_payload_pps	iouring	loopback	16	4	0	duration	2000	0
586	2	quicheperf	flow_control	iouring	loopback	2	4	0	duration	2000	0
587	2	tquicperf	connect	iouring	loopback	16	4	0	work	0	8
588	2	ngtcp2perf	loss_recovery	iouring	loopback	8	4	0	duration	5000	0
589	2	tquicperf	resumed_connect	iouring	loopback	8	4	0	work	0	16
590	2	quiczigperf	multistream_upload	iouring	loopback	4	4	0	duration	2000	0
591	2	picoperf	multistream_download	iouring	loopback	16	4	0	duration	2000	0
592	2	ngtcp2perf	small_payload_pps	iouring	loopback	16	4	0	duration	2000	0
593	2	xquicperf	download	iouring	loopback	2	4	0	duration	2000	0
594	2	tquicperf	small_payload_pps	iouring	loopback	16	4	0	duration	2000	0
595	2	quinnperf	flow_control	iouring	loopback	2	4	0	duration	2000	0
596	2	quiczigperf	idle_footprint	iouring	loopback	16	4	0	work	0	0
597	2	ngtcp2perf	upload	iouring	loopback	2	4	0	duration	2000	0
598	2	neqoperf	small_payload_pps	iouring	loopback	4	4	0	duration	2000	0
599	2	quinnperf	resumed_connect	iouring	loopback	16	4	0	work	0	2
600	2	neqoperf	stream_churn	iouring	loopback	4	4	0	duration	2000	0
601	2	quiczigperf	multistream_download	iouring	loopback	1	4	0	duration	2000	0
602	2	quicheperf	connect	iouring	loopback	16	4	0	work	0	8
603	2	quicheperf	multistream_download	iouring	loopback	1	4	0	duration	2000	0
604	2	s2nperf	small_payload_pps	iouring	loopback	4	4	0	duration	2000	0
605	2	s2nperf	zero_rtt_reqresp	iouring	loopback	4	4	0	duration	2000	0
606	2	quinnperf	zero_rtt_reqresp	iouring	loopback	1	4	0	duration	2000	0
607	2	xquicperf	upload	iouring	loopback	16	4	0	duration	2000	0
608	2	lsperf	flow_control	iouring	loopback	1	4	0	duration	2000	0
609	2	s2nperf	close_reset_cleanup	iouring	loopback	4	4	0	duration	2000	0
610	2	noqperf	multistream_upload	iouring	loopback	8	4	0	duration	2000	0
611	2	quinnperf	loss_recovery	iouring	loopback	4	4	0	duration	5000	0
612	2	tquicperf	flow_control	iouring	loopback	16	4	0	duration	2000	0
613	2	tquicperf	stream_churn	iouring	loopback	16	4	0	duration	2000	0
614	2	ngtcp2perf	multistream_upload	iouring	loopback	2	4	0	duration	2000	0
615	2	ngtcp2perf	stream_churn	iouring	loopback	16	4	0	duration	2000	0
616	2	mvfstperf	download	iouring	loopback	2	4	0	duration	2000	0
617	2	tquicperf	upload	iouring	loopback	4	4	0	duration	2000	0
618	2	neqoperf	upload	iouring	loopback	1	4	0	duration	2000	0
619	2	quiczigperf	flow_control	iouring	loopback	2	4	0	duration	2000	0
620	2	neqoperf	zero_rtt_reqresp	iouring	loopback	4	4	0	duration	2000	0
621	2	quicheperf	datagram	iouring	loopback	2	4	0	duration	2000	0
622	2	noqperf	flow_control	iouring	loopback	2	4	0	duration	2000	0
623	2	quiczigperf	resumed_connect	iouring	loopback	16	4	0	work	0	2
624	2	xquicperf	bidi	iouring	loopback	2	4	0	duration	2000	0
625	2	xquicperf	loss_recovery	iouring	loopback	2	4	0	duration	5000	0
626	2	picoperf	flow_control	iouring	loopback	1	4	0	duration	2000	0
627	2	lsperf	small_payload_pps	iouring	loopback	16	4	0	duration	2000	0
628	2	tquicperf	loss_recovery	iouring	loopback	2	4	0	duration	5000	0
629	2	quiczigperf	upload	iouring	loopback	1	4	0	duration	2000	0
630	2	quicheperf	idle_footprint	iouring	loopback	16	4	0	work	0	0
631	2	ngtcp2perf	close_reset_cleanup	iouring	loopback	16	4	0	duration	2000	0
632	2	ngtcp2perf	datagram	iouring	loopback	1	4	0	duration	2000	0
633	2	picoperf	idle_footprint	iouring	loopback	16	4	0	work	0	0
634	2	noqperf	datagram	iouring	loopback	4	4	0	duration	2000	0
635	2	s2nperf	flow_control	iouring	loopback	2	4	0	duration	2000	0
636	2	neqoperf	loss_recovery	iouring	loopback	2	4	0	duration	5000	0
637	2	quicheperf	loss_recovery	iouring	loopback	1	4	0	duration	5000	0
638	2	picoperf	bidi	iouring	loopback	16	4	0	duration	2000	0
639	2	mvfstperf	zero_rtt_reqresp	iouring	loopback	16	4	0	duration	2000	0
640	2	mvfstperf	resumed_connect	iouring	loopback	2	4	0	work	0	64
641	2	lsperf	idle_footprint	iouring	loopback	16	4	0	work	0	0
642	2	xquicperf	small_payload_pps	iouring	loopback	4	4	0	duration	2000	0
643	2	neqoperf	resumed_connect	iouring	loopback	16	4	0	work	0	2
644	2	quiczigperf	small_payload_pps	iouring	loopback	8	4	0	duration	2000	0
645	2	lsperf	bidi	iouring	loopback	8	4	0	duration	2000	0
646	2	xquicperf	stream_churn	iouring	loopback	2	4	0	duration	2000	0
647	2	mvfstperf	reqresp	iouring	loopback	16	4	0	duration	2000	0
648	2	mvfstperf	multistream_upload	iouring	loopback	16	4	0	duration	2000	0
649	2	mvfstperf	flow_control	iouring	loopback	4	4	0	duration	2000	0
650	2	s2nperf	upload	iouring	loopback	2	4	0	duration	2000	0
651	2	xquicperf	zero_rtt_reqresp	iouring	loopback	2	4	0	duration	2000	0
652	2	picoperf	zero_rtt_reqresp	iouring	loopback	8	4	0	duration	2000	0
653	2	picoperf	datagram	iouring	loopback	1	4	0	duration	2000	0
654	2	noqperf	loss_recovery	iouring	loopback	2	4	0	duration	5000	0
655	2	mvfstperf	small_payload_pps	iouring	loopback	16	4	0	duration	2000	0
656	2	tquicperf	idle_footprint	iouring	loopback	16	4	0	work	0	0
657	2	mvfstperf	multistream_download	iouring	loopback	16	4	0	duration	2000	0
658	2	ngtcp2perf	flow_control	iouring	loopback	8	4	0	duration	2000	0
659	2	quiczigperf	stream_churn	iouring	loopback	4	4	0	duration	2000	0
660	2	quiczigperf	zero_rtt_reqresp	iouring	loopback	4	4	0	duration	2000	0
661	2	ngtcp2perf	connect	iouring	loopback	16	4	0	work	0	8
662	2	neqoperf	bidi	iouring	loopback	1	4	0	duration	2000	0
663	2	quicheperf	close_reset_cleanup	iouring	loopback	16	4	0	duration	2000	0
664	2	xquicperf	multistream_upload	iouring	loopback	16	4	0	duration	2000	0
665	2	ngtcp2perf	idle_footprint	iouring	loopback	16	4	0	work	0	0
666	2	picoperf	stream_churn	iouring	loopback	16	4	0	duration	2000	0
667	2	quinnperf	stream_churn	iouring	loopback	1	4	0	duration	2000	0
668	2	ngtcp2perf	bidi	iouring	loopback	4	4	0	duration	2000	0
669	2	quicheperf	upload	iouring	loopback	2	4	0	duration	2000	0
670	2	xquicperf	reqresp	iouring	loopback	2	4	0	duration	2000	0
671	2	quicheperf	bidi	iouring	loopback	4	4	0	duration	2000	0
672	2	s2nperf	stream_churn	iouring	loopback	4	4	0	duration	2000	0
673	2	lsperf	multistream_upload	iouring	loopback	16	4	0	duration	2000	0
674	2	noqperf	small_payload_pps	iouring	loopback	1	4	0	duration	2000	0
675	2	lsperf	multistream_download	iouring	loopback	16	4	0	duration	2000	0
676	2	quinnperf	close_reset_cleanup	iouring	loopback	2	4	0	duration	2000	0
677	2	quiczigperf	bidi	iouring	loopback	1	4	0	duration	2000	0
678	2	s2nperf	idle_footprint	iouring	loopback	16	4	0	work	0	0
679	2	s2nperf	multistream_upload	iouring	loopback	16	4	0	duration	2000	0
680	2	quicheperf	stream_churn	iouring	loopback	16	4	0	duration	2000	0
681	2	quiczigperf	loss_recovery	iouring	loopback	1	4	0	duration	5000	0
682	2	quicheperf	zero_rtt_reqresp	iouring	loopback	8	4	0	duration	2000	0
683	2	lsperf	upload	iouring	loopback	2	4	0	duration	2000	0
684	2	tquicperf	datagram	iouring	loopback	2	4	0	duration	2000	0
685	2	noqperf	stream_churn	iouring	loopback	1	4	0	duration	2000	0
686	2	ngtcp2perf	zero_rtt_reqresp	iouring	loopback	16	4	0	duration	2000	0
687	2	neqoperf	idle_footprint	iouring	loopback	16	4	0	work	0	0
688	2	mvfstperf	upload	iouring	loopback	8	4	0	duration	2000	0
689	2	xquicperf	datagram	iouring	loopback	8	4	0	duration	2000	0
690	2	lsperf	loss_recovery	iouring	loopback	1	4	0	duration	5000	0
691	2	noqperf	download	iouring	loopback	2	4	0	duration	2000	0
692	2	quicheperf	download	iouring	loopback	1	4	0	duration	2000	0
693	2	ngtcp2perf	multistream_download	iouring	loopback	4	4	0	duration	2000	0
694	2	mvfstperf	close_reset_cleanup	iouring	loopback	16	4	0	duration	2000	0
695	2	quiczigperf	datagram	iouring	loopback	2	4	0	duration	2000	0
696	2	s2nperf	reqresp	iouring	loopback	4	4	0	duration	2000	0
697	2	lsperf	reqresp	iouring	loopback	16	4	0	duration	2000	0
698	2	lsperf	close_reset_cleanup	iouring	loopback	16	4	0	duration	2000	0
699	2	neqoperf	multistream_upload	iouring	loopback	2	4	0	duration	2000	0
700	2	s2nperf	loss_recovery	iouring	loopback	2	4	0	duration	5000	0
701	2	quinnperf	upload	iouring	loopback	1	4	0	duration	2000	0
702	2	picoperf	small_payload_pps	iouring	loopback	16	4	0	duration	2000	0
703	2	quicheperf	multistream_upload	iouring	loopback	2	4	0	duration	2000	0
704	2	mvfstperf	stream_churn	iouring	loopback	16	4	0	duration	2000	0
705	2	noqperf	resumed_connect	iouring	loopback	16	4	0	work	0	2
706	2	xquicperf	resumed_connect	iouring	loopback	2	4	0	work	0	64
707	2	quinnperf	idle_footprint	iouring	loopback	16	4	0	work	0	0
708	2	lsperf	download	iouring	loopback	1	4	0	duration	2000	0
709	2	quinnperf	reqresp	iouring	loopback	1	4	0	duration	2000	0
710	2	quinnperf	download	iouring	loopback	2	4	0	duration	2000	0
711	2	s2nperf	bidi	iouring	loopback	16	4	0	duration	2000	0
712	2	quiczigperf	reqresp	iouring	loopback	4	4	0	duration	2000	0
713	2	tquicperf	multistream_download	iouring	loopback	1	4	0	duration	2000	0
714	2	ngtcp2perf	resumed_connect	iouring	loopback	16	4	0	work	0	8
715	2	tquicperf	zero_rtt_reqresp	iouring	loopback	16	4	0	duration	2000	0
716	2	picoperf	download	iouring	loopback	1	4	0	duration	2000	0
717	2	lsperf	connect	iouring	loopback	16	4	0	work	0	8
718	2	noqperf	zero_rtt_reqresp	iouring	loopback	1	4	0	duration	2000	0
719	2	neqoperf	close_reset_cleanup	iouring	loopback	4	4	0	duration	2000	0
720	2	lsperf	zero_rtt_reqresp	iouring	loopback	8	4	0	duration	2000	0
721	2	neqoperf	multistream_download	iouring	loopback	1	4	0	duration	2000	0
722	2	s2nperf	multistream_download	iouring	loopback	16	4	0	duration	2000	0
723	2	quiczigperf	close_reset_cleanup	iouring	loopback	8	4	0	duration	2000	0
724	2	neqoperf	flow_control	iouring	loopback	2	4	0	duration	2000	0
725	2	xquicperf	close_reset_cleanup	iouring	loopback	2	4	0	duration	2000	0
726	2	tquicperf	close_reset_cleanup	iouring	loopback	16	4	0	duration	2000	0
727	2	noqperf	bidi	iouring	loopback	1	4	0	duration	2000	0
728	2	mvfstperf	loss_recovery	iouring	loopback	16	4	0	duration	5000	0
729	2	s2nperf	connect	iouring	loopback	16	4	0	work	0	8
730	2	mvfstperf	idle_footprint	iouring	loopback	16	4	0	work	0	0
731	2	noqperf	multistream_download	iouring	loopback	2	4	0	duration	2000	0
732	2	xquicperf	multistream_download	iouring	loopback	8	4	0	duration	2000	0
733	2	quiczigperf	download	iouring	loopback	1	4	0	duration	2000	0
734	2	s2nperf	download	iouring	loopback	1	4	0	duration	2000	0
735	2	picoperf	upload	iouring	loopback	2	4	0	duration	2000	0
736	2	lsperf	datagram	iouring	loopback	16	4	0	duration	2000	0
737	2	tquicperf	bidi	iouring	loopback	4	4	0	duration	2000	0
738	2	mvfstperf	datagram	iouring	loopback	1	4	0	duration	2000	0
739	2	noqperf	close_reset_cleanup	iouring	loopback	1	4	0	duration	2000	0
740	2	tquicperf	download	iouring	loopback	1	4	0	duration	2000	0
741	2	picoperf	multistream_upload	iouring	loopback	16	4	0	duration	2000	0
742	2	mvfstperf	connect	iouring	loopback	16	4	0	work	0	8
743	2	picoperf	connect	iouring	loopback	16	4	0	work	0	8
744	2	ngtcp2perf	download	iouring	loopback	4	4	0	duration	2000	0
745	2	noqperf	connect	iouring	loopback	16	4	0	work	0	8
746	2	quinnperf	datagram	iouring	loopback	4	4	0	duration	2000	0
747	2	neqoperf	datagram	iouring	loopback	2	4	0	duration	2000	0
748	2	xquicperf	connect	iouring	loopback	16	4	0	work	0	8
749	2	mvfstperf	bidi	iouring	loopback	4	4	0	duration	2000	0
750	2	picoperf	reqresp	iouring	loopback	8	4	0	duration	2000	0
751	2	s2nperf	datagram	iouring	loopback	8	4	0	duration	2000	0
752	2	tquicperf	reqresp	iouring	loopback	16	4	0	duration	2000	0
753	2	ngtcp2perf	reqresp	iouring	loopback	16	4	0	duration	2000	0
754	2	tquicperf	multistream_upload	iouring	loopback	2	4	0	duration	2000	0
755	2	neqoperf	download	iouring	loopback	1	4	0	duration	2000	0
756	2	quicheperf	resumed_connect	iouring	loopback	2	4	0	work	0	64
757	2	quinnperf	bidi	iouring	loopback	1	4	0	duration	2000	0
758	2	noqperf	reqresp	iouring	loopback	1	4	0	duration	2000	0
759	2	noqperf	idle_footprint	iouring	loopback	16	4	0	work	0	0
760	2	quinnperf	multistream_upload	iouring	loopback	16	4	0	duration	2000	0
761	2	quinnperf	small_payload_pps	iouring	loopback	1	4	0	duration	2000	0
762	2	s2nperf	resumed_connect	iouring	loopback	16	4	0	work	0	2
763	2	picoperf	close_reset_cleanup	iouring	loopback	16	4	0	duration	2000	0
764	2	quinnperf	connect	iouring	loopback	16	4	0	work	0	8
765	2	noqperf	upload	iouring	loopback	1	4	0	duration	2000	0
766	2	lsperf	stream_churn	iouring	loopback	16	4	0	duration	2000	0
767	2	quinnperf	multistream_download	iouring	loopback	2	4	0	duration	2000	0
768	2	xquicperf	flow_control	iouring	loopback	8	4	0	duration	2000	0
769	3	quiczigperf	connect	iouring	loopback	16	4	0	work	0	8
770	3	s2nperf	datagram	iouring	loopback	8	4	0	duration	2000	0
771	3	tquicperf	close_reset_cleanup	iouring	loopback	16	4	0	duration	2000	0
772	3	xquicperf	resumed_connect	iouring	loopback	2	4	0	work	0	64
773	3	noqperf	multistream_download	iouring	loopback	2	4	0	duration	2000	0
774	3	noqperf	zero_rtt_reqresp	iouring	loopback	1	4	0	duration	2000	0
775	3	tquicperf	upload	iouring	loopback	4	4	0	duration	2000	0
776	3	ngtcp2perf	bidi	iouring	loopback	4	4	0	duration	2000	0
777	3	noqperf	multistream_upload	iouring	loopback	8	4	0	duration	2000	0
778	3	quicheperf	zero_rtt_reqresp	iouring	loopback	8	4	0	duration	2000	0
779	3	quicheperf	upload	iouring	loopback	2	4	0	duration	2000	0
780	3	quicheperf	flow_control	iouring	loopback	2	4	0	duration	2000	0
781	3	quicheperf	connect	iouring	loopback	16	4	0	work	0	8
782	3	xquicperf	loss_recovery	iouring	loopback	2	4	0	duration	5000	0
783	3	neqoperf	flow_control	iouring	loopback	2	4	0	duration	2000	0
784	3	picoperf	bidi	iouring	loopback	16	4	0	duration	2000	0
785	3	quinnperf	resumed_connect	iouring	loopback	16	4	0	work	0	2
786	3	tquicperf	zero_rtt_reqresp	iouring	loopback	16	4	0	duration	2000	0
787	3	s2nperf	upload	iouring	loopback	2	4	0	duration	2000	0
788	3	quinnperf	stream_churn	iouring	loopback	1	4	0	duration	2000	0
789	3	quicheperf	download	iouring	loopback	1	4	0	duration	2000	0
790	3	quiczigperf	reqresp	iouring	loopback	4	4	0	duration	2000	0
791	3	quinnperf	bidi	iouring	loopback	1	4	0	duration	2000	0
792	3	xquicperf	close_reset_cleanup	iouring	loopback	2	4	0	duration	2000	0
793	3	ngtcp2perf	connect	iouring	loopback	16	4	0	work	0	8
794	3	quiczigperf	idle_footprint	iouring	loopback	16	4	0	work	0	0
795	3	ngtcp2perf	upload	iouring	loopback	2	4	0	duration	2000	0
796	3	s2nperf	close_reset_cleanup	iouring	loopback	4	4	0	duration	2000	0
797	3	noqperf	datagram	iouring	loopback	4	4	0	duration	2000	0
798	3	ngtcp2perf	close_reset_cleanup	iouring	loopback	16	4	0	duration	2000	0
799	3	mvfstperf	zero_rtt_reqresp	iouring	loopback	16	4	0	duration	2000	0
800	3	lsperf	stream_churn	iouring	loopback	16	4	0	duration	2000	0
801	3	quinnperf	download	iouring	loopback	2	4	0	duration	2000	0
802	3	quicheperf	reqresp	iouring	loopback	16	4	0	duration	2000	0
803	3	tquicperf	bidi	iouring	loopback	4	4	0	duration	2000	0
804	3	neqoperf	multistream_download	iouring	loopback	1	4	0	duration	2000	0
805	3	mvfstperf	close_reset_cleanup	iouring	loopback	16	4	0	duration	2000	0
806	3	ngtcp2perf	zero_rtt_reqresp	iouring	loopback	16	4	0	duration	2000	0
807	3	mvfstperf	stream_churn	iouring	loopback	16	4	0	duration	2000	0
808	3	s2nperf	small_payload_pps	iouring	loopback	4	4	0	duration	2000	0
809	3	ngtcp2perf	multistream_download	iouring	loopback	4	4	0	duration	2000	0
810	3	xquicperf	upload	iouring	loopback	16	4	0	duration	2000	0
811	3	neqoperf	loss_recovery	iouring	loopback	2	4	0	duration	5000	0
812	3	quiczigperf	bidi	iouring	loopback	1	4	0	duration	2000	0
813	3	picoperf	zero_rtt_reqresp	iouring	loopback	8	4	0	duration	2000	0
814	3	mvfstperf	reqresp	iouring	loopback	16	4	0	duration	2000	0
815	3	picoperf	multistream_upload	iouring	loopback	16	4	0	duration	2000	0
816	3	mvfstperf	multistream_upload	iouring	loopback	16	4	0	duration	2000	0
817	3	ngtcp2perf	small_payload_pps	iouring	loopback	16	4	0	duration	2000	0
818	3	picoperf	stream_churn	iouring	loopback	16	4	0	duration	2000	0
819	3	xquicperf	multistream_upload	iouring	loopback	16	4	0	duration	2000	0
820	3	mvfstperf	multistream_download	iouring	loopback	16	4	0	duration	2000	0
821	3	lsperf	flow_control	iouring	loopback	1	4	0	duration	2000	0
822	3	quinnperf	multistream_upload	iouring	loopback	16	4	0	duration	2000	0
823	3	quiczigperf	loss_recovery	iouring	loopback	1	4	0	duration	5000	0
824	3	lsperf	loss_recovery	iouring	loopback	1	4	0	duration	5000	0
825	3	picoperf	download	iouring	loopback	1	4	0	duration	2000	0
826	3	neqoperf	zero_rtt_reqresp	iouring	loopback	4	4	0	duration	2000	0
827	3	tquicperf	flow_control	iouring	loopback	16	4	0	duration	2000	0
828	3	neqoperf	reqresp	iouring	loopback	4	4	0	duration	2000	0
829	3	lsperf	connect	iouring	loopback	16	4	0	work	0	8
830	3	neqoperf	resumed_connect	iouring	loopback	16	4	0	work	0	2
831	3	mvfstperf	upload	iouring	loopback	8	4	0	duration	2000	0
832	3	neqoperf	small_payload_pps	iouring	loopback	4	4	0	duration	2000	0
833	3	ngtcp2perf	resumed_connect	iouring	loopback	16	4	0	work	0	8
834	3	lsperf	upload	iouring	loopback	2	4	0	duration	2000	0
835	3	picoperf	multistream_download	iouring	loopback	16	4	0	duration	2000	0
836	3	s2nperf	reqresp	iouring	loopback	4	4	0	duration	2000	0
837	3	s2nperf	multistream_download	iouring	loopback	16	4	0	duration	2000	0
838	3	lsperf	small_payload_pps	iouring	loopback	16	4	0	duration	2000	0
839	3	quiczigperf	close_reset_cleanup	iouring	loopback	8	4	0	duration	2000	0
840	3	tquicperf	datagram	iouring	loopback	2	4	0	duration	2000	0
841	3	quinnperf	loss_recovery	iouring	loopback	4	4	0	duration	5000	0
842	3	lsperf	bidi	iouring	loopback	8	4	0	duration	2000	0
843	3	quicheperf	small_payload_pps	iouring	loopback	16	4	0	duration	2000	0
844	3	noqperf	download	iouring	loopback	2	4	0	duration	2000	0
845	3	lsperf	multistream_upload	iouring	loopback	16	4	0	duration	2000	0
846	3	xquicperf	flow_control	iouring	loopback	8	4	0	duration	2000	0
847	3	tquicperf	download	iouring	loopback	1	4	0	duration	2000	0
848	3	s2nperf	multistream_upload	iouring	loopback	16	4	0	duration	2000	0
849	3	quinnperf	datagram	iouring	loopback	4	4	0	duration	2000	0
850	3	quinnperf	multistream_download	iouring	loopback	2	4	0	duration	2000	0
851	3	quicheperf	resumed_connect	iouring	loopback	2	4	0	work	0	64
852	3	quinnperf	zero_rtt_reqresp	iouring	loopback	1	4	0	duration	2000	0
853	3	tquicperf	idle_footprint	iouring	loopback	16	4	0	work	0	0
854	3	ngtcp2perf	flow_control	iouring	loopback	8	4	0	duration	2000	0
855	3	xquicperf	bidi	iouring	loopback	2	4	0	duration	2000	0
856	3	quinnperf	flow_control	iouring	loopback	2	4	0	duration	2000	0
857	3	quinnperf	reqresp	iouring	loopback	1	4	0	duration	2000	0
858	3	quinnperf	small_payload_pps	iouring	loopback	1	4	0	duration	2000	0
859	3	picoperf	resumed_connect	iouring	loopback	4	4	0	work	0	32
860	3	mvfstperf	small_payload_pps	iouring	loopback	16	4	0	duration	2000	0
861	3	xquicperf	idle_footprint	iouring	loopback	16	4	0	work	0	0
862	3	noqperf	flow_control	iouring	loopback	2	4	0	duration	2000	0
863	3	neqoperf	idle_footprint	iouring	loopback	16	4	0	work	0	0
864	3	quiczigperf	zero_rtt_reqresp	iouring	loopback	4	4	0	duration	2000	0
865	3	quiczigperf	flow_control	iouring	loopback	2	4	0	duration	2000	0
866	3	ngtcp2perf	reqresp	iouring	loopback	16	4	0	duration	2000	0
867	3	xquicperf	stream_churn	iouring	loopback	2	4	0	duration	2000	0
868	3	noqperf	close_reset_cleanup	iouring	loopback	1	4	0	duration	2000	0
869	3	quiczigperf	datagram	iouring	loopback	2	4	0	duration	2000	0
870	3	quicheperf	close_reset_cleanup	iouring	loopback	16	4	0	duration	2000	0
871	3	lsperf	datagram	iouring	loopback	16	4	0	duration	2000	0
872	3	quicheperf	idle_footprint	iouring	loopback	16	4	0	work	0	0
873	3	mvfstperf	download	iouring	loopback	2	4	0	duration	2000	0
874	3	quicheperf	loss_recovery	iouring	loopback	1	4	0	duration	5000	0
875	3	xquicperf	small_payload_pps	iouring	loopback	4	4	0	duration	2000	0
876	3	tquicperf	reqresp	iouring	loopback	16	4	0	duration	2000	0
877	3	xquicperf	reqresp	iouring	loopback	2	4	0	duration	2000	0
878	3	tquicperf	connect	iouring	loopback	16	4	0	work	0	8
879	3	lsperf	reqresp	iouring	loopback	16	4	0	duration	2000	0
880	3	ngtcp2perf	stream_churn	iouring	loopback	16	4	0	duration	2000	0
881	3	noqperf	resumed_connect	iouring	loopback	16	4	0	work	0	2
882	3	picoperf	connect	iouring	loopback	16	4	0	work	0	8
883	3	s2nperf	zero_rtt_reqresp	iouring	loopback	4	4	0	duration	2000	0
884	3	lsperf	multistream_download	iouring	loopback	16	4	0	duration	2000	0
885	3	xquicperf	download	iouring	loopback	2	4	0	duration	2000	0
886	3	quinnperf	connect	iouring	loopback	16	4	0	work	0	8
887	3	mvfstperf	flow_control	iouring	loopback	4	4	0	duration	2000	0
888	3	noqperf	stream_churn	iouring	loopback	1	4	0	duration	2000	0
889	3	neqoperf	connect	iouring	loopback	16	4	0	work	0	8
890	3	neqoperf	multistream_upload	iouring	loopback	2	4	0	duration	2000	0
891	3	ngtcp2perf	loss_recovery	iouring	loopback	8	4	0	duration	5000	0
892	3	picoperf	close_reset_cleanup	iouring	loopback	16	4	0	duration	2000	0
893	3	quicheperf	multistream_upload	iouring	loopback	2	4	0	duration	2000	0
894	3	s2nperf	bidi	iouring	loopback	16	4	0	duration	2000	0
895	3	lsperf	idle_footprint	iouring	loopback	16	4	0	work	0	0
896	3	picoperf	idle_footprint	iouring	loopback	16	4	0	work	0	0
897	3	mvfstperf	loss_recovery	iouring	loopback	16	4	0	duration	5000	0
898	3	xquicperf	datagram	iouring	loopback	8	4	0	duration	2000	0
899	3	quicheperf	bidi	iouring	loopback	4	4	0	duration	2000	0
900	3	quiczigperf	multistream_upload	iouring	loopback	4	4	0	duration	2000	0
901	3	quinnperf	idle_footprint	iouring	loopback	16	4	0	work	0	0
902	3	lsperf	resumed_connect	iouring	loopback	2	4	0	work	0	64
903	3	quiczigperf	stream_churn	iouring	loopback	4	4	0	duration	2000	0
904	3	tquicperf	multistream_upload	iouring	loopback	2	4	0	duration	2000	0
905	3	mvfstperf	datagram	iouring	loopback	1	4	0	duration	2000	0
906	3	picoperf	reqresp	iouring	loopback	8	4	0	duration	2000	0
907	3	tquicperf	resumed_connect	iouring	loopback	8	4	0	work	0	16
908	3	neqoperf	stream_churn	iouring	loopback	4	4	0	duration	2000	0
909	3	lsperf	download	iouring	loopback	1	4	0	duration	2000	0
910	3	mvfstperf	idle_footprint	iouring	loopback	16	4	0	work	0	0
911	3	neqoperf	datagram	iouring	loopback	2	4	0	duration	2000	0
912	3	picoperf	flow_control	iouring	loopback	1	4	0	duration	2000	0
913	3	tquicperf	stream_churn	iouring	loopback	16	4	0	duration	2000	0
914	3	s2nperf	resumed_connect	iouring	loopback	16	4	0	work	0	2
915	3	lsperf	zero_rtt_reqresp	iouring	loopback	8	4	0	duration	2000	0
916	3	quicheperf	multistream_download	iouring	loopback	1	4	0	duration	2000	0
917	3	noqperf	reqresp	iouring	loopback	1	4	0	duration	2000	0
918	3	s2nperf	flow_control	iouring	loopback	2	4	0	duration	2000	0
919	3	s2nperf	connect	iouring	loopback	16	4	0	work	0	8
920	3	lsperf	close_reset_cleanup	iouring	loopback	16	4	0	duration	2000	0
921	3	picoperf	loss_recovery	iouring	loopback	1	4	0	duration	5000	0
922	3	s2nperf	stream_churn	iouring	loopback	4	4	0	duration	2000	0
923	3	ngtcp2perf	download	iouring	loopback	4	4	0	duration	2000	0
924	3	xquicperf	multistream_download	iouring	loopback	8	4	0	duration	2000	0
925	3	picoperf	upload	iouring	loopback	2	4	0	duration	2000	0
926	3	quiczigperf	multistream_download	iouring	loopback	1	4	0	duration	2000	0
927	3	quicheperf	datagram	iouring	loopback	2	4	0	duration	2000	0
928	3	neqoperf	close_reset_cleanup	iouring	loopback	4	4	0	duration	2000	0
929	3	tquicperf	loss_recovery	iouring	loopback	2	4	0	duration	5000	0
930	3	noqperf	loss_recovery	iouring	loopback	2	4	0	duration	5000	0
931	3	quiczigperf	download	iouring	loopback	1	4	0	duration	2000	0
932	3	quicheperf	stream_churn	iouring	loopback	16	4	0	duration	2000	0
933	3	noqperf	upload	iouring	loopback	1	4	0	duration	2000	0
934	3	s2nperf	loss_recovery	iouring	loopback	2	4	0	duration	5000	0
935	3	quiczigperf	upload	iouring	loopback	1	4	0	duration	2000	0
936	3	neqoperf	bidi	iouring	loopback	1	4	0	duration	2000	0
937	3	noqperf	idle_footprint	iouring	loopback	16	4	0	work	0	0
938	3	picoperf	datagram	iouring	loopback	1	4	0	duration	2000	0
939	3	quinnperf	close_reset_cleanup	iouring	loopback	2	4	0	duration	2000	0
940	3	mvfstperf	bidi	iouring	loopback	4	4	0	duration	2000	0
941	3	noqperf	small_payload_pps	iouring	loopback	1	4	0	duration	2000	0
942	3	tquicperf	small_payload_pps	iouring	loopback	16	4	0	duration	2000	0
943	3	ngtcp2perf	multistream_upload	iouring	loopback	2	4	0	duration	2000	0
944	3	mvfstperf	connect	iouring	loopback	16	4	0	work	0	8
945	3	tquicperf	multistream_download	iouring	loopback	1	4	0	duration	2000	0
946	3	xquicperf	zero_rtt_reqresp	iouring	loopback	2	4	0	duration	2000	0
947	3	ngtcp2perf	datagram	iouring	loopback	1	4	0	duration	2000	0
948	3	quiczigperf	resumed_connect	iouring	loopback	16	4	0	work	0	2
949	3	neqoperf	download	iouring	loopback	1	4	0	duration	2000	0
950	3	noqperf	bidi	iouring	loopback	1	4	0	duration	2000	0
951	3	s2nperf	idle_footprint	iouring	loopback	16	4	0	work	0	0
952	3	picoperf	small_payload_pps	iouring	loopback	16	4	0	duration	2000	0
953	3	quiczigperf	small_payload_pps	iouring	loopback	8	4	0	duration	2000	0
954	3	s2nperf	download	iouring	loopback	1	4	0	duration	2000	0
955	3	xquicperf	connect	iouring	loopback	16	4	0	work	0	8
956	3	ngtcp2perf	idle_footprint	iouring	loopback	16	4	0	work	0	0
957	3	noqperf	connect	iouring	loopback	16	4	0	work	0	8
958	3	mvfstperf	resumed_connect	iouring	loopback	2	4	0	work	0	64
959	3	quinnperf	upload	iouring	loopback	1	4	0	duration	2000	0
960	3	neqoperf	upload	iouring	loopback	1	4	0	duration	2000	0
961	3	noqperf	resumed_connect	syscall	loopback	16	4	0	work	0	2
962	3	xquicperf	zero_rtt_reqresp	syscall	loopback	16	4	0	duration	2000	0
963	3	xquicperf	stream_churn	syscall	loopback	16	4	0	duration	2000	0
964	3	lsperf	reqresp	syscall	loopback	16	4	0	duration	2000	0
965	3	tquicperf	multistream_download	syscall	loopback	2	4	0	duration	2000	0
966	3	neqoperf	connect	syscall	loopback	16	4	0	work	0	8
967	3	quinnperf	idle_footprint	syscall	loopback	16	4	0	work	0	0
968	3	xquicperf	close_reset_cleanup	syscall	loopback	16	4	0	duration	2000	0
969	3	noqperf	reqresp	syscall	loopback	1	4	0	duration	2000	0
970	3	quiczigperf	reqresp	syscall	loopback	4	4	0	duration	2000	0
971	3	neqoperf	close_reset_cleanup	syscall	loopback	4	4	0	duration	2000	0
972	3	quinnperf	multistream_upload	syscall	loopback	16	4	0	duration	2000	0
973	3	quinnperf	connect	syscall	loopback	8	4	0	work	0	16
974	3	ngtcp2perf	download	syscall	loopback	1	4	0	duration	2000	0
975	3	xquicperf	loss_recovery	syscall	loopback	16	4	0	duration	5000	0
976	3	picoperf	upload	syscall	loopback	2	4	0	duration	2000	0
977	3	mvfstperf	reqresp	syscall	loopback	16	4	0	duration	2000	0
978	3	mvfstperf	flow_control	syscall	loopback	2	4	0	duration	2000	0
979	3	noqperf	stream_churn	syscall	loopback	2	4	0	duration	2000	0
980	3	tquicperf	zero_rtt_reqresp	syscall	loopback	16	4	0	duration	2000	0
981	3	quiczigperf	idle_footprint	syscall	loopback	16	4	0	work	0	0
982	3	neqoperf	multistream_download	syscall	loopback	1	4	0	duration	2000	0
983	3	picoperf	connect	syscall	loopback	16	4	0	work	0	8
984	3	mvfstperf	bidi	syscall	loopback	4	4	0	duration	2000	0
985	3	s2nperf	loss_recovery	syscall	loopback	2	4	0	duration	5000	0
986	3	neqoperf	loss_recovery	syscall	loopback	2	4	0	duration	5000	0
987	3	neqoperf	multistream_upload	syscall	loopback	2	4	0	duration	2000	0
988	3	lsperf	idle_footprint	syscall	loopback	8	4	0	work	0	0
989	3	neqoperf	datagram	syscall	loopback	2	4	0	duration	2000	0
990	3	xquicperf	download	syscall	loopback	16	4	0	duration	2000	0
991	3	ngtcp2perf	reqresp	syscall	loopback	16	4	0	duration	2000	0
992	3	tquicperf	idle_footprint	syscall	loopback	16	4	0	work	0	0
993	3	quiczigperf	stream_churn	syscall	loopback	4	4	0	duration	2000	0
994	3	picoperf	resumed_connect	syscall	loopback	2	4	0	work	0	64
995	3	picoperf	flow_control	syscall	loopback	1	4	0	duration	2000	0
996	3	picoperf	stream_churn	syscall	loopback	16	4	0	duration	2000	0
997	3	picoperf	datagram	syscall	loopback	1	4	0	duration	2000	0
998	3	lsperf	multistream_upload	syscall	loopback	16	4	0	duration	2000	0
999	3	s2nperf	multistream_download	syscall	loopback	16	4	0	duration	2000	0
1000	3	lsperf	connect	syscall	loopback	16	4	0	work	0	8
1001	3	quiczigperf	flow_control	syscall	loopback	2	4	0	duration	2000	0
1002	3	quiczigperf	connect	syscall	loopback	8	4	0	work	0	16
1003	3	quiczigperf	small_payload_pps	syscall	loopback	8	4	0	duration	2000	0
1004	3	quicheperf	bidi	syscall	loopback	4	4	0	duration	2000	0
1005	3	picoperf	zero_rtt_reqresp	syscall	loopback	16	4	0	duration	2000	0
1006	3	picoperf	small_payload_pps	syscall	loopback	16	4	0	duration	2000	0
1007	3	lsperf	upload	syscall	loopback	2	4	0	duration	2000	0
1008	3	picoperf	multistream_download	syscall	loopback	16	4	0	duration	2000	0
1009	3	mvfstperf	stream_churn	syscall	loopback	16	4	0	duration	2000	0
1010	3	quinnperf	multistream_download	syscall	loopback	2	4	0	duration	2000	0
1011	3	noqperf	download	syscall	loopback	2	4	0	duration	2000	0
1012	3	quiczigperf	multistream_download	syscall	loopback	1	4	0	duration	2000	0
1013	3	quicheperf	close_reset_cleanup	syscall	loopback	16	4	0	duration	2000	0
1014	3	quiczigperf	loss_recovery	syscall	loopback	1	4	0	duration	5000	0
1015	3	noqperf	multistream_download	syscall	loopback	2	4	0	duration	2000	0
1016	3	noqperf	flow_control	syscall	loopback	2	4	0	duration	2000	0
1017	3	xquicperf	small_payload_pps	syscall	loopback	16	4	0	duration	2000	0
1018	3	noqperf	zero_rtt_reqresp	syscall	loopback	1	4	0	duration	2000	0
1019	3	s2nperf	datagram	syscall	loopback	4	4	0	duration	2000	0
1020	3	xquicperf	multistream_upload	syscall	loopback	16	4	0	duration	2000	0
1021	3	mvfstperf	multistream_upload	syscall	loopback	16	4	0	duration	2000	0
1022	3	s2nperf	download	syscall	loopback	2	4	0	duration	2000	0
1023	3	quiczigperf	datagram	syscall	loopback	2	4	0	duration	2000	0
1024	3	ngtcp2perf	upload	syscall	loopback	2	4	0	duration	2000	0
1025	3	quinnperf	zero_rtt_reqresp	syscall	loopback	1	4	0	duration	2000	0
1026	3	tquicperf	close_reset_cleanup	syscall	loopback	16	4	0	duration	2000	0
1027	3	picoperf	bidi	syscall	loopback	16	4	0	duration	2000	0
1028	3	mvfstperf	connect	syscall	loopback	16	4	0	work	0	8
1029	3	quicheperf	loss_recovery	syscall	loopback	1	4	0	duration	5000	0
1030	3	lsperf	flow_control	syscall	loopback	1	4	0	duration	2000	0
1031	3	s2nperf	close_reset_cleanup	syscall	loopback	4	4	0	duration	2000	0
1032	3	mvfstperf	loss_recovery	syscall	loopback	16	4	0	duration	5000	0
1033	3	lsperf	zero_rtt_reqresp	syscall	loopback	16	4	0	duration	2000	0
1034	3	tquicperf	loss_recovery	syscall	loopback	2	4	0	duration	5000	0
1035	3	xquicperf	flow_control	syscall	loopback	8	4	0	duration	2000	0
1036	3	xquicperf	bidi	syscall	loopback	4	4	0	duration	2000	0
1037	3	lsperf	stream_churn	syscall	loopback	16	4	0	duration	2000	0
1038	3	tquicperf	connect	syscall	loopback	16	4	0	work	0	8
1039	3	lsperf	bidi	syscall	loopback	16	4	0	duration	2000	0
1040	3	lsperf	small_payload_pps	syscall	loopback	16	4	0	duration	2000	0
1041	3	quiczigperf	multistream_upload	syscall	loopback	4	4	0	duration	2000	0
1042	3	picoperf	reqresp	syscall	loopback	16	4	0	duration	2000	0
1043	3	noqperf	upload	syscall	loopback	1	4	0	duration	2000	0
1044	3	ngtcp2perf	datagram	syscall	loopback	4	4	0	duration	2000	0
1045	3	mvfstperf	close_reset_cleanup	syscall	loopback	16	4	0	duration	2000	0
1046	3	noqperf	loss_recovery	syscall	loopback	2	4	0	duration	5000	0
1047	3	quinnperf	bidi	syscall	loopback	1	4	0	duration	2000	0
1048	3	neqoperf	stream_churn	syscall	loopback	4	4	0	duration	2000	0
1049	3	noqperf	idle_footprint	syscall	loopback	16	4	0	work	0	0
1050	3	quiczigperf	zero_rtt_reqresp	syscall	loopback	4	4	0	duration	2000	0
1051	3	tquicperf	datagram	syscall	loopback	2	4	0	duration	2000	0
1052	3	quicheperf	connect	syscall	loopback	16	4	0	work	0	8
1053	3	lsperf	resumed_connect	syscall	loopback	1	4	0	work	0	128
1054	3	noqperf	datagram	syscall	loopback	4	4	0	duration	2000	0
1055	3	mvfstperf	download	syscall	loopback	1	4	0	duration	2000	0
1056	3	s2nperf	small_payload_pps	syscall	loopback	4	4	0	duration	2000	0
1057	3	mvfstperf	resumed_connect	syscall	loopback	4	4	0	work	0	32
1058	3	quinnperf	small_payload_pps	syscall	loopback	2	4	0	duration	2000	0
1059	3	mvfstperf	multistream_download	syscall	loopback	4	4	0	duration	2000	0
1060	3	s2nperf	bidi	syscall	loopback	16	4	0	duration	2000	0
1061	3	quiczigperf	upload	syscall	loopback	1	4	0	duration	2000	0
1062	3	lsperf	close_reset_cleanup	syscall	loopback	16	4	0	duration	2000	0
1063	3	s2nperf	upload	syscall	loopback	2	4	0	duration	2000	0
1064	3	quicheperf	resumed_connect	syscall	loopback	2	4	0	work	0	64
1065	3	quinnperf	loss_recovery	syscall	loopback	2	4	0	duration	5000	0
1066	3	quicheperf	small_payload_pps	syscall	loopback	16	4	0	duration	2000	0
1067	3	quicheperf	flow_control	syscall	loopback	8	4	0	duration	2000	0
1068	3	mvfstperf	zero_rtt_reqresp	syscall	loopback	16	4	0	duration	2000	0
1069	3	quiczigperf	close_reset_cleanup	syscall	loopback	4	4	0	duration	2000	0
1070	3	quicheperf	stream_churn	syscall	loopback	16	4	0	duration	2000	0
1071	3	lsperf	loss_recovery	syscall	loopback	1	4	0	duration	5000	0
1072	3	tquicperf	small_payload_pps	syscall	loopback	16	4	0	duration	2000	0
1073	3	quinnperf	reqresp	syscall	loopback	2	4	0	duration	2000	0
1074	3	lsperf	multistream_download	syscall	loopback	16	4	0	duration	2000	0
1075	3	neqoperf	idle_footprint	syscall	loopback	16	4	0	work	0	0
1076	3	ngtcp2perf	flow_control	syscall	loopback	4	4	0	duration	2000	0
1077	3	ngtcp2perf	zero_rtt_reqresp	syscall	loopback	16	4	0	duration	2000	0
1078	3	quinnperf	download	syscall	loopback	2	4	0	duration	2000	0
1079	3	quinnperf	upload	syscall	loopback	1	4	0	duration	2000	0
1080	3	quiczigperf	resumed_connect	syscall	loopback	16	4	0	work	0	2
1081	3	xquicperf	reqresp	syscall	loopback	16	4	0	duration	2000	0
1082	3	ngtcp2perf	close_reset_cleanup	syscall	loopback	16	4	0	duration	2000	0
1083	3	xquicperf	resumed_connect	syscall	loopback	2	4	0	work	0	64
1084	3	quicheperf	download	syscall	loopback	1	4	0	duration	2000	0
1085	3	quinnperf	stream_churn	syscall	loopback	2	4	0	duration	2000	0
1086	3	xquicperf	datagram	syscall	loopback	8	4	0	duration	2000	0
1087	3	tquicperf	multistream_upload	syscall	loopback	2	4	0	duration	2000	0
1088	3	neqoperf	small_payload_pps	syscall	loopback	4	4	0	duration	2000	0
1089	3	quiczigperf	download	syscall	loopback	1	4	0	duration	2000	0
1090	3	quicheperf	reqresp	syscall	loopback	16	4	0	duration	2000	0
1091	3	tquicperf	flow_control	syscall	loopback	16	4	0	duration	2000	0
1092	3	s2nperf	stream_churn	syscall	loopback	4	4	0	duration	2000	0
1093	3	quicheperf	zero_rtt_reqresp	syscall	loopback	16	4	0	duration	2000	0
1094	3	ngtcp2perf	stream_churn	syscall	loopback	16	4	0	duration	2000	0
1095	3	noqperf	small_payload_pps	syscall	loopback	2	4	0	duration	2000	0
1096	3	lsperf	download	syscall	loopback	1	4	0	duration	2000	0
1097	3	tquicperf	reqresp	syscall	loopback	16	4	0	duration	2000	0
1098	3	quicheperf	multistream_download	syscall	loopback	1	4	0	duration	2000	0
1099	3	quicheperf	multistream_upload	syscall	loopback	2	4	0	duration	2000	0
1100	3	ngtcp2perf	multistream_download	syscall	loopback	1	4	0	duration	2000	0
1101	3	s2nperf	multistream_upload	syscall	loopback	16	4	0	duration	2000	0
1102	3	s2nperf	flow_control	syscall	loopback	2	4	0	duration	2000	0
1103	3	picoperf	multistream_upload	syscall	loopback	16	4	0	duration	2000	0
1104	3	ngtcp2perf	loss_recovery	syscall	loopback	2	4	0	duration	5000	0
1105	3	s2nperf	connect	syscall	loopback	16	4	0	work	0	8
1106	3	picoperf	idle_footprint	syscall	loopback	16	4	0	work	0	0
1107	3	quicheperf	idle_footprint	syscall	loopback	16	4	0	work	0	0
1108	3	quinnperf	flow_control	syscall	loopback	2	4	0	duration	2000	0
1109	3	xquicperf	upload	syscall	loopback	16	4	0	duration	2000	0
1110	3	neqoperf	reqresp	syscall	loopback	4	4	0	duration	2000	0
1111	3	neqoperf	upload	syscall	loopback	1	4	0	duration	2000	0
1112	3	ngtcp2perf	bidi	syscall	loopback	4	4	0	duration	2000	0
1113	3	neqoperf	download	syscall	loopback	1	4	0	duration	2000	0
1114	3	picoperf	download	syscall	loopback	1	4	0	duration	2000	0
1115	3	neqoperf	flow_control	syscall	loopback	1	4	0	duration	2000	0
1116	3	xquicperf	idle_footprint	syscall	loopback	16	4	0	work	0	0
1117	3	ngtcp2perf	small_payload_pps	syscall	loopback	16	4	0	duration	2000	0
1118	3	xquicperf	multistream_download	syscall	loopback	16	4	0	duration	2000	0
1119	3	tquicperf	stream_churn	syscall	loopback	16	4	0	duration	2000	0
1120	3	lsperf	datagram	syscall	loopback	2	4	0	duration	2000	0
1121	3	ngtcp2perf	idle_footprint	syscall	loopback	16	4	0	work	0	0
1122	3	mvfstperf	small_payload_pps	syscall	loopback	16	4	0	duration	2000	0
1123	3	tquicperf	resumed_connect	syscall	loopback	16	4	0	work	0	8
1124	3	mvfstperf	idle_footprint	syscall	loopback	16	4	0	work	0	0
1125	3	s2nperf	reqresp	syscall	loopback	4	4	0	duration	2000	0
1126	3	ngtcp2perf	resumed_connect	syscall	loopback	16	4	0	work	0	8
1127	3	quinnperf	close_reset_cleanup	syscall	loopback	2	4	0	duration	2000	0
1128	3	tquicperf	upload	syscall	loopback	16	4	0	duration	2000	0
1129	3	neqoperf	resumed_connect	syscall	loopback	16	4	0	work	0	2
1130	3	tquicperf	download	syscall	loopback	1	4	0	duration	2000	0
1131	3	noqperf	multistream_upload	syscall	loopback	8	4	0	duration	2000	0
1132	3	picoperf	loss_recovery	syscall	loopback	1	4	0	duration	5000	0
1133	3	s2nperf	zero_rtt_reqresp	syscall	loopback	4	4	0	duration	2000	0
1134	3	xquicperf	connect	syscall	loopback	16	4	0	work	0	8
1135	3	ngtcp2perf	multistream_upload	syscall	loopback	4	4	0	duration	2000	0
1136	3	tquicperf	bidi	syscall	loopback	4	4	0	duration	2000	0
1137	3	neqoperf	bidi	syscall	loopback	1	4	0	duration	2000	0
1138	3	neqoperf	zero_rtt_reqresp	syscall	loopback	4	4	0	duration	2000	0
1139	3	quiczigperf	bidi	syscall	loopback	1	4	0	duration	2000	0
1140	3	noqperf	connect	syscall	loopback	8	4	0	work	0	16
1141	3	noqperf	bidi	syscall	loopback	1	4	0	duration	2000	0
1142	3	picoperf	close_reset_cleanup	syscall	loopback	16	4	0	duration	2000	0
1143	3	s2nperf	idle_footprint	syscall	loopback	16	4	0	work	0	0
1144	3	quicheperf	datagram	syscall	loopback	2	4	0	duration	2000	0
1145	3	quinnperf	datagram	syscall	loopback	4	4	0	duration	2000	0
1146	3	ngtcp2perf	connect	syscall	loopback	16	4	0	work	0	8
1147	3	mvfstperf	datagram	syscall	loopback	16	4	0	duration	2000	0
1148	3	quinnperf	resumed_connect	syscall	loopback	16	4	0	work	0	2
1149	3	s2nperf	resumed_connect	syscall	loopback	16	4	0	work	0	2
1150	3	mvfstperf	upload	syscall	loopback	8	4	0	duration	2000	0
1151	3	quicheperf	upload	syscall	loopback	4	4	0	duration	2000	0
1152	3	noqperf	close_reset_cleanup	syscall	loopback	2	4	0	duration	2000	0
1153	4	noqperf	multistream_download	syscall	loopback	2	4	0	duration	2000	0
1154	4	picoperf	resumed_connect	syscall	loopback	2	4	0	work	0	64
1155	4	xquicperf	reqresp	syscall	loopback	16	4	0	duration	2000	0
1156	4	mvfstperf	upload	syscall	loopback	8	4	0	duration	2000	0
1157	4	tquicperf	flow_control	syscall	loopback	16	4	0	duration	2000	0
1158	4	xquicperf	flow_control	syscall	loopback	8	4	0	duration	2000	0
1159	4	quicheperf	flow_control	syscall	loopback	8	4	0	duration	2000	0
1160	4	neqoperf	resumed_connect	syscall	loopback	16	4	0	work	0	2
1161	4	picoperf	multistream_upload	syscall	loopback	16	4	0	duration	2000	0
1162	4	s2nperf	resumed_connect	syscall	loopback	16	4	0	work	0	2
1163	4	tquicperf	idle_footprint	syscall	loopback	16	4	0	work	0	0
1164	4	ngtcp2perf	zero_rtt_reqresp	syscall	loopback	16	4	0	duration	2000	0
1165	4	lsperf	download	syscall	loopback	1	4	0	duration	2000	0
1166	4	neqoperf	download	syscall	loopback	1	4	0	duration	2000	0
1167	4	quinnperf	bidi	syscall	loopback	1	4	0	duration	2000	0
1168	4	noqperf	upload	syscall	loopback	1	4	0	duration	2000	0
1169	4	quiczigperf	multistream_upload	syscall	loopback	4	4	0	duration	2000	0
1170	4	picoperf	zero_rtt_reqresp	syscall	loopback	16	4	0	duration	2000	0
1171	4	ngtcp2perf	resumed_connect	syscall	loopback	16	4	0	work	0	8
1172	4	lsperf	multistream_download	syscall	loopback	16	4	0	duration	2000	0
1173	4	s2nperf	zero_rtt_reqresp	syscall	loopback	4	4	0	duration	2000	0
1174	4	xquicperf	multistream_upload	syscall	loopback	16	4	0	duration	2000	0
1175	4	lsperf	loss_recovery	syscall	loopback	1	4	0	duration	5000	0
1176	4	neqoperf	upload	syscall	loopback	1	4	0	duration	2000	0
1177	4	picoperf	connect	syscall	loopback	16	4	0	work	0	8
1178	4	s2nperf	datagram	syscall	loopback	4	4	0	duration	2000	0
1179	4	lsperf	multistream_upload	syscall	loopback	16	4	0	duration	2000	0
1180	4	lsperf	resumed_connect	syscall	loopback	1	4	0	work	0	128
1181	4	quinnperf	loss_recovery	syscall	loopback	2	4	0	duration	5000	0
1182	4	quinnperf	small_payload_pps	syscall	loopback	2	4	0	duration	2000	0
1183	4	mvfstperf	small_payload_pps	syscall	loopback	16	4	0	duration	2000	0
1184	4	noqperf	connect	syscall	loopback	8	4	0	work	0	16
1185	4	xquicperf	multistream_download	syscall	loopback	16	4	0	duration	2000	0
1186	4	quinnperf	multistream_download	syscall	loopback	2	4	0	duration	2000	0
1187	4	picoperf	download	syscall	loopback	1	4	0	duration	2000	0
1188	4	picoperf	loss_recovery	syscall	loopback	1	4	0	duration	5000	0
1189	4	neqoperf	close_reset_cleanup	syscall	loopback	4	4	0	duration	2000	0
1190	4	quicheperf	connect	syscall	loopback	16	4	0	work	0	8
1191	4	s2nperf	idle_footprint	syscall	loopback	16	4	0	work	0	0
1192	4	picoperf	small_payload_pps	syscall	loopback	16	4	0	duration	2000	0
1193	4	ngtcp2perf	stream_churn	syscall	loopback	16	4	0	duration	2000	0
1194	4	s2nperf	multistream_upload	syscall	loopback	16	4	0	duration	2000	0
1195	4	picoperf	stream_churn	syscall	loopback	16	4	0	duration	2000	0
1196	4	quiczigperf	idle_footprint	syscall	loopback	16	4	0	work	0	0
1197	4	quinnperf	idle_footprint	syscall	loopback	16	4	0	work	0	0
1198	4	lsperf	small_payload_pps	syscall	loopback	16	4	0	duration	2000	0
1199	4	ngtcp2perf	upload	syscall	loopback	2	4	0	duration	2000	0
1200	4	neqoperf	connect	syscall	loopback	16	4	0	work	0	8
1201	4	neqoperf	stream_churn	syscall	loopback	4	4	0	duration	2000	0
1202	4	mvfstperf	loss_recovery	syscall	loopback	16	4	0	duration	5000	0
1203	4	quiczigperf	multistream_download	syscall	loopback	1	4	0	duration	2000	0
1204	4	mvfstperf	zero_rtt_reqresp	syscall	loopback	16	4	0	duration	2000	0
1205	4	quicheperf	close_reset_cleanup	syscall	loopback	16	4	0	duration	2000	0
1206	4	neqoperf	multistream_download	syscall	loopback	1	4	0	duration	2000	0
1207	4	ngtcp2perf	datagram	syscall	loopback	4	4	0	duration	2000	0
1208	4	noqperf	idle_footprint	syscall	loopback	16	4	0	work	0	0
1209	4	quiczigperf	download	syscall	loopback	1	4	0	duration	2000	0
1210	4	ngtcp2perf	download	syscall	loopback	1	4	0	duration	2000	0
1211	4	tquicperf	reqresp	syscall	loopback	16	4	0	duration	2000	0
1212	4	s2nperf	upload	syscall	loopback	2	4	0	duration	2000	0
1213	4	lsperf	reqresp	syscall	loopback	16	4	0	duration	2000	0
1214	4	lsperf	connect	syscall	loopback	16	4	0	work	0	8
1215	4	ngtcp2perf	loss_recovery	syscall	loopback	2	4	0	duration	5000	0
1216	4	quicheperf	resumed_connect	syscall	loopback	2	4	0	work	0	64
1217	4	quinnperf	zero_rtt_reqresp	syscall	loopback	1	4	0	duration	2000	0
1218	4	s2nperf	multistream_download	syscall	loopback	16	4	0	duration	2000	0
1219	4	quiczigperf	resumed_connect	syscall	loopback	16	4	0	work	0	2
1220	4	mvfstperf	multistream_download	syscall	loopback	4	4	0	duration	2000	0
1221	4	xquicperf	close_reset_cleanup	syscall	loopback	16	4	0	duration	2000	0
1222	4	mvfstperf	close_reset_cleanup	syscall	loopback	16	4	0	duration	2000	0
1223	4	mvfstperf	reqresp	syscall	loopback	16	4	0	duration	2000	0
1224	4	tquicperf	connect	syscall	loopback	16	4	0	work	0	8
1225	4	quicheperf	multistream_upload	syscall	loopback	2	4	0	duration	2000	0
1226	4	picoperf	datagram	syscall	loopback	1	4	0	duration	2000	0
1227	4	quiczigperf	upload	syscall	loopback	1	4	0	duration	2000	0
1228	4	tquicperf	small_payload_pps	syscall	loopback	16	4	0	duration	2000	0
1229	4	xquicperf	loss_recovery	syscall	loopback	16	4	0	duration	5000	0
1230	4	quicheperf	idle_footprint	syscall	loopback	16	4	0	work	0	0
1231	4	quiczigperf	flow_control	syscall	loopback	2	4	0	duration	2000	0
1232	4	mvfstperf	connect	syscall	loopback	16	4	0	work	0	8
1233	4	noqperf	bidi	syscall	loopback	1	4	0	duration	2000	0
1234	4	noqperf	loss_recovery	syscall	loopback	2	4	0	duration	5000	0
1235	4	quinnperf	download	syscall	loopback	2	4	0	duration	2000	0
1236	4	quiczigperf	stream_churn	syscall	loopback	4	4	0	duration	2000	0
1237	4	neqoperf	small_payload_pps	syscall	loopback	4	4	0	duration	2000	0
1238	4	ngtcp2perf	multistream_upload	syscall	loopback	4	4	0	duration	2000	0
1239	4	s2nperf	small_payload_pps	syscall	loopback	4	4	0	duration	2000	0
1240	4	quicheperf	reqresp	syscall	loopback	16	4	0	duration	2000	0
1241	4	lsperf	zero_rtt_reqresp	syscall	loopback	16	4	0	duration	2000	0
1242	4	ngtcp2perf	reqresp	syscall	loopback	16	4	0	duration	2000	0
1243	4	noqperf	zero_rtt_reqresp	syscall	loopback	1	4	0	duration	2000	0
1244	4	lsperf	close_reset_cleanup	syscall	loopback	16	4	0	duration	2000	0
1245	4	quinnperf	upload	syscall	loopback	1	4	0	duration	2000	0
1246	4	lsperf	bidi	syscall	loopback	16	4	0	duration	2000	0
1247	4	quicheperf	datagram	syscall	loopback	2	4	0	duration	2000	0
1248	4	picoperf	bidi	syscall	loopback	16	4	0	duration	2000	0
1249	4	ngtcp2perf	flow_control	syscall	loopback	4	4	0	duration	2000	0
1250	4	quiczigperf	reqresp	syscall	loopback	4	4	0	duration	2000	0
1251	4	noqperf	datagram	syscall	loopback	4	4	0	duration	2000	0
1252	4	mvfstperf	multistream_upload	syscall	loopback	16	4	0	duration	2000	0
1253	4	xquicperf	small_payload_pps	syscall	loopback	16	4	0	duration	2000	0
1254	4	ngtcp2perf	multistream_download	syscall	loopback	1	4	0	duration	2000	0
1255	4	quicheperf	multistream_download	syscall	loopback	1	4	0	duration	2000	0
1256	4	neqoperf	datagram	syscall	loopback	2	4	0	duration	2000	0
1257	4	quicheperf	stream_churn	syscall	loopback	16	4	0	duration	2000	0
1258	4	noqperf	multistream_upload	syscall	loopback	8	4	0	duration	2000	0
1259	4	neqoperf	bidi	syscall	loopback	1	4	0	duration	2000	0
1260	4	noqperf	resumed_connect	syscall	loopback	16	4	0	work	0	2
1261	4	s2nperf	download	syscall	loopback	2	4	0	duration	2000	0
1262	4	xquicperf	stream_churn	syscall	loopback	16	4	0	duration	2000	0
1263	4	quinnperf	close_reset_cleanup	syscall	loopback	2	4	0	duration	2000	0
1264	4	quiczigperf	loss_recovery	syscall	loopback	1	4	0	duration	5000	0
1265	4	quicheperf	loss_recovery	syscall	loopback	1	4	0	duration	5000	0
1266	4	s2nperf	close_reset_cleanup	syscall	loopback	4	4	0	duration	2000	0
1267	4	s2nperf	flow_control	syscall	loopback	2	4	0	duration	2000	0
1268	4	neqoperf	flow_control	syscall	loopback	1	4	0	duration	2000	0
1269	4	ngtcp2perf	idle_footprint	syscall	loopback	16	4	0	work	0	0
1270	4	tquicperf	zero_rtt_reqresp	syscall	loopback	16	4	0	duration	2000	0
1271	4	mvfstperf	datagram	syscall	loopback	16	4	0	duration	2000	0
1272	4	quicheperf	upload	syscall	loopback	4	4	0	duration	2000	0
1273	4	lsperf	upload	syscall	loopback	2	4	0	duration	2000	0
1274	4	picoperf	upload	syscall	loopback	2	4	0	duration	2000	0
1275	4	neqoperf	multistream_upload	syscall	loopback	2	4	0	duration	2000	0
1276	4	quinnperf	resumed_connect	syscall	loopback	16	4	0	work	0	2
1277	4	xquicperf	zero_rtt_reqresp	syscall	loopback	16	4	0	duration	2000	0
1278	4	ngtcp2perf	connect	syscall	loopback	16	4	0	work	0	8
1279	4	picoperf	multistream_download	syscall	loopback	16	4	0	duration	2000	0
1280	4	tquicperf	loss_recovery	syscall	loopback	2	4	0	duration	5000	0
1281	4	lsperf	idle_footprint	syscall	loopback	8	4	0	work	0	0
1282	4	s2nperf	bidi	syscall	loopback	16	4	0	duration	2000	0
1283	4	mvfstperf	idle_footprint	syscall	loopback	16	4	0	work	0	0
1284	4	tquicperf	multistream_upload	syscall	loopback	2	4	0	duration	2000	0
1285	4	ngtcp2perf	bidi	syscall	loopback	4	4	0	duration	2000	0
1286	4	quinnperf	multistream_upload	syscall	loopback	16	4	0	duration	2000	0
1287	4	quiczigperf	bidi	syscall	loopback	1	4	0	duration	2000	0
1288	4	picoperf	idle_footprint	syscall	loopback	16	4	0	work	0	0
1289	4	noqperf	reqresp	syscall	loopback	1	4	0	duration	2000	0
1290	4	xquicperf	bidi	syscall	loopback	4	4	0	duration	2000	0
1291	4	quicheperf	small_payload_pps	syscall	loopback	16	4	0	duration	2000	0
1292	4	noqperf	download	syscall	loopback	2	4	0	duration	2000	0
1293	4	neqoperf	loss_recovery	syscall	loopback	2	4	0	duration	5000	0
1294	4	xquicperf	connect	syscall	loopback	16	4	0	work	0	8
1295	4	quiczigperf	connect	syscall	loopback	8	4	0	work	0	16
1296	4	xquicperf	datagram	syscall	loopback	8	4	0	duration	2000	0
1297	4	s2nperf	stream_churn	syscall	loopback	4	4	0	duration	2000	0
1298	4	s2nperf	reqresp	syscall	loopback	4	4	0	duration	2000	0
1299	4	mvfstperf	flow_control	syscall	loopback	2	4	0	duration	2000	0
1300	4	noqperf	stream_churn	syscall	loopback	2	4	0	duration	2000	0
1301	4	noqperf	small_payload_pps	syscall	loopback	2	4	0	duration	2000	0
1302	4	neqoperf	zero_rtt_reqresp	syscall	loopback	4	4	0	duration	2000	0
1303	4	mvfstperf	stream_churn	syscall	loopback	16	4	0	duration	2000	0
1304	4	tquicperf	stream_churn	syscall	loopback	16	4	0	duration	2000	0
1305	4	noqperf	close_reset_cleanup	syscall	loopback	2	4	0	duration	2000	0
1306	4	neqoperf	idle_footprint	syscall	loopback	16	4	0	work	0	0
1307	4	tquicperf	download	syscall	loopback	1	4	0	duration	2000	0
1308	4	lsperf	datagram	syscall	loopback	2	4	0	duration	2000	0
1309	4	tquicperf	multistream_download	syscall	loopback	2	4	0	duration	2000	0
1310	4	ngtcp2perf	close_reset_cleanup	syscall	loopback	16	4	0	duration	2000	0
1311	4	lsperf	flow_control	syscall	loopback	1	4	0	duration	2000	0
1312	4	lsperf	stream_churn	syscall	loopback	16	4	0	duration	2000	0
1313	4	quiczigperf	small_payload_pps	syscall	loopback	8	4	0	duration	2000	0
1314	4	mvfstperf	download	syscall	loopback	1	4	0	duration	2000	0
1315	4	picoperf	flow_control	syscall	loopback	1	4	0	duration	2000	0
1316	4	quinnperf	flow_control	syscall	loopback	2	4	0	duration	2000	0
1317	4	quinnperf	stream_churn	syscall	loopback	2	4	0	duration	2000	0
1318	4	mvfstperf	resumed_connect	syscall	loopback	4	4	0	work	0	32
1319	4	xquicperf	idle_footprint	syscall	loopback	16	4	0	work	0	0
1320	4	quiczigperf	zero_rtt_reqresp	syscall	loopback	4	4	0	duration	2000	0
1321	4	quinnperf	reqresp	syscall	loopback	2	4	0	duration	2000	0
1322	4	noqperf	flow_control	syscall	loopback	2	4	0	duration	2000	0
1323	4	picoperf	reqresp	syscall	loopback	16	4	0	duration	2000	0
1324	4	tquicperf	resumed_connect	syscall	loopback	16	4	0	work	0	8
1325	4	tquicperf	upload	syscall	loopback	16	4	0	duration	2000	0
1326	4	quicheperf	download	syscall	loopback	1	4	0	duration	2000	0
1327	4	picoperf	close_reset_cleanup	syscall	loopback	16	4	0	duration	2000	0
1328	4	quinnperf	connect	syscall	loopback	8	4	0	work	0	16
1329	4	tquicperf	datagram	syscall	loopback	2	4	0	duration	2000	0
1330	4	xquicperf	resumed_connect	syscall	loopback	2	4	0	work	0	64
1331	4	quicheperf	zero_rtt_reqresp	syscall	loopback	16	4	0	duration	2000	0
1332	4	tquicperf	bidi	syscall	loopback	4	4	0	duration	2000	0
1333	4	ngtcp2perf	small_payload_pps	syscall	loopback	16	4	0	duration	2000	0
1334	4	quiczigperf	datagram	syscall	loopback	2	4	0	duration	2000	0
1335	4	quicheperf	bidi	syscall	loopback	4	4	0	duration	2000	0
1336	4	quiczigperf	close_reset_cleanup	syscall	loopback	4	4	0	duration	2000	0
1337	4	s2nperf	loss_recovery	syscall	loopback	2	4	0	duration	5000	0
1338	4	mvfstperf	bidi	syscall	loopback	4	4	0	duration	2000	0
1339	4	xquicperf	download	syscall	loopback	16	4	0	duration	2000	0
1340	4	neqoperf	reqresp	syscall	loopback	4	4	0	duration	2000	0
1341	4	tquicperf	close_reset_cleanup	syscall	loopback	16	4	0	duration	2000	0
1342	4	xquicperf	upload	syscall	loopback	16	4	0	duration	2000	0
1343	4	s2nperf	connect	syscall	loopback	16	4	0	work	0	8
1344	4	quinnperf	datagram	syscall	loopback	4	4	0	duration	2000	0
1345	4	noqperf	zero_rtt_reqresp	iouring	loopback	1	4	0	duration	2000	0
1346	4	tquicperf	idle_footprint	iouring	loopback	16	4	0	work	0	0
1347	4	quiczigperf	download	iouring	loopback	1	4	0	duration	2000	0
1348	4	quicheperf	stream_churn	iouring	loopback	16	4	0	duration	2000	0
1349	4	quinnperf	download	iouring	loopback	2	4	0	duration	2000	0
1350	4	lsperf	upload	iouring	loopback	2	4	0	duration	2000	0
1351	4	neqoperf	multistream_upload	iouring	loopback	2	4	0	duration	2000	0
1352	4	s2nperf	idle_footprint	iouring	loopback	16	4	0	work	0	0
1353	4	tquicperf	download	iouring	loopback	1	4	0	duration	2000	0
1354	4	xquicperf	loss_recovery	iouring	loopback	2	4	0	duration	5000	0
1355	4	neqoperf	connect	iouring	loopback	16	4	0	work	0	8
1356	4	quicheperf	zero_rtt_reqresp	iouring	loopback	8	4	0	duration	2000	0
1357	4	picoperf	close_reset_cleanup	iouring	loopback	16	4	0	duration	2000	0
1358	4	quiczigperf	idle_footprint	iouring	loopback	16	4	0	work	0	0
1359	4	s2nperf	upload	iouring	loopback	2	4	0	duration	2000	0
1360	4	neqoperf	loss_recovery	iouring	loopback	2	4	0	duration	5000	0
1361	4	quicheperf	upload	iouring	loopback	2	4	0	duration	2000	0
1362	4	xquicperf	stream_churn	iouring	loopback	2	4	0	duration	2000	0
1363	4	noqperf	download	iouring	loopback	2	4	0	duration	2000	0
1364	4	quiczigperf	resumed_connect	iouring	loopback	16	4	0	work	0	2
1365	4	quiczigperf	flow_control	iouring	loopback	2	4	0	duration	2000	0
1366	4	neqoperf	small_payload_pps	iouring	loopback	4	4	0	duration	2000	0
1367	4	quinnperf	resumed_connect	iouring	loopback	16	4	0	work	0	2
1368	4	ngtcp2perf	idle_footprint	iouring	loopback	16	4	0	work	0	0
1369	4	quiczigperf	reqresp	iouring	loopback	4	4	0	duration	2000	0
1370	4	ngtcp2perf	connect	iouring	loopback	16	4	0	work	0	8
1371	4	quicheperf	connect	iouring	loopback	16	4	0	work	0	8
1372	4	s2nperf	bidi	iouring	loopback	16	4	0	duration	2000	0
1373	4	tquicperf	upload	iouring	loopback	4	4	0	duration	2000	0
1374	4	ngtcp2perf	close_reset_cleanup	iouring	loopback	16	4	0	duration	2000	0
1375	4	xquicperf	upload	iouring	loopback	16	4	0	duration	2000	0
1376	4	neqoperf	flow_control	iouring	loopback	2	4	0	duration	2000	0
1377	4	lsperf	resumed_connect	iouring	loopback	2	4	0	work	0	64
1378	4	mvfstperf	reqresp	iouring	loopback	16	4	0	duration	2000	0
1379	4	neqoperf	idle_footprint	iouring	loopback	16	4	0	work	0	0
1380	4	s2nperf	datagram	iouring	loopback	8	4	0	duration	2000	0
1381	4	ngtcp2perf	stream_churn	iouring	loopback	16	4	0	duration	2000	0
1382	4	quicheperf	idle_footprint	iouring	loopback	16	4	0	work	0	0
1383	4	quinnperf	small_payload_pps	iouring	loopback	1	4	0	duration	2000	0
1384	4	ngtcp2perf	reqresp	iouring	loopback	16	4	0	duration	2000	0
1385	4	noqperf	multistream_download	iouring	loopback	2	4	0	duration	2000	0
1386	4	noqperf	idle_footprint	iouring	loopback	16	4	0	work	0	0
1387	4	tquicperf	close_reset_cleanup	iouring	loopback	16	4	0	duration	2000	0
1388	4	picoperf	multistream_upload	iouring	loopback	16	4	0	duration	2000	0
1389	4	s2nperf	multistream_download	iouring	loopback	16	4	0	duration	2000	0
1390	4	xquicperf	bidi	iouring	loopback	2	4	0	duration	2000	0
1391	4	lsperf	flow_control	iouring	loopback	1	4	0	duration	2000	0
1392	4	mvfstperf	resumed_connect	iouring	loopback	2	4	0	work	0	64
1393	4	picoperf	resumed_connect	iouring	loopback	4	4	0	work	0	32
1394	4	lsperf	bidi	iouring	loopback	8	4	0	duration	2000	0
1395	4	quicheperf	multistream_download	iouring	loopback	1	4	0	duration	2000	0
1396	4	neqoperf	download	iouring	loopback	1	4	0	duration	2000	0
1397	4	quiczigperf	bidi	iouring	loopback	1	4	0	duration	2000	0
1398	4	tquicperf	small_payload_pps	iouring	loopback	16	4	0	duration	2000	0
1399	4	quiczigperf	stream_churn	iouring	loopback	4	4	0	duration	2000	0
1400	4	neqoperf	bidi	iouring	loopback	1	4	0	duration	2000	0
1401	4	neqoperf	upload	iouring	loopback	1	4	0	duration	2000	0
1402	4	tquicperf	bidi	iouring	loopback	4	4	0	duration	2000	0
1403	4	mvfstperf	close_reset_cleanup	iouring	loopback	16	4	0	duration	2000	0
1404	4	quiczigperf	small_payload_pps	iouring	loopback	8	4	0	duration	2000	0
1405	4	quicheperf	bidi	iouring	loopback	4	4	0	duration	2000	0
1406	4	tquicperf	multistream_upload	iouring	loopback	2	4	0	duration	2000	0
1407	4	picoperf	zero_rtt_reqresp	iouring	loopback	8	4	0	duration	2000	0
1408	4	ngtcp2perf	small_payload_pps	iouring	loopback	16	4	0	duration	2000	0
1409	4	tquicperf	datagram	iouring	loopback	2	4	0	duration	2000	0
1410	4	picoperf	connect	iouring	loopback	16	4	0	work	0	8
1411	4	lsperf	zero_rtt_reqresp	iouring	loopback	8	4	0	duration	2000	0
1412	4	lsperf	stream_churn	iouring	loopback	16	4	0	duration	2000	0
1413	4	quiczigperf	multistream_download	iouring	loopback	1	4	0	duration	2000	0
1414	4	quicheperf	datagram	iouring	loopback	2	4	0	duration	2000	0
1415	4	quiczigperf	zero_rtt_reqresp	iouring	loopback	4	4	0	duration	2000	0
1416	4	quinnperf	connect	iouring	loopback	16	4	0	work	0	8
1417	4	mvfstperf	zero_rtt_reqresp	iouring	loopback	16	4	0	duration	2000	0
1418	4	xquicperf	resumed_connect	iouring	loopback	2	4	0	work	0	64
1419	4	tquicperf	multistream_download	iouring	loopback	1	4	0	duration	2000	0
1420	4	quinnperf	upload	iouring	loopback	1	4	0	duration	2000	0
1421	4	neqoperf	close_reset_cleanup	iouring	loopback	4	4	0	duration	2000	0
1422	4	picoperf	upload	iouring	loopback	2	4	0	duration	2000	0
1423	4	xquicperf	idle_footprint	iouring	loopback	16	4	0	work	0	0
1424	4	tquicperf	flow_control	iouring	loopback	16	4	0	duration	2000	0
1425	4	noqperf	connect	iouring	loopback	16	4	0	work	0	8
1426	4	quinnperf	datagram	iouring	loopback	4	4	0	duration	2000	0
1427	4	s2nperf	flow_control	iouring	loopback	2	4	0	duration	2000	0
1428	4	lsperf	datagram	iouring	loopback	16	4	0	duration	2000	0
1429	4	mvfstperf	multistream_upload	iouring	loopback	16	4	0	duration	2000	0
1430	4	s2nperf	close_reset_cleanup	iouring	loopback	4	4	0	duration	2000	0
1431	4	picoperf	flow_control	iouring	loopback	1	4	0	duration	2000	0
1432	4	quicheperf	resumed_connect	iouring	loopback	2	4	0	work	0	64
1433	4	xquicperf	reqresp	iouring	loopback	2	4	0	duration	2000	0
1434	4	ngtcp2perf	flow_control	iouring	loopback	8	4	0	duration	2000	0
1435	4	lsperf	multistream_download	iouring	loopback	16	4	0	duration	2000	0
1436	4	quiczigperf	close_reset_cleanup	iouring	loopback	8	4	0	duration	2000	0
1437	4	noqperf	reqresp	iouring	loopback	1	4	0	duration	2000	0
1438	4	s2nperf	connect	iouring	loopback	16	4	0	work	0	8
1439	4	xquicperf	connect	iouring	loopback	16	4	0	work	0	8
1440	4	picoperf	stream_churn	iouring	loopback	16	4	0	duration	2000	0
1441	4	quinnperf	bidi	iouring	loopback	1	4	0	duration	2000	0
1442	4	mvfstperf	upload	iouring	loopback	8	4	0	duration	2000	0
1443	4	s2nperf	reqresp	iouring	loopback	4	4	0	duration	2000	0
1444	4	quiczigperf	loss_recovery	iouring	loopback	1	4	0	duration	5000	0
1445	4	mvfstperf	bidi	iouring	loopback	4	4	0	duration	2000	0
1446	4	quinnperf	zero_rtt_reqresp	iouring	loopback	1	4	0	duration	2000	0
1447	4	s2nperf	loss_recovery	iouring	loopback	2	4	0	duration	5000	0
1448	4	neqoperf	zero_rtt_reqresp	iouring	loopback	4	4	0	duration	2000	0
1449	4	xquicperf	small_payload_pps	iouring	loopback	4	4	0	duration	2000	0
1450	4	neqoperf	datagram	iouring	loopback	2	4	0	duration	2000	0
1451	4	neqoperf	reqresp	iouring	loopback	4	4	0	duration	2000	0
1452	4	tquicperf	reqresp	iouring	loopback	16	4	0	duration	2000	0
1453	4	picoperf	small_payload_pps	iouring	loopback	16	4	0	duration	2000	0
1454	4	ngtcp2perf	zero_rtt_reqresp	iouring	loopback	16	4	0	duration	2000	0
1455	4	xquicperf	multistream_upload	iouring	loopback	16	4	0	duration	2000	0
1456	4	quicheperf	close_reset_cleanup	iouring	loopback	16	4	0	duration	2000	0
1457	4	quinnperf	close_reset_cleanup	iouring	loopback	2	4	0	duration	2000	0
1458	4	s2nperf	small_payload_pps	iouring	loopback	4	4	0	duration	2000	0
1459	4	tquicperf	stream_churn	iouring	loopback	16	4	0	duration	2000	0
1460	4	ngtcp2perf	multistream_upload	iouring	loopback	2	4	0	duration	2000	0
1461	4	quinnperf	flow_control	iouring	loopback	2	4	0	duration	2000	0
1462	4	xquicperf	close_reset_cleanup	iouring	loopback	2	4	0	duration	2000	0
1463	4	quiczigperf	datagram	iouring	loopback	2	4	0	duration	2000	0
1464	4	picoperf	datagram	iouring	loopback	1	4	0	duration	2000	0
1465	4	neqoperf	stream_churn	iouring	loopback	4	4	0	duration	2000	0
1466	4	tquicperf	zero_rtt_reqresp	iouring	loopback	16	4	0	duration	2000	0
1467	4	noqperf	flow_control	iouring	loopback	2	4	0	duration	2000	0
1468	4	noqperf	close_reset_cleanup	iouring	loopback	1	4	0	duration	2000	0
1469	4	ngtcp2perf	upload	iouring	loopback	2	4	0	duration	2000	0
1470	4	quiczigperf	connect	iouring	loopback	16	4	0	work	0	8
1471	4	neqoperf	resumed_connect	iouring	loopback	16	4	0	work	0	2
1472	4	ngtcp2perf	resumed_connect	iouring	loopback	16	4	0	work	0	8
1473	4	lsperf	loss_recovery	iouring	loopback	1	4	0	duration	5000	0
1474	4	xquicperf	zero_rtt_reqresp	iouring	loopback	2	4	0	duration	2000	0
1475	4	lsperf	idle_footprint	iouring	loopback	16	4	0	work	0	0
1476	4	xquicperf	download	iouring	loopback	2	4	0	duration	2000	0
1477	4	s2nperf	multistream_upload	iouring	loopback	16	4	0	duration	2000	0
1478	4	quicheperf	small_payload_pps	iouring	loopback	16	4	0	duration	2000	0
1479	4	picoperf	reqresp	iouring	loopback	8	4	0	duration	2000	0
1480	4	xquicperf	flow_control	iouring	loopback	8	4	0	duration	2000	0
1481	4	ngtcp2perf	multistream_download	iouring	loopback	4	4	0	duration	2000	0
1482	4	quinnperf	multistream_download	iouring	loopback	2	4	0	duration	2000	0
1483	4	quinnperf	stream_churn	iouring	loopback	1	4	0	duration	2000	0
1484	4	picoperf	idle_footprint	iouring	loopback	16	4	0	work	0	0
1485	4	lsperf	multistream_upload	iouring	loopback	16	4	0	duration	2000	0
1486	4	lsperf	download	iouring	loopback	1	4	0	duration	2000	0
1487	4	noqperf	bidi	iouring	loopback	1	4	0	duration	2000	0
1488	4	lsperf	small_payload_pps	iouring	loopback	16	4	0	duration	2000	0
1489	4	s2nperf	download	iouring	loopback	1	4	0	duration	2000	0
1490	4	noqperf	multistream_upload	iouring	loopback	8	4	0	duration	2000	0
1491	4	mvfstperf	small_payload_pps	iouring	loopback	16	4	0	duration	2000	0
1492	4	noqperf	small_payload_pps	iouring	loopback	1	4	0	duration	2000	0
1493	4	mvfstperf	datagram	iouring	loopback	1	4	0	duration	2000	0
1494	4	tquicperf	connect	iouring	loopback	16	4	0	work	0	8
1495	4	ngtcp2perf	download	iouring	loopback	4	4	0	duration	2000	0
1496	4	lsperf	connect	iouring	loopback	16	4	0	work	0	8
1497	4	mvfstperf	flow_control	iouring	loopback	4	4	0	duration	2000	0
1498	4	picoperf	download	iouring	loopback	1	4	0	duration	2000	0
1499	4	quiczigperf	upload	iouring	loopback	1	4	0	duration	2000	0
1500	4	quinnperf	multistream_upload	iouring	loopback	16	4	0	duration	2000	0
1501	4	mvfstperf	download	iouring	loopback	2	4	0	duration	2000	0
1502	4	quinnperf	idle_footprint	iouring	loopback	16	4	0	work	0	0
1503	4	lsperf	reqresp	iouring	loopback	16	4	0	duration	2000	0
1504	4	mvfstperf	loss_recovery	iouring	loopback	16	4	0	duration	5000	0
1505	4	s2nperf	zero_rtt_reqresp	iouring	loopback	4	4	0	duration	2000	0
1506	4	noqperf	resumed_connect	iouring	loopback	16	4	0	work	0	2
1507	4	quinnperf	reqresp	iouring	loopback	1	4	0	duration	2000	0
1508	4	picoperf	multistream_download	iouring	loopback	16	4	0	duration	2000	0
1509	4	noqperf	datagram	iouring	loopback	4	4	0	duration	2000	0
1510	4	noqperf	loss_recovery	iouring	loopback	2	4	0	duration	5000	0
1511	4	mvfstperf	multistream_download	iouring	loopback	16	4	0	duration	2000	0
1512	4	quinnperf	loss_recovery	iouring	loopback	4	4	0	duration	5000	0
1513	4	ngtcp2perf	bidi	iouring	loopback	4	4	0	duration	2000	0
1514	4	noqperf	stream_churn	iouring	loopback	1	4	0	duration	2000	0
1515	4	quiczigperf	multistream_upload	iouring	loopback	4	4	0	duration	2000	0
1516	4	tquicperf	loss_recovery	iouring	loopback	2	4	0	duration	5000	0
1517	4	picoperf	bidi	iouring	loopback	16	4	0	duration	2000	0
1518	4	noqperf	upload	iouring	loopback	1	4	0	duration	2000	0
1519	4	ngtcp2perf	datagram	iouring	loopback	1	4	0	duration	2000	0
1520	4	picoperf	loss_recovery	iouring	loopback	1	4	0	duration	5000	0
1521	4	quicheperf	multistream_upload	iouring	loopback	2	4	0	duration	2000	0
1522	4	xquicperf	multistream_download	iouring	loopback	8	4	0	duration	2000	0
1523	4	quicheperf	loss_recovery	iouring	loopback	1	4	0	duration	5000	0
1524	4	s2nperf	resumed_connect	iouring	loopback	16	4	0	work	0	2
1525	4	mvfstperf	stream_churn	iouring	loopback	16	4	0	duration	2000	0
1526	4	xquicperf	datagram	iouring	loopback	8	4	0	duration	2000	0
1527	4	quicheperf	reqresp	iouring	loopback	16	4	0	duration	2000	0
1528	4	ngtcp2perf	loss_recovery	iouring	loopback	8	4	0	duration	5000	0
1529	4	lsperf	close_reset_cleanup	iouring	loopback	16	4	0	duration	2000	0
1530	4	tquicperf	resumed_connect	iouring	loopback	8	4	0	work	0	16
1531	4	quicheperf	flow_control	iouring	loopback	2	4	0	duration	2000	0
1532	4	mvfstperf	connect	iouring	loopback	16	4	0	work	0	8
1533	4	neqoperf	multistream_download	iouring	loopback	1	4	0	duration	2000	0
1534	4	quicheperf	download	iouring	loopback	1	4	0	duration	2000	0
1535	4	mvfstperf	idle_footprint	iouring	loopback	16	4	0	work	0	0
1536	4	s2nperf	stream_churn	iouring	loopback	4	4	0	duration	2000	0
1537	5	tquicperf	multistream_upload	iouring	loopback	2	4	0	duration	2000	0
1538	5	quiczigperf	connect	iouring	loopback	16	4	0	work	0	8
1539	5	tquicperf	idle_footprint	iouring	loopback	16	4	0	work	0	0
1540	5	quiczigperf	resumed_connect	iouring	loopback	16	4	0	work	0	2
1541	5	neqoperf	multistream_upload	iouring	loopback	2	4	0	duration	2000	0
1542	5	s2nperf	bidi	iouring	loopback	16	4	0	duration	2000	0
1543	5	quicheperf	small_payload_pps	iouring	loopback	16	4	0	duration	2000	0
1544	5	quinnperf	multistream_download	iouring	loopback	2	4	0	duration	2000	0
1545	5	tquicperf	reqresp	iouring	loopback	16	4	0	duration	2000	0
1546	5	lsperf	multistream_download	iouring	loopback	16	4	0	duration	2000	0
1547	5	noqperf	reqresp	iouring	loopback	1	4	0	duration	2000	0
1548	5	quicheperf	datagram	iouring	loopback	2	4	0	duration	2000	0
1549	5	xquicperf	connect	iouring	loopback	16	4	0	work	0	8
1550	5	quinnperf	small_payload_pps	iouring	loopback	1	4	0	duration	2000	0
1551	5	mvfstperf	idle_footprint	iouring	loopback	16	4	0	work	0	0
1552	5	picoperf	multistream_download	iouring	loopback	16	4	0	duration	2000	0
1553	5	ngtcp2perf	loss_recovery	iouring	loopback	8	4	0	duration	5000	0
1554	5	tquicperf	datagram	iouring	loopback	2	4	0	duration	2000	0
1555	5	quicheperf	loss_recovery	iouring	loopback	1	4	0	duration	5000	0
1556	5	quiczigperf	bidi	iouring	loopback	1	4	0	duration	2000	0
1557	5	xquicperf	stream_churn	iouring	loopback	2	4	0	duration	2000	0
1558	5	neqoperf	close_reset_cleanup	iouring	loopback	4	4	0	duration	2000	0
1559	5	mvfstperf	flow_control	iouring	loopback	4	4	0	duration	2000	0
1560	5	xquicperf	flow_control	iouring	loopback	8	4	0	duration	2000	0
1561	5	lsperf	resumed_connect	iouring	loopback	2	4	0	work	0	64
1562	5	picoperf	upload	iouring	loopback	2	4	0	duration	2000	0
1563	5	quinnperf	stream_churn	iouring	loopback	1	4	0	duration	2000	0
1564	5	neqoperf	small_payload_pps	iouring	loopback	4	4	0	duration	2000	0
1565	5	lsperf	close_reset_cleanup	iouring	loopback	16	4	0	duration	2000	0
1566	5	tquicperf	multistream_download	iouring	loopback	1	4	0	duration	2000	0
1567	5	quinnperf	reqresp	iouring	loopback	1	4	0	duration	2000	0
1568	5	ngtcp2perf	download	iouring	loopback	4	4	0	duration	2000	0
1569	5	ngtcp2perf	datagram	iouring	loopback	1	4	0	duration	2000	0
1570	5	quiczigperf	reqresp	iouring	loopback	4	4	0	duration	2000	0
1571	5	neqoperf	reqresp	iouring	loopback	4	4	0	duration	2000	0
1572	5	noqperf	stream_churn	iouring	loopback	1	4	0	duration	2000	0
1573	5	picoperf	multistream_upload	iouring	loopback	16	4	0	duration	2000	0
1574	5	tquicperf	bidi	iouring	loopback	4	4	0	duration	2000	0
1575	5	noqperf	resumed_connect	iouring	loopback	16	4	0	work	0	2
1576	5	noqperf	close_reset_cleanup	iouring	loopback	1	4	0	duration	2000	0
1577	5	mvfstperf	multistream_upload	iouring	loopback	16	4	0	duration	2000	0
1578	5	xquicperf	datagram	iouring	loopback	8	4	0	duration	2000	0
1579	5	ngtcp2perf	close_reset_cleanup	iouring	loopback	16	4	0	duration	2000	0
1580	5	mvfstperf	reqresp	iouring	loopback	16	4	0	duration	2000	0
1581	5	mvfstperf	multistream_download	iouring	loopback	16	4	0	duration	2000	0
1582	5	quicheperf	multistream_download	iouring	loopback	1	4	0	duration	2000	0
1583	5	lsperf	bidi	iouring	loopback	8	4	0	duration	2000	0
1584	5	mvfstperf	stream_churn	iouring	loopback	16	4	0	duration	2000	0
1585	5	mvfstperf	loss_recovery	iouring	loopback	16	4	0	duration	5000	0
1586	5	xquicperf	upload	iouring	loopback	16	4	0	duration	2000	0
1587	5	s2nperf	multistream_upload	iouring	loopback	16	4	0	duration	2000	0
1588	5	quiczigperf	multistream_download	iouring	loopback	1	4	0	duration	2000	0
1589	5	tquicperf	stream_churn	iouring	loopback	16	4	0	duration	2000	0
1590	5	s2nperf	stream_churn	iouring	loopback	4	4	0	duration	2000	0
1591	5	noqperf	connect	iouring	loopback	16	4	0	work	0	8
1592	5	quiczigperf	flow_control	iouring	loopback	2	4	0	duration	2000	0
1593	5	ngtcp2perf	zero_rtt_reqresp	iouring	loopback	16	4	0	duration	2000	0
1594	5	quicheperf	multistream_upload	iouring	loopback	2	4	0	duration	2000	0
1595	5	quicheperf	flow_control	iouring	loopback	2	4	0	duration	2000	0
1596	5	lsperf	idle_footprint	iouring	loopback	16	4	0	work	0	0
1597	5	neqoperf	datagram	iouring	loopback	2	4	0	duration	2000	0
1598	5	quinnperf	connect	iouring	loopback	16	4	0	work	0	8
1599	5	quiczigperf	download	iouring	loopback	1	4	0	duration	2000	0
1600	5	lsperf	upload	iouring	loopback	2	4	0	duration	2000	0
1601	5	xquicperf	multistream_upload	iouring	loopback	16	4	0	duration	2000	0
1602	5	xquicperf	resumed_connect	iouring	loopback	2	4	0	work	0	64
1603	5	quicheperf	download	iouring	loopback	1	4	0	duration	2000	0
1604	5	tquicperf	close_reset_cleanup	iouring	loopback	16	4	0	duration	2000	0
1605	5	neqoperf	multistream_download	iouring	loopback	1	4	0	duration	2000	0
1606	5	xquicperf	reqresp	iouring	loopback	2	4	0	duration	2000	0
1607	5	lsperf	download	iouring	loopback	1	4	0	duration	2000	0
1608	5	quinnperf	close_reset_cleanup	iouring	loopback	2	4	0	duration	2000	0
1609	5	ngtcp2perf	multistream_download	iouring	loopback	4	4	0	duration	2000	0
1610	5	s2nperf	loss_recovery	iouring	loopback	2	4	0	duration	5000	0
1611	5	quiczigperf	close_reset_cleanup	iouring	loopback	8	4	0	duration	2000	0
1612	5	ngtcp2perf	connect	iouring	loopback	16	4	0	work	0	8
1613	5	noqperf	idle_footprint	iouring	loopback	16	4	0	work	0	0
1614	5	s2nperf	connect	iouring	loopback	16	4	0	work	0	8
1615	5	quiczigperf	zero_rtt_reqresp	iouring	loopback	4	4	0	duration	2000	0
1616	5	xquicperf	idle_footprint	iouring	loopback	16	4	0	work	0	0
1617	5	quiczigperf	upload	iouring	loopback	1	4	0	duration	2000	0
1618	5	picoperf	resumed_connect	iouring	loopback	4	4	0	work	0	32
1619	5	quinnperf	idle_footprint	iouring	loopback	16	4	0	work	0	0
1620	5	ngtcp2perf	resumed_connect	iouring	loopback	16	4	0	work	0	8
1621	5	quicheperf	stream_churn	iouring	loopback	16	4	0	duration	2000	0
1622	5	quinnperf	zero_rtt_reqresp	iouring	loopback	1	4	0	duration	2000	0
1623	5	ngtcp2perf	reqresp	iouring	loopback	16	4	0	duration	2000	0
1624	5	xquicperf	loss_recovery	iouring	loopback	2	4	0	duration	5000	0
1625	5	picoperf	reqresp	iouring	loopback	8	4	0	duration	2000	0
1626	5	lsperf	datagram	iouring	loopback	16	4	0	duration	2000	0
1627	5	ngtcp2perf	upload	iouring	loopback	2	4	0	duration	2000	0
1628	5	neqoperf	flow_control	iouring	loopback	2	4	0	duration	2000	0
1629	5	lsperf	flow_control	iouring	loopback	1	4	0	duration	2000	0
1630	5	quiczigperf	stream_churn	iouring	loopback	4	4	0	duration	2000	0
1631	5	mvfstperf	download	iouring	loopback	2	4	0	duration	2000	0
1632	5	quiczigperf	loss_recovery	iouring	loopback	1	4	0	duration	5000	0
1633	5	s2nperf	download	iouring	loopback	1	4	0	duration	2000	0
1634	5	neqoperf	bidi	iouring	loopback	1	4	0	duration	2000	0
1635	5	picoperf	close_reset_cleanup	iouring	loopback	16	4	0	duration	2000	0
1636	5	mvfstperf	resumed_connect	iouring	loopback	2	4	0	work	0	64
1637	5	neqoperf	upload	iouring	loopback	1	4	0	duration	2000	0
1638	5	quicheperf	close_reset_cleanup	iouring	loopback	16	4	0	duration	2000	0
1639	5	xquicperf	small_payload_pps	iouring	loopback	4	4	0	duration	2000	0
1640	5	tquicperf	zero_rtt_reqresp	iouring	loopback	16	4	0	duration	2000	0
1641	5	xquicperf	multistream_download	iouring	loopback	8	4	0	duration	2000	0
1642	5	mvfstperf	small_payload_pps	iouring	loopback	16	4	0	duration	2000	0
1643	5	s2nperf	idle_footprint	iouring	loopback	16	4	0	work	0	0
1644	5	quinnperf	resumed_connect	iouring	loopback	16	4	0	work	0	2
1645	5	mvfstperf	zero_rtt_reqresp	iouring	loopback	16	4	0	duration	2000	0
1646	5	ngtcp2perf	small_payload_pps	iouring	loopback	16	4	0	duration	2000	0
1647	5	mvfstperf	upload	iouring	loopback	8	4	0	duration	2000	0
1648	5	neqoperf	stream_churn	iouring	loopback	4	4	0	duration	2000	0
1649	5	quiczigperf	idle_footprint	iouring	loopback	16	4	0	work	0	0
1650	5	xquicperf	bidi	iouring	loopback	2	4	0	duration	2000	0
1651	5	quiczigperf	multistream_upload	iouring	loopback	4	4	0	duration	2000	0
1652	5	quicheperf	connect	iouring	loopback	16	4	0	work	0	8
1653	5	s2nperf	small_payload_pps	iouring	loopback	4	4	0	duration	2000	0
1654	5	tquicperf	download	iouring	loopback	1	4	0	duration	2000	0
1655	5	xquicperf	download	iouring	loopback	2	4	0	duration	2000	0
1656	5	noqperf	datagram	iouring	loopback	4	4	0	duration	2000	0
1657	5	quicheperf	resumed_connect	iouring	loopback	2	4	0	work	0	64
1658	5	quiczigperf	datagram	iouring	loopback	2	4	0	duration	2000	0
1659	5	s2nperf	multistream_download	iouring	loopback	16	4	0	duration	2000	0
1660	5	quicheperf	idle_footprint	iouring	loopback	16	4	0	work	0	0
1661	5	quicheperf	bidi	iouring	loopback	4	4	0	duration	2000	0
1662	5	s2nperf	close_reset_cleanup	iouring	loopback	4	4	0	duration	2000	0
1663	5	quinnperf	loss_recovery	iouring	loopback	4	4	0	duration	5000	0
1664	5	tquicperf	connect	iouring	loopback	16	4	0	work	0	8
1665	5	quinnperf	download	iouring	loopback	2	4	0	duration	2000	0
1666	5	quinnperf	flow_control	iouring	loopback	2	4	0	duration	2000	0
1667	5	tquicperf	upload	iouring	loopback	4	4	0	duration	2000	0
1668	5	tquicperf	resumed_connect	iouring	loopback	8	4	0	work	0	16
1669	5	s2nperf	upload	iouring	loopback	2	4	0	duration	2000	0
1670	5	lsperf	loss_recovery	iouring	loopback	1	4	0	duration	5000	0
1671	5	ngtcp2perf	stream_churn	iouring	loopback	16	4	0	duration	2000	0
1672	5	s2nperf	datagram	iouring	loopback	8	4	0	duration	2000	0
1673	5	xquicperf	zero_rtt_reqresp	iouring	loopback	2	4	0	duration	2000	0
1674	5	noqperf	upload	iouring	loopback	1	4	0	duration	2000	0
1675	5	neqoperf	download	iouring	loopback	1	4	0	duration	2000	0
1676	5	quinnperf	bidi	iouring	loopback	1	4	0	duration	2000	0
1677	5	noqperf	download	iouring	loopback	2	4	0	duration	2000	0
1678	5	picoperf	small_payload_pps	iouring	loopback	16	4	0	duration	2000	0
1679	5	neqoperf	idle_footprint	iouring	loopback	16	4	0	work	0	0
1680	5	noqperf	multistream_upload	iouring	loopback	8	4	0	duration	2000	0
1681	5	ngtcp2perf	bidi	iouring	loopback	4	4	0	duration	2000	0
1682	5	noqperf	bidi	iouring	loopback	1	4	0	duration	2000	0
1683	5	s2nperf	reqresp	iouring	loopback	4	4	0	duration	2000	0
1684	5	s2nperf	flow_control	iouring	loopback	2	4	0	duration	2000	0
1685	5	picoperf	connect	iouring	loopback	16	4	0	work	0	8
1686	5	lsperf	connect	iouring	loopback	16	4	0	work	0	8
1687	5	lsperf	small_payload_pps	iouring	loopback	16	4	0	duration	2000	0
1688	5	neqoperf	resumed_connect	iouring	loopback	16	4	0	work	0	2
1689	5	picoperf	stream_churn	iouring	loopback	16	4	0	duration	2000	0
1690	5	noqperf	zero_rtt_reqresp	iouring	loopback	1	4	0	duration	2000	0
1691	5	neqoperf	zero_rtt_reqresp	iouring	loopback	4	4	0	duration	2000	0
1692	5	noqperf	multistream_download	iouring	loopback	2	4	0	duration	2000	0
1693	5	ngtcp2perf	flow_control	iouring	loopback	8	4	0	duration	2000	0
1694	5	quicheperf	upload	iouring	loopback	2	4	0	duration	2000	0
1695	5	s2nperf	zero_rtt_reqresp	iouring	loopback	4	4	0	duration	2000	0
1696	5	neqoperf	connect	iouring	loopback	16	4	0	work	0	8
1697	5	picoperf	loss_recovery	iouring	loopback	1	4	0	duration	5000	0
1698	5	quinnperf	upload	iouring	loopback	1	4	0	duration	2000	0
1699	5	mvfstperf	bidi	iouring	loopback	4	4	0	duration	2000	0
1700	5	tquicperf	small_payload_pps	iouring	loopback	16	4	0	duration	2000	0
1701	5	lsperf	reqresp	iouring	loopback	16	4	0	duration	2000	0
1702	5	xquicperf	close_reset_cleanup	iouring	loopback	2	4	0	duration	2000	0
1703	5	s2nperf	resumed_connect	iouring	loopback	16	4	0	work	0	2
1704	5	picoperf	zero_rtt_reqresp	iouring	loopback	8	4	0	duration	2000	0
1705	5	mvfstperf	connect	iouring	loopback	16	4	0	work	0	8
1706	5	noqperf	small_payload_pps	iouring	loopback	1	4	0	duration	2000	0
1707	5	picoperf	download	iouring	loopback	1	4	0	duration	2000	0
1708	5	lsperf	stream_churn	iouring	loopback	16	4	0	duration	2000	0
1709	5	quinnperf	multistream_upload	iouring	loopback	16	4	0	duration	2000	0
1710	5	picoperf	flow_control	iouring	loopback	1	4	0	duration	2000	0
1711	5	quiczigperf	small_payload_pps	iouring	loopback	8	4	0	duration	2000	0
1712	5	lsperf	zero_rtt_reqresp	iouring	loopback	8	4	0	duration	2000	0
1713	5	ngtcp2perf	multistream_upload	iouring	loopback	2	4	0	duration	2000	0
1714	5	lsperf	multistream_upload	iouring	loopback	16	4	0	duration	2000	0
1715	5	noqperf	loss_recovery	iouring	loopback	2	4	0	duration	5000	0
1716	5	picoperf	idle_footprint	iouring	loopback	16	4	0	work	0	0
1717	5	mvfstperf	close_reset_cleanup	iouring	loopback	16	4	0	duration	2000	0
1718	5	tquicperf	loss_recovery	iouring	loopback	2	4	0	duration	5000	0
1719	5	noqperf	flow_control	iouring	loopback	2	4	0	duration	2000	0
1720	5	quinnperf	datagram	iouring	loopback	4	4	0	duration	2000	0
1721	5	neqoperf	loss_recovery	iouring	loopback	2	4	0	duration	5000	0
1722	5	quicheperf	reqresp	iouring	loopback	16	4	0	duration	2000	0
1723	5	quicheperf	zero_rtt_reqresp	iouring	loopback	8	4	0	duration	2000	0
1724	5	picoperf	datagram	iouring	loopback	1	4	0	duration	2000	0
1725	5	mvfstperf	datagram	iouring	loopback	1	4	0	duration	2000	0
1726	5	tquicperf	flow_control	iouring	loopback	16	4	0	duration	2000	0
1727	5	ngtcp2perf	idle_footprint	iouring	loopback	16	4	0	work	0	0
1728	5	picoperf	bidi	iouring	loopback	16	4	0	duration	2000	0
1729	5	quicheperf	idle_footprint	syscall	loopback	16	4	0	work	0	0
1730	5	mvfstperf	resumed_connect	syscall	loopback	4	4	0	work	0	32
1731	5	s2nperf	idle_footprint	syscall	loopback	16	4	0	work	0	0
1732	5	picoperf	close_reset_cleanup	syscall	loopback	16	4	0	duration	2000	0
1733	5	noqperf	zero_rtt_reqresp	syscall	loopback	1	4	0	duration	2000	0
1734	5	xquicperf	upload	syscall	loopback	16	4	0	duration	2000	0
1735	5	picoperf	small_payload_pps	syscall	loopback	16	4	0	duration	2000	0
1736	5	noqperf	loss_recovery	syscall	loopback	2	4	0	duration	5000	0
1737	5	quicheperf	resumed_connect	syscall	loopback	2	4	0	work	0	64
1738	5	noqperf	resumed_connect	syscall	loopback	16	4	0	work	0	2
1739	5	picoperf	bidi	syscall	loopback	16	4	0	duration	2000	0
1740	5	tquicperf	small_payload_pps	syscall	loopback	16	4	0	duration	2000	0
1741	5	s2nperf	resumed_connect	syscall	loopback	16	4	0	work	0	2
1742	5	xquicperf	flow_control	syscall	loopback	8	4	0	duration	2000	0
1743	5	quiczigperf	bidi	syscall	loopback	1	4	0	duration	2000	0
1744	5	quicheperf	flow_control	syscall	loopback	8	4	0	duration	2000	0
1745	5	s2nperf	bidi	syscall	loopback	16	4	0	duration	2000	0
1746	5	quinnperf	idle_footprint	syscall	loopback	16	4	0	work	0	0
1747	5	mvfstperf	flow_control	syscall	loopback	2	4	0	duration	2000	0
1748	5	ngtcp2perf	small_payload_pps	syscall	loopback	16	4	0	duration	2000	0
1749	5	picoperf	zero_rtt_reqresp	syscall	loopback	16	4	0	duration	2000	0
1750	5	mvfstperf	bidi	syscall	loopback	4	4	0	duration	2000	0
1751	5	quiczigperf	multistream_download	syscall	loopback	1	4	0	duration	2000	0
1752	5	mvfstperf	stream_churn	syscall	loopback	16	4	0	duration	2000	0
1753	5	ngtcp2perf	bidi	syscall	loopback	4	4	0	duration	2000	0
1754	5	s2nperf	multistream_upload	syscall	loopback	16	4	0	duration	2000	0
1755	5	quinnperf	datagram	syscall	loopback	4	4	0	duration	2000	0
1756	5	tquicperf	close_reset_cleanup	syscall	loopback	16	4	0	duration	2000	0
1757	5	quicheperf	multistream_download	syscall	loopback	1	4	0	duration	2000	0
1758	5	neqoperf	multistream_upload	syscall	loopback	2	4	0	duration	2000	0
1759	5	quiczigperf	reqresp	syscall	loopback	4	4	0	duration	2000	0
1760	5	lsperf	reqresp	syscall	loopback	16	4	0	duration	2000	0
1761	5	tquicperf	flow_control	syscall	loopback	16	4	0	duration	2000	0
1762	5	neqoperf	small_payload_pps	syscall	loopback	4	4	0	duration	2000	0
1763	5	quinnperf	multistream_download	syscall	loopback	2	4	0	duration	2000	0
1764	5	noqperf	small_payload_pps	syscall	loopback	2	4	0	duration	2000	0
1765	5	neqoperf	close_reset_cleanup	syscall	loopback	4	4	0	duration	2000	0
1766	5	quinnperf	loss_recovery	syscall	loopback	2	4	0	duration	5000	0
1767	5	mvfstperf	download	syscall	loopback	1	4	0	duration	2000	0
1768	5	quicheperf	close_reset_cleanup	syscall	loopback	16	4	0	duration	2000	0
1769	5	noqperf	idle_footprint	syscall	loopback	16	4	0	work	0	0
1770	5	picoperf	upload	syscall	loopback	2	4	0	duration	2000	0
1771	5	lsperf	resumed_connect	syscall	loopback	1	4	0	work	0	128
1772	5	quiczigperf	zero_rtt_reqresp	syscall	loopback	4	4	0	duration	2000	0
1773	5	quinnperf	stream_churn	syscall	loopback	2	4	0	duration	2000	0
1774	5	lsperf	connect	syscall	loopback	16	4	0	work	0	8
1775	5	neqoperf	connect	syscall	loopback	16	4	0	work	0	8
1776	5	quinnperf	download	syscall	loopback	2	4	0	duration	2000	0
1777	5	quicheperf	multistream_upload	syscall	loopback	2	4	0	duration	2000	0
1778	5	mvfstperf	multistream_upload	syscall	loopback	16	4	0	duration	2000	0
1779	5	quinnperf	bidi	syscall	loopback	1	4	0	duration	2000	0
1780	5	quicheperf	connect	syscall	loopback	16	4	0	work	0	8
1781	5	noqperf	upload	syscall	loopback	1	4	0	duration	2000	0
1782	5	neqoperf	idle_footprint	syscall	loopback	16	4	0	work	0	0
1783	5	quinnperf	multistream_upload	syscall	loopback	16	4	0	duration	2000	0
1784	5	quiczigperf	loss_recovery	syscall	loopback	1	4	0	duration	5000	0
1785	5	ngtcp2perf	flow_control	syscall	loopback	4	4	0	duration	2000	0
1786	5	neqoperf	multistream_download	syscall	loopback	1	4	0	duration	2000	0
1787	5	tquicperf	connect	syscall	loopback	16	4	0	work	0	8
1788	5	picoperf	multistream_upload	syscall	loopback	16	4	0	duration	2000	0
1789	5	quicheperf	small_payload_pps	syscall	loopback	16	4	0	duration	2000	0
1790	5	picoperf	stream_churn	syscall	loopback	16	4	0	duration	2000	0
1791	5	noqperf	multistream_upload	syscall	loopback	8	4	0	duration	2000	0
1792	5	xquicperf	stream_churn	syscall	loopback	16	4	0	duration	2000	0
1793	5	quicheperf	loss_recovery	syscall	loopback	1	4	0	duration	5000	0
1794	5	mvfstperf	loss_recovery	syscall	loopback	16	4	0	duration	5000	0
1795	5	picoperf	datagram	syscall	loopback	1	4	0	duration	2000	0
1796	5	quiczigperf	small_payload_pps	syscall	loopback	8	4	0	duration	2000	0
1797	5	s2nperf	small_payload_pps	syscall	loopback	4	4	0	duration	2000	0
1798	5	noqperf	download	syscall	loopback	2	4	0	duration	2000	0
1799	5	picoperf	connect	syscall	loopback	16	4	0	work	0	8
1800	5	noqperf	connect	syscall	loopback	8	4	0	work	0	16
1801	5	lsperf	download	syscall	loopback	1	4	0	duration	2000	0
1802	5	lsperf	flow_control	syscall	loopback	1	4	0	duration	2000	0
1803	5	noqperf	close_reset_cleanup	syscall	loopback	2	4	0	duration	2000	0
1804	5	tquicperf	multistream_download	syscall	loopback	2	4	0	duration	2000	0
1805	5	picoperf	resumed_connect	syscall	loopback	2	4	0	work	0	64
1806	5	s2nperf	stream_churn	syscall	loopback	4	4	0	duration	2000	0
1807	5	tquicperf	download	syscall	loopback	1	4	0	duration	2000	0
1808	5	neqoperf	datagram	syscall	loopback	2	4	0	duration	2000	0
1809	5	xquicperf	loss_recovery	syscall	loopback	16	4	0	duration	5000	0
1810	5	lsperf	small_payload_pps	syscall	loopback	16	4	0	duration	2000	0
1811	5	mvfstperf	datagram	syscall	loopback	16	4	0	duration	2000	0
1812	5	picoperf	idle_footprint	syscall	loopback	16	4	0	work	0	0
1813	5	tquicperf	bidi	syscall	loopback	4	4	0	duration	2000	0
1814	5	xquicperf	small_payload_pps	syscall	loopback	16	4	0	duration	2000	0
1815	5	quicheperf	upload	syscall	loopback	4	4	0	duration	2000	0
1816	5	lsperf	bidi	syscall	loopback	16	4	0	duration	2000	0
1817	5	quiczigperf	flow_control	syscall	loopback	2	4	0	duration	2000	0
1818	5	picoperf	flow_control	syscall	loopback	1	4	0	duration	2000	0
1819	5	s2nperf	connect	syscall	loopback	16	4	0	work	0	8
1820	5	mvfstperf	connect	syscall	loopback	16	4	0	work	0	8
1821	5	tquicperf	datagram	syscall	loopback	2	4	0	duration	2000	0
1822	5	xquicperf	multistream_upload	syscall	loopback	16	4	0	duration	2000	0
1823	5	quiczigperf	connect	syscall	loopback	8	4	0	work	0	16
1824	5	quiczigperf	stream_churn	syscall	loopback	4	4	0	duration	2000	0
1825	5	neqoperf	stream_churn	syscall	loopback	4	4	0	duration	2000	0
1826	5	ngtcp2perf	reqresp	syscall	loopback	16	4	0	duration	2000	0
1827	5	tquicperf	idle_footprint	syscall	loopback	16	4	0	work	0	0
1828	5	picoperf	loss_recovery	syscall	loopback	1	4	0	duration	5000	0
1829	5	quinnperf	resumed_connect	syscall	loopback	16	4	0	work	0	2
1830	5	neqoperf	loss_recovery	syscall	loopback	2	4	0	duration	5000	0
1831	5	ngtcp2perf	download	syscall	loopback	1	4	0	duration	2000	0
1832	5	quiczigperf	resumed_connect	syscall	loopback	16	4	0	work	0	2
1833	5	noqperf	reqresp	syscall	loopback	1	4	0	duration	2000	0
1834	5	quiczigperf	multistream_upload	syscall	loopback	4	4	0	duration	2000	0
1835	5	picoperf	multistream_download	syscall	loopback	16	4	0	duration	2000	0
1836	5	xquicperf	datagram	syscall	loopback	8	4	0	duration	2000	0
1837	5	quicheperf	stream_churn	syscall	loopback	16	4	0	duration	2000	0
1838	5	ngtcp2perf	loss_recovery	syscall	loopback	2	4	0	duration	5000	0
1839	5	quiczigperf	upload	syscall	loopback	1	4	0	duration	2000	0
1840	5	ngtcp2perf	multistream_download	syscall	loopback	1	4	0	duration	2000	0
1841	5	s2nperf	close_reset_cleanup	syscall	loopback	4	4	0	duration	2000	0
1842	5	quicheperf	download	syscall	loopback	1	4	0	duration	2000	0
1843	5	quiczigperf	datagram	syscall	loopback	2	4	0	duration	2000	0
1844	5	tquicperf	loss_recovery	syscall	loopback	2	4	0	duration	5000	0
1845	5	lsperf	loss_recovery	syscall	loopback	1	4	0	duration	5000	0
1846	5	s2nperf	download	syscall	loopback	2	4	0	duration	2000	0
1847	5	mvfstperf	zero_rtt_reqresp	syscall	loopback	16	4	0	duration	2000	0
1848	5	mvfstperf	idle_footprint	syscall	loopback	16	4	0	work	0	0
1849	5	quinnperf	flow_control	syscall	loopback	2	4	0	duration	2000	0
1850	5	noqperf	stream_churn	syscall	loopback	2	4	0	duration	2000	0
1851	5	xquicperf	idle_footprint	syscall	loopback	16	4	0	work	0	0
1852	5	quiczigperf	idle_footprint	syscall	loopback	16	4	0	work	0	0
1853	5	lsperf	multistream_upload	syscall	loopback	16	4	0	duration	2000	0
1854	5	ngtcp2perf	idle_footprint	syscall	loopback	16	4	0	work	0	0
1855	5	xquicperf	close_reset_cleanup	syscall	loopback	16	4	0	duration	2000	0
1856	5	ngtcp2perf	resumed_connect	syscall	loopback	16	4	0	work	0	8
1857	5	ngtcp2perf	stream_churn	syscall	loopback	16	4	0	duration	2000	0
1858	5	mvfstperf	multistream_download	syscall	loopback	4	4	0	duration	2000	0
1859	5	s2nperf	loss_recovery	syscall	loopback	2	4	0	duration	5000	0
1860	5	noqperf	flow_control	syscall	loopback	2	4	0	duration	2000	0
1861	5	s2nperf	zero_rtt_reqresp	syscall	loopback	4	4	0	duration	2000	0
1862	5	mvfstperf	close_reset_cleanup	syscall	loopback	16	4	0	duration	2000	0
1863	5	mvfstperf	small_payload_pps	syscall	loopback	16	4	0	duration	2000	0
1864	5	quicheperf	zero_rtt_reqresp	syscall	loopback	16	4	0	duration	2000	0
1865	5	tquicperf	multistream_upload	syscall	loopback	2	4	0	duration	2000	0
1866	5	neqoperf	bidi	syscall	loopback	1	4	0	duration	2000	0
1867	5	lsperf	close_reset_cleanup	syscall	loopback	16	4	0	duration	2000	0
1868	5	quicheperf	datagram	syscall	loopback	2	4	0	duration	2000	0
1869	5	ngtcp2perf	connect	syscall	loopback	16	4	0	work	0	8
1870	5	lsperf	upload	syscall	loopback	2	4	0	duration	2000	0
1871	5	xquicperf	reqresp	syscall	loopback	16	4	0	duration	2000	0
1872	5	neqoperf	zero_rtt_reqresp	syscall	loopback	4	4	0	duration	2000	0
1873	5	s2nperf	multistream_download	syscall	loopback	16	4	0	duration	2000	0
1874	5	tquicperf	upload	syscall	loopback	16	4	0	duration	2000	0
1875	5	lsperf	zero_rtt_reqresp	syscall	loopback	16	4	0	duration	2000	0
1876	5	xquicperf	resumed_connect	syscall	loopback	2	4	0	work	0	64
1877	5	s2nperf	reqresp	syscall	loopback	4	4	0	duration	2000	0
1878	5	xquicperf	multistream_download	syscall	loopback	16	4	0	duration	2000	0
1879	5	lsperf	datagram	syscall	loopback	2	4	0	duration	2000	0
1880	5	neqoperf	upload	syscall	loopback	1	4	0	duration	2000	0
1881	5	lsperf	multistream_download	syscall	loopback	16	4	0	duration	2000	0
1882	5	s2nperf	flow_control	syscall	loopback	2	4	0	duration	2000	0
1883	5	quinnperf	small_payload_pps	syscall	loopback	2	4	0	duration	2000	0
1884	5	quiczigperf	download	syscall	loopback	1	4	0	duration	2000	0
1885	5	ngtcp2perf	datagram	syscall	loopback	4	4	0	duration	2000	0
1886	5	lsperf	idle_footprint	syscall	loopback	8	4	0	work	0	0
1887	5	quicheperf	reqresp	syscall	loopback	16	4	0	duration	2000	0
1888	5	noqperf	multistream_download	syscall	loopback	2	4	0	duration	2000	0
1889	5	noqperf	bidi	syscall	loopback	1	4	0	duration	2000	0
1890	5	mvfstperf	upload	syscall	loopback	8	4	0	duration	2000	0
1891	5	quinnperf	upload	syscall	loopback	1	4	0	duration	2000	0
1892	5	quicheperf	bidi	syscall	loopback	4	4	0	duration	2000	0
1893	5	xquicperf	zero_rtt_reqresp	syscall	loopback	16	4	0	duration	2000	0
1894	5	xquicperf	download	syscall	loopback	16	4	0	duration	2000	0
1895	5	quinnperf	close_reset_cleanup	syscall	loopback	2	4	0	duration	2000	0
1896	5	mvfstperf	reqresp	syscall	loopback	16	4	0	duration	2000	0
1897	5	neqoperf	flow_control	syscall	loopback	1	4	0	duration	2000	0
1898	5	picoperf	download	syscall	loopback	1	4	0	duration	2000	0
1899	5	tquicperf	reqresp	syscall	loopback	16	4	0	duration	2000	0
1900	5	quinnperf	reqresp	syscall	loopback	2	4	0	duration	2000	0
1901	5	neqoperf	reqresp	syscall	loopback	4	4	0	duration	2000	0
1902	5	xquicperf	connect	syscall	loopback	16	4	0	work	0	8
1903	5	quiczigperf	close_reset_cleanup	syscall	loopback	4	4	0	duration	2000	0
1904	5	tquicperf	stream_churn	syscall	loopback	16	4	0	duration	2000	0
1905	5	s2nperf	datagram	syscall	loopback	4	4	0	duration	2000	0
1906	5	quinnperf	connect	syscall	loopback	8	4	0	work	0	16
1907	5	ngtcp2perf	zero_rtt_reqresp	syscall	loopback	16	4	0	duration	2000	0
1908	5	neqoperf	resumed_connect	syscall	loopback	16	4	0	work	0	2
1909	5	noqperf	datagram	syscall	loopback	4	4	0	duration	2000	0
1910	5	neqoperf	download	syscall	loopback	1	4	0	duration	2000	0
1911	5	ngtcp2perf	close_reset_cleanup	syscall	loopback	16	4	0	duration	2000	0
1912	5	picoperf	reqresp	syscall	loopback	16	4	0	duration	2000	0
1913	5	tquicperf	resumed_connect	syscall	loopback	16	4	0	work	0	8
1914	5	ngtcp2perf	multistream_upload	syscall	loopback	4	4	0	duration	2000	0
1915	5	s2nperf	upload	syscall	loopback	2	4	0	duration	2000	0
1916	5	quinnperf	zero_rtt_reqresp	syscall	loopback	1	4	0	duration	2000	0
1917	5	xquicperf	bidi	syscall	loopback	4	4	0	duration	2000	0
1918	5	ngtcp2perf	upload	syscall	loopback	2	4	0	duration	2000	0
1919	5	lsperf	stream_churn	syscall	loopback	16	4	0	duration	2000	0
1920	5	tquicperf	zero_rtt_reqresp	syscall	loopback	16	4	0	duration	2000	0
