scenario	network	path_profile	metric	binary_a	binary_b	a_p50	b_p50	a_vs_b_median_ratio	a_vs_b_ci95_low	a_vs_b_ci95_high	relation
bidi	iouring	loopback	throughput_gbps	lsperf	mvfstperf	1.073742	7.191818	0.149300	0.148835	0.149839	loss
bidi	iouring	loopback	throughput_gbps	lsperf	neqoperf	1.073742	3.267888	0.328574	0.324810	0.329525	loss
bidi	iouring	loopback	throughput_gbps	lsperf	ngtcp2perf	1.073742	18.633702	0.057624	0.056682	0.057793	loss
bidi	iouring	loopback	throughput_gbps	lsperf	noqperf	1.073742	4.385600	0.244834	0.244713	0.250214	loss
bidi	iouring	loopback	throughput_gbps	lsperf	quicheperf	1.073742	11.905773	0.090187	0.089428	0.090616	loss
bidi	iouring	loopback	throughput_gbps	lsperf	quiczigperf	1.073742	5.274862	0.203558	0.202163	0.204225	loss
bidi	iouring	loopback	throughput_gbps	lsperf	quinnperf	1.073742	5.316893	0.201949	0.200588	0.203625	loss
bidi	iouring	loopback	throughput_gbps	lsperf	s2nperf	1.073742	2.147484	0.500000	0.500000	0.500000	loss
bidi	iouring	loopback	throughput_gbps	lsperf	tquicperf	1.073742	10.280824	0.104441	0.103728	0.104731	loss
bidi	iouring	loopback	throughput_gbps	lsperf	xquicperf	1.073742	4.055614	0.264754	0.263396	0.267116	loss
bidi	iouring	loopback	throughput_gbps	mvfstperf	neqoperf	7.191818	3.267888	2.200754	2.176189	2.211536	win
bidi	iouring	loopback	throughput_gbps	mvfstperf	ngtcp2perf	7.191818	18.633702	0.385958	0.379293	0.387670	loss
bidi	iouring	loopback	throughput_gbps	mvfstperf	noqperf	7.191818	4.385600	1.639871	1.633365	1.673489	win
bidi	iouring	loopback	throughput_gbps	mvfstperf	quicheperf	7.191818	11.905773	0.604061	0.598633	0.608737	loss
bidi	iouring	loopback	throughput_gbps	mvfstperf	quiczigperf	7.191818	5.274862	1.363414	1.350712	1.369444	win
bidi	iouring	loopback	throughput_gbps	mvfstperf	quinnperf	7.191818	5.316893	1.352635	1.339471	1.364527	win
bidi	iouring	loopback	throughput_gbps	mvfstperf	s2nperf	7.191818	2.147484	3.348951	3.336913	3.359417	win
bidi	iouring	loopback	throughput_gbps	mvfstperf	tquicperf	7.191818	10.280824	0.699537	0.693226	0.703519	loss
bidi	iouring	loopback	throughput_gbps	mvfstperf	xquicperf	7.191818	4.055614	1.773299	1.760897	1.791689	win
bidi	iouring	loopback	throughput_gbps	neqoperf	ngtcp2perf	3.267888	18.633702	0.175375	0.172285	0.177148	loss
bidi	iouring	loopback	throughput_gbps	neqoperf	noqperf	3.267888	4.385600	0.745140	0.742621	0.761610	loss
bidi	iouring	loopback	throughput_gbps	neqoperf	quicheperf	3.267888	11.905773	0.274479	0.272041	0.278015	loss
bidi	iouring	loopback	throughput_gbps	neqoperf	quiczigperf	3.267888	5.274862	0.619521	0.614005	0.626531	loss
bidi	iouring	loopback	throughput_gbps	neqoperf	quinnperf	3.267888	5.316893	0.614623	0.609207	0.623446	loss
bidi	iouring	loopback	throughput_gbps	neqoperf	s2nperf	3.267888	2.147484	1.521728	1.517334	1.539360	win
bidi	iouring	loopback	throughput_gbps	neqoperf	tquicperf	3.267888	10.280824	0.317862	0.315185	0.321502	loss
bidi	iouring	loopback	throughput_gbps	neqoperf	xquicperf	3.267888	4.055614	0.805769	0.800232	0.817712	loss
bidi	iouring	loopback	throughput_gbps	ngtcp2perf	noqperf	18.633702	4.385600	4.248837	4.234794	4.357132	win
bidi	iouring	loopback	throughput_gbps	ngtcp2perf	quicheperf	18.633702	11.905773	1.565098	1.552719	1.597285	win
bidi	iouring	loopback	throughput_gbps	ngtcp2perf	quiczigperf	18.633702	5.274862	3.532548	3.501786	3.595871	win
bidi	iouring	loopback	throughput_gbps	ngtcp2perf	quinnperf	18.633702	5.316893	3.504622	3.474496	3.580903	win
bidi	iouring	loopback	throughput_gbps	ngtcp2perf	s2nperf	18.633702	2.147484	8.676992	8.651550	8.821120	win
bidi	iouring	loopback	throughput_gbps	ngtcp2perf	tquicperf	18.633702	10.280824	1.812472	1.797127	1.845671	win
bidi	iouring	loopback	throughput_gbps	ngtcp2perf	xquicperf	18.633702	4.055614	4.594545	4.563868	4.702478	win
bidi	iouring	loopback	throughput_gbps	noqperf	quicheperf	4.385600	11.905773	0.368359	0.360438	0.370294	loss
bidi	iouring	loopback	throughput_gbps	noqperf	quiczigperf	4.385600	5.274862	0.831415	0.813537	0.834549	loss
bidi	iouring	loopback	throughput_gbps	noqperf	quinnperf	4.385600	5.316893	0.824843	0.807482	0.831788	loss
bidi	iouring	loopback	throughput_gbps	noqperf	s2nperf	4.385600	2.147484	2.042204	1.998291	2.043213	win
bidi	iouring	loopback	throughput_gbps	noqperf	tquicperf	4.385600	10.280824	0.426581	0.417478	0.427975	loss
bidi	iouring	loopback	throughput_gbps	noqperf	xquicperf	4.385600	4.055614	1.081365	1.059691	1.091550	win
bidi	iouring	loopback	throughput_gbps	quicheperf	quiczigperf	11.905773	5.274862	2.257078	2.231090	2.277309	win
bidi	iouring	loopback	throughput_gbps	quicheperf	quinnperf	11.905773	5.316893	2.239235	2.214055	2.267812	win
bidi	iouring	loopback	throughput_gbps	quicheperf	s2nperf	11.905773	2.147484	5.544057	5.517806	5.589949	win
bidi	iouring	loopback	throughput_gbps	quicheperf	tquicperf	11.905773	10.280824	1.158056	1.144878	1.168073	win
bidi	iouring	loopback	throughput_gbps	quicheperf	xquicperf	11.905773	4.055614	2.935628	2.907707	2.976376	win
bidi	iouring	loopback	throughput_gbps	quiczigperf	quinnperf	5.274862	5.316893	0.992095	0.983383	1.006401	statistical_tie
bidi	iouring	loopback	throughput_gbps	quiczigperf	s2nperf	5.274862	2.147484	2.456298	2.448284	2.473249	win
bidi	iouring	loopback	throughput_gbps	quiczigperf	tquicperf	5.274862	10.280824	0.513078	0.508769	0.518028	loss
bidi	iouring	loopback	throughput_gbps	quiczigperf	xquicperf	5.274862	4.055614	1.300632	1.292116	1.321129	win
bidi	iouring	loopback	throughput_gbps	quinnperf	s2nperf	5.316893	2.147484	2.475871	2.455493	2.492675	win
bidi	iouring	loopback	throughput_gbps	quinnperf	tquicperf	5.316893	10.280824	0.517166	0.510483	0.522097	loss
bidi	iouring	loopback	throughput_gbps	quinnperf	xquicperf	5.316893	4.055614	1.310996	1.295142	1.331265	win
bidi	iouring	loopback	throughput_gbps	s2nperf	tquicperf	2.147484	10.280824	0.208882	0.207455	0.209462	loss
bidi	iouring	loopback	throughput_gbps	s2nperf	xquicperf	2.147484	4.055614	0.529509	0.526791	0.534232	loss
bidi	iouring	loopback	throughput_gbps	tquicperf	xquicperf	10.280824	4.055614	2.534961	2.515881	2.570833	win
bidi	syscall	loopback	throughput_gbps	lsperf	mvfstperf	2.147484	7.406184	0.289958	0.288934	0.292321	loss
bidi	syscall	loopback	throughput_gbps	lsperf	neqoperf	2.147484	3.305636	0.649643	0.645243	0.653478	loss
bidi	syscall	loopback	throughput_gbps	lsperf	ngtcp2perf	2.147484	20.503228	0.104739	0.103434	0.105505	loss
bidi	syscall	loopback	throughput_gbps	lsperf	noqperf	2.147484	3.856375	0.556866	0.551576	0.559533	loss
bidi	syscall	loopback	throughput_gbps	lsperf	quiczigperf	2.147484	5.286396	0.406228	0.404663	0.409846	loss
bidi	syscall	loopback	throughput_gbps	lsperf	quinnperf	2.147484	4.612374	0.465592	0.462720	0.467281	loss
bidi	syscall	loopback	throughput_gbps	lsperf	s2nperf	2.147484	2.147484	1.000000	1.000000	1.000000	statistical_tie
bidi	syscall	loopback	throughput_gbps	lsperf	tquicperf	2.147484	11.223257	0.191342	0.188374	0.191976	loss
bidi	syscall	loopback	throughput_gbps	lsperf	xquicperf	2.147484	4.298809	0.499553	0.498176	0.503318	loss
bidi	syscall	loopback	throughput_gbps	mvfstperf	neqoperf	7.406184	3.305636	2.240472	2.217674	2.258086	win
bidi	syscall	loopback	throughput_gbps	mvfstperf	ngtcp2perf	7.406184	20.503228	0.361220	0.355902	0.364884	loss
bidi	syscall	loopback	throughput_gbps	mvfstperf	noqperf	7.406184	3.856375	1.920504	1.897118	1.934336	win
bidi	syscall	loopback	throughput_gbps	mvfstperf	quiczigperf	7.406184	5.286396	1.400989	1.387011	1.415308	win
bidi	syscall	loopback	throughput_gbps	mvfstperf	quinnperf	7.406184	4.612374	1.605721	1.588390	1.616633	win
bidi	syscall	loopback	throughput_gbps	mvfstperf	s2nperf	7.406184	2.147484	3.448773	3.420898	3.461001	win
bidi	syscall	loopback	throughput_gbps	mvfstperf	tquicperf	7.406184	11.223257	0.659896	0.647801	0.664042	loss
bidi	syscall	loopback	throughput_gbps	mvfstperf	xquicperf	7.406184	4.298809	1.722846	1.705453	1.740059	win
bidi	syscall	loopback	throughput_gbps	neqoperf	ngtcp2perf	3.305636	20.503228	0.161225	0.159015	0.162791	loss
bidi	syscall	loopback	throughput_gbps	neqoperf	noqperf	3.305636	3.856375	0.857187	0.847967	0.864924	loss
bidi	syscall	loopback	throughput_gbps	neqoperf	quiczigperf	3.305636	5.286396	0.625310	0.620269	0.631692	loss
bidi	syscall	loopback	throughput_gbps	neqoperf	quinnperf	3.305636	4.612374	0.716689	0.709820	0.722512	loss
bidi	syscall	loopback	throughput_gbps	neqoperf	s2nperf	3.305636	2.147484	1.539306	1.530273	1.549805	win
bidi	syscall	loopback	throughput_gbps	neqoperf	tquicperf	3.305636	11.223257	0.294534	0.289676	0.297182	loss
bidi	syscall	loopback	throughput_gbps	neqoperf	xquicperf	3.305636	4.298809	0.768966	0.762716	0.776888	loss
bidi	syscall	loopback	throughput_gbps	ngtcp2perf	noqperf	20.503228	3.856375	5.316711	5.247259	5.387250	win
bidi	syscall	loopback	throughput_gbps	ngtcp2perf	quiczigperf	20.503228	5.286396	3.878489	3.838319	3.936074	win
bidi	syscall	loopback	throughput_gbps	ngtcp2perf	quinnperf	20.503228	4.612374	4.445266	4.389498	4.507178	win
bidi	syscall	loopback	throughput_gbps	ngtcp2perf	s2nperf	20.503228	2.147484	9.547558	9.478232	9.667992	win
bidi	syscall	loopback	throughput_gbps	ngtcp2perf	tquicperf	20.503228	11.223257	1.826852	1.792514	1.852203	win
bidi	syscall	loopback	throughput_gbps	ngtcp2perf	xquicperf	20.503228	4.298809	4.769513	4.725273	4.842203	win
bidi	syscall	loopback	throughput_gbps	noqperf	quiczigperf	3.856375	5.286396	0.729490	0.724650	0.739844	loss
bidi	syscall	loopback	throughput_gbps	noqperf	quinnperf	3.856375	4.612374	0.836093	0.828868	0.844345	loss
bidi	syscall	loopback	throughput_gbps	noqperf	s2nperf	3.856375	2.147484	1.795764	1.787205	1.812988	win
bidi	syscall	loopback	throughput_gbps	noqperf	tquicperf	3.856375	11.223257	0.343606	0.338181	0.347050	loss
bidi	syscall	loopback	throughput_gbps	noqperf	xquicperf	3.856375	4.298809	0.897080	0.890805	0.908578	loss
bidi	syscall	loopback	throughput_gbps	quiczigperf	quinnperf	5.286396	4.612374	1.146133	1.132640	1.153898	win
bidi	syscall	loopback	throughput_gbps	quiczigperf	s2nperf	5.286396	2.147484	2.461670	2.439941	2.471191	win
bidi	syscall	loopback	throughput_gbps	quiczigperf	tquicperf	5.286396	11.223257	0.471022	0.462090	0.474063	loss
bidi	syscall	loopback	throughput_gbps	quiczigperf	xquicperf	5.286396	4.298809	1.229735	1.218195	1.241966	win
bidi	syscall	loopback	throughput_gbps	quinnperf	s2nperf	4.612374	2.147484	2.147804	2.140039	2.161135	win
bidi	syscall	loopback	throughput_gbps	quinnperf	tquicperf	4.612374	11.223257	0.410966	0.404176	0.414136	loss
bidi	syscall	loopback	throughput_gbps	quinnperf	xquicperf	4.612374	4.298809	1.072942	1.066529	1.085525	win
bidi	syscall	loopback	throughput_gbps	s2nperf	tquicperf	2.147484	11.223257	0.191342	0.188374	0.191976	loss
bidi	syscall	loopback	throughput_gbps	s2nperf	xquicperf	2.147484	4.298809	0.499553	0.498176	0.503318	loss
bidi	syscall	loopback	throughput_gbps	tquicperf	xquicperf	11.223257	4.298809	2.610783	2.596252	2.662089	win
close_reset_cleanup	iouring	loopback	streams_per_second	lsperf	mvfstperf	69916.000000	10798.250000	6.474753	6.385782	6.675355	win
close_reset_cleanup	iouring	loopback	streams_per_second	lsperf	neqoperf	69916.000000	12303.750000	5.682495	5.672299	5.711889	win
close_reset_cleanup	iouring	loopback	streams_per_second	lsperf	ngtcp2perf	69916.000000	42285.000000	1.653447	1.649219	1.662589	win
close_reset_cleanup	iouring	loopback	streams_per_second	lsperf	noqperf	69916.000000	32764.500000	2.133895	2.131148	2.141952	win
close_reset_cleanup	iouring	loopback	streams_per_second	lsperf	picoperf	69916.000000	45716.000000	1.529355	1.511371	1.543368	win
close_reset_cleanup	iouring	loopback	streams_per_second	lsperf	quicheperf	69916.000000	52788.000000	1.324468	1.313469	1.337945	win
close_reset_cleanup	iouring	loopback	streams_per_second	lsperf	quiczigperf	69916.000000	3936.000000	17.763211	17.714575	17.830285	win
close_reset_cleanup	iouring	loopback	streams_per_second	lsperf	quinnperf	69916.000000	54645.250000	1.279452	1.263430	1.323979	win
close_reset_cleanup	iouring	loopback	streams_per_second	lsperf	s2nperf	69916.000000	41611.750000	1.680199	1.677078	1.694888	win
close_reset_cleanup	iouring	loopback	streams_per_second	lsperf	tquicperf	69916.000000	177026.000000	0.394948	0.391260	0.398633	loss
close_reset_cleanup	iouring	loopback	streams_per_second	lsperf	xquicperf	69916.000000	18196.250000	3.842330	3.811825	3.864431	win
close_reset_cleanup	iouring	loopback	streams_per_second	mvfstperf	neqoperf	10798.250000	12303.750000	0.877639	0.851660	0.890661	loss
close_reset_cleanup	iouring	loopback	streams_per_second	mvfstperf	ngtcp2perf	10798.250000	42285.000000	0.255368	0.247714	0.259423	loss
close_reset_cleanup	iouring	loopback	streams_per_second	mvfstperf	noqperf	10798.250000	32764.500000	0.329572	0.319663	0.334020	loss
close_reset_cleanup	iouring	loopback	streams_per_second	mvfstperf	picoperf	10798.250000	45716.000000	0.236203	0.228618	0.240380	loss
close_reset_cleanup	iouring	loopback	streams_per_second	mvfstperf	quicheperf	10798.250000	52788.000000	0.204559	0.198449	0.208498	loss
close_reset_cleanup	iouring	loopback	streams_per_second	mvfstperf	quiczigperf	10798.250000	3936.000000	2.743458	2.661014	2.780488	win
close_reset_cleanup	iouring	loopback	streams_per_second	mvfstperf	quinnperf	10798.250000	54645.250000	0.197606	0.191125	0.204819	loss
close_reset_cleanup	iouring	loopback	streams_per_second	mvfstperf	s2nperf	10798.250000	41611.750000	0.259500	0.251845	0.264508	loss
close_reset_cleanup	iouring	loopback	streams_per_second	mvfstperf	tquicperf	10798.250000	177026.000000	0.060998	0.059109	0.062004	loss
close_reset_cleanup	iouring	loopback	streams_per_second	mvfstperf	xquicperf	10798.250000	18196.250000	0.593433	0.574755	0.602632	loss
close_reset_cleanup	iouring	loopback	streams_per_second	neqoperf	ngtcp2perf	12303.750000	42285.000000	0.290972	0.289740	0.291910	loss
close_reset_cleanup	iouring	loopback	streams_per_second	neqoperf	noqperf	12303.750000	32764.500000	0.375521	0.374503	0.375849	loss
close_reset_cleanup	iouring	loopback	streams_per_second	neqoperf	picoperf	12303.750000	45716.000000	0.269134	0.265873	0.271133	loss
close_reset_cleanup	iouring	loopback	streams_per_second	neqoperf	quicheperf	12303.750000	52788.000000	0.233079	0.230904	0.235260	loss
close_reset_cleanup	iouring	loopback	streams_per_second	neqoperf	quiczigperf	12303.750000	3936.000000	3.125953	3.113964	3.128684	win
close_reset_cleanup	iouring	loopback	streams_per_second	neqoperf	quinnperf	12303.750000	54645.250000	0.225157	0.221949	0.232992	loss
close_reset_cleanup	iouring	loopback	streams_per_second	neqoperf	s2nperf	12303.750000	41611.750000	0.295680	0.294712	0.297631	loss
close_reset_cleanup	iouring	loopback	streams_per_second	neqoperf	tquicperf	12303.750000	177026.000000	0.069503	0.068865	0.070101	loss
close_reset_cleanup	iouring	loopback	streams_per_second	neqoperf	xquicperf	12303.750000	18196.250000	0.676170	0.669868	0.678638	loss
close_reset_cleanup	iouring	loopback	streams_per_second	ngtcp2perf	noqperf	42285.000000	32764.500000	1.290574	1.287229	1.293290	win
close_reset_cleanup	iouring	loopback	streams_per_second	ngtcp2perf	picoperf	42285.000000	45716.000000	0.924950	0.913354	0.932609	loss
close_reset_cleanup	iouring	loopback	streams_per_second	ngtcp2perf	quicheperf	42285.000000	52788.000000	0.801034	0.793680	0.808373	loss
close_reset_cleanup	iouring	loopback	streams_per_second	ngtcp2perf	quiczigperf	42285.000000	3936.000000	10.743140	10.693536	10.765752	win
close_reset_cleanup	iouring	loopback	streams_per_second	ngtcp2perf	quinnperf	42285.000000	54645.250000	0.773809	0.762657	0.800739	loss
close_reset_cleanup	iouring	loopback	streams_per_second	ngtcp2perf	s2nperf	42285.000000	41611.750000	1.016179	1.012915	1.024127	win
close_reset_cleanup	iouring	loopback	streams_per_second	ngtcp2perf	tquicperf	42285.000000	177026.000000	0.238863	0.236559	0.240963	loss
close_reset_cleanup	iouring	loopback	streams_per_second	ngtcp2perf	xquicperf	42285.000000	18196.250000	2.323830	2.301228	2.335225	win
close_reset_cleanup	iouring	loopback	streams_per_second	noqperf	picoperf	32764.500000	45716.000000	0.716697	0.708391	0.721653	loss
close_reset_cleanup	iouring	loopback	streams_per_second	noqperf	quicheperf	32764.500000	52788.000000	0.620681	0.615703	0.626197	loss
close_reset_cleanup	iouring	loopback	streams_per_second	noqperf	quiczigperf	32764.500000	3936.000000	8.324314	8.305323	8.324441	win
close_reset_cleanup	iouring	loopback	streams_per_second	noqperf	quinnperf	32764.500000	54645.250000	0.599586	0.592331	0.620452	loss
close_reset_cleanup	iouring	loopback	streams_per_second	noqperf	s2nperf	32764.500000	41611.750000	0.787386	0.786710	0.791903	loss
close_reset_cleanup	iouring	loopback	streams_per_second	noqperf	tquicperf	32764.500000	177026.000000	0.185083	0.183386	0.186722	loss
close_reset_cleanup	iouring	loopback	streams_per_second	noqperf	xquicperf	32764.500000	18196.250000	1.800618	1.787090	1.806216	win
close_reset_cleanup	iouring	loopback	streams_per_second	picoperf	quicheperf	45716.000000	52788.000000	0.866030	0.855552	0.879800	loss
close_reset_cleanup	iouring	loopback	streams_per_second	picoperf	quiczigperf	45716.000000	3936.000000	11.614837	11.520211	11.751016	win
close_reset_cleanup	iouring	loopback	streams_per_second	picoperf	quinnperf	45716.000000	54645.250000	0.836596	0.822699	0.867756	loss
close_reset_cleanup	iouring	loopback	streams_per_second	picoperf	s2nperf	45716.000000	41611.750000	1.098632	1.090464	1.115746	win
close_reset_cleanup	iouring	loopback	streams_per_second	picoperf	tquicperf	45716.000000	177026.000000	0.258245	0.254936	0.262237	loss
close_reset_cleanup	iouring	loopback	streams_per_second	picoperf	xquicperf	45716.000000	18196.250000	2.512386	2.479116	2.544137	win
close_reset_cleanup	iouring	loopback	streams_per_second	quicheperf	quiczigperf	52788.000000	3936.000000	13.411585	13.293361	13.520008	win
close_reset_cleanup	iouring	loopback	streams_per_second	quicheperf	quinnperf	52788.000000	54645.250000	0.966013	0.948594	1.000583	statistical_tie
close_reset_cleanup	iouring	loopback	streams_per_second	quicheperf	s2nperf	52788.000000	41611.750000	1.268584	1.256692	1.284864	win
close_reset_cleanup	iouring	loopback	streams_per_second	quicheperf	tquicperf	52788.000000	177026.000000	0.298193	0.293798	0.301398	loss
close_reset_cleanup	iouring	loopback	streams_per_second	quicheperf	xquicperf	52788.000000	18196.250000	2.901037	2.862965	2.929773	win
close_reset_cleanup	iouring	loopback	streams_per_second	quiczigperf	quinnperf	3936.000000	54645.250000	0.072028	0.071157	0.074535	loss
close_reset_cleanup	iouring	loopback	streams_per_second	quiczigperf	s2nperf	3936.000000	41611.750000	0.094589	0.094507	0.095347	loss
close_reset_cleanup	iouring	loopback	streams_per_second	quiczigperf	tquicperf	3936.000000	177026.000000	0.022234	0.022030	0.022431	loss
close_reset_cleanup	iouring	loopback	streams_per_second	quiczigperf	xquicperf	3936.000000	18196.250000	0.216308	0.214683	0.217349	loss
close_reset_cleanup	iouring	loopback	streams_per_second	quinnperf	s2nperf	54645.250000	41611.750000	1.313217	1.269053	1.336139	win
close_reset_cleanup	iouring	loopback	streams_per_second	quinnperf	tquicperf	54645.250000	177026.000000	0.308685	0.297991	0.313995	loss
close_reset_cleanup	iouring	loopback	streams_per_second	quinnperf	xquicperf	54645.250000	18196.250000	3.003105	2.897769	3.046750	win
close_reset_cleanup	iouring	loopback	streams_per_second	s2nperf	tquicperf	41611.750000	177026.000000	0.235060	0.232324	0.237088	loss
close_reset_cleanup	iouring	loopback	streams_per_second	s2nperf	xquicperf	41611.750000	18196.250000	2.286831	2.257536	2.295369	win
close_reset_cleanup	iouring	loopback	streams_per_second	tquicperf	xquicperf	177026.000000	18196.250000	9.728708	9.600764	9.818726	win
close_reset_cleanup	syscall	loopback	streams_per_second	lsperf	mvfstperf	115444.000000	11022.000000	10.473961	10.293921	10.590957	win
close_reset_cleanup	syscall	loopback	streams_per_second	lsperf	neqoperf	115444.000000	12233.500000	9.436711	9.314399	9.548313	win
close_reset_cleanup	syscall	loopback	streams_per_second	lsperf	ngtcp2perf	115444.000000	52912.000000	2.181811	2.143843	2.212246	win
close_reset_cleanup	syscall	loopback	streams_per_second	lsperf	noqperf	115444.000000	43988.250000	2.624428	2.569288	2.659956	win
close_reset_cleanup	syscall	loopback	streams_per_second	lsperf	picoperf	115444.000000	49276.000000	2.342804	2.280442	2.409812	win
close_reset_cleanup	syscall	loopback	streams_per_second	lsperf	quicheperf	115444.000000	75079.750000	1.537618	1.508503	1.562682	win
close_reset_cleanup	syscall	loopback	streams_per_second	lsperf	quiczigperf	115444.000000	3835.000000	30.102738	29.594528	30.441803	win
close_reset_cleanup	syscall	loopback	streams_per_second	lsperf	quinnperf	115444.000000	51519.000000	2.240804	2.184392	2.281484	win
close_reset_cleanup	syscall	loopback	streams_per_second	lsperf	s2nperf	115444.000000	39452.500000	2.926152	2.877515	2.964628	win
close_reset_cleanup	syscall	loopback	streams_per_second	lsperf	tquicperf	115444.000000	178364.000000	0.647238	0.635967	0.655053	loss
close_reset_cleanup	syscall	loopback	streams_per_second	lsperf	xquicperf	115444.000000	20353.750000	5.671879	5.566981	5.735661	win
close_reset_cleanup	syscall	loopback	streams_per_second	mvfstperf	neqoperf	11022.000000	12233.500000	0.900969	0.899640	0.907225	loss
close_reset_cleanup	syscall	loopback	streams_per_second	mvfstperf	ngtcp2perf	11022.000000	52912.000000	0.208308	0.206521	0.210780	loss
close_reset_cleanup	syscall	loopback	streams_per_second	mvfstperf	noqperf	11022.000000	43988.250000	0.250567	0.248045	0.252921	loss
close_reset_cleanup	syscall	loopback	streams_per_second	mvfstperf	picoperf	11022.000000	49276.000000	0.223679	0.218847	0.229956	loss
close_reset_cleanup	syscall	loopback	streams_per_second	mvfstperf	quicheperf	11022.000000	75079.750000	0.146804	0.145463	0.148496	loss
close_reset_cleanup	syscall	loopback	streams_per_second	mvfstperf	quiczigperf	11022.000000	3835.000000	2.874055	2.844261	2.892619	win
close_reset_cleanup	syscall	loopback	streams_per_second	mvfstperf	quinnperf	11022.000000	51519.000000	0.213940	0.210004	0.217033	loss
close_reset_cleanup	syscall	loopback	streams_per_second	mvfstperf	s2nperf	11022.000000	39452.500000	0.279374	0.276847	0.281610	loss
close_reset_cleanup	syscall	loopback	streams_per_second	mvfstperf	tquicperf	11022.000000	178364.000000	0.061795	0.061015	0.062229	loss
close_reset_cleanup	syscall	loopback	streams_per_second	mvfstperf	xquicperf	11022.000000	20353.750000	0.541522	0.535865	0.545719	loss
close_reset_cleanup	syscall	loopback	streams_per_second	neqoperf	ngtcp2perf	12233.500000	52912.000000	0.231205	0.229248	0.232946	loss
close_reset_cleanup	syscall	loopback	streams_per_second	neqoperf	noqperf	12233.500000	43988.250000	0.278108	0.275142	0.279580	loss
close_reset_cleanup	syscall	loopback	streams_per_second	neqoperf	picoperf	12233.500000	49276.000000	0.248265	0.242651	0.254139	loss
close_reset_cleanup	syscall	loopback	streams_per_second	neqoperf	quicheperf	12233.500000	75079.750000	0.162940	0.161323	0.164104	loss
close_reset_cleanup	syscall	loopback	streams_per_second	neqoperf	quiczigperf	12233.500000	3835.000000	3.189961	3.156829	3.196669	win
close_reset_cleanup	syscall	loopback	streams_per_second	neqoperf	quinnperf	12233.500000	51519.000000	0.237456	0.232826	0.240202	loss
close_reset_cleanup	syscall	loopback	streams_per_second	neqoperf	s2nperf	12233.500000	39452.500000	0.310082	0.307135	0.311211	loss
close_reset_cleanup	syscall	loopback	streams_per_second	neqoperf	tquicperf	12233.500000	178364.000000	0.068587	0.067620	0.068763	loss
close_reset_cleanup	syscall	loopback	streams_per_second	neqoperf	xquicperf	12233.500000	20353.750000	0.601044	0.595420	0.603108	loss
close_reset_cleanup	syscall	loopback	streams_per_second	ngtcp2perf	noqperf	52912.000000	43988.250000	1.202867	1.187228	1.215822	win
close_reset_cleanup	syscall	loopback	streams_per_second	ngtcp2perf	picoperf	52912.000000	49276.000000	1.073788	1.049269	1.104354	win
close_reset_cleanup	syscall	loopback	streams_per_second	ngtcp2perf	quicheperf	52912.000000	75079.750000	0.704744	0.695242	0.714024	loss
close_reset_cleanup	syscall	loopback	streams_per_second	ngtcp2perf	quiczigperf	52912.000000	3835.000000	13.797132	13.633847	13.909708	win
close_reset_cleanup	syscall	loopback	streams_per_second	ngtcp2perf	quinnperf	52912.000000	51519.000000	1.027039	1.005258	1.044257	statistical_tie
close_reset_cleanup	syscall	loopback	streams_per_second	ngtcp2perf	s2nperf	52912.000000	39452.500000	1.341157	1.324883	1.354958	win
close_reset_cleanup	syscall	loopback	streams_per_second	ngtcp2perf	tquicperf	52912.000000	178364.000000	0.296652	0.292738	0.299325	loss
close_reset_cleanup	syscall	loopback	streams_per_second	ngtcp2perf	xquicperf	52912.000000	20353.750000	2.599619	2.564926	2.622862	win
close_reset_cleanup	syscall	loopback	streams_per_second	noqperf	picoperf	43988.250000	49276.000000	0.892691	0.871539	0.918373	loss
close_reset_cleanup	syscall	loopback	streams_per_second	noqperf	quicheperf	43988.250000	75079.750000	0.585887	0.578843	0.594925	loss
close_reset_cleanup	syscall	loopback	streams_per_second	noqperf	quiczigperf	43988.250000	3835.000000	11.470209	11.338494	11.588831	win
close_reset_cleanup	syscall	loopback	streams_per_second	noqperf	quinnperf	43988.250000	51519.000000	0.853826	0.837007	0.869296	loss
close_reset_cleanup	syscall	loopback	streams_per_second	noqperf	s2nperf	43988.250000	39452.500000	1.114967	1.102748	1.128371	win
close_reset_cleanup	syscall	loopback	streams_per_second	noqperf	tquicperf	43988.250000	178364.000000	0.246621	0.243683	0.249329	loss
close_reset_cleanup	syscall	loopback	streams_per_second	noqperf	xquicperf	43988.250000	20353.750000	2.161187	2.136865	2.184355	win
close_reset_cleanup	syscall	loopback	streams_per_second	picoperf	quicheperf	49276.000000	75079.750000	0.656315	0.637266	0.674064	loss
close_reset_cleanup	syscall	loopback	streams_per_second	picoperf	quiczigperf	49276.000000	3835.000000	12.849022	12.514647	13.135153	win
close_reset_cleanup	syscall	loopback	streams_per_second	picoperf	quinnperf	49276.000000	51519.000000	0.956463	0.925026	0.983339	loss
close_reset_cleanup	syscall	loopback	streams_per_second	picoperf	s2nperf	49276.000000	39452.500000	1.248996	1.215604	1.278808	win
close_reset_cleanup	syscall	loopback	streams_per_second	picoperf	tquicperf	49276.000000	178364.000000	0.276267	0.269182	0.282658	loss
close_reset_cleanup	syscall	loopback	streams_per_second	picoperf	xquicperf	49276.000000	20353.750000	2.420979	2.357891	2.476988	win
close_reset_cleanup	syscall	loopback	streams_per_second	quicheperf	quiczigperf	75079.750000	3835.000000	19.577510	19.267618	19.762506	win
close_reset_cleanup	syscall	loopback	streams_per_second	quicheperf	quinnperf	75079.750000	51519.000000	1.457322	1.424931	1.482474	win
close_reset_cleanup	syscall	loopback	streams_per_second	quicheperf	s2nperf	75079.750000	39452.500000	1.903042	1.875625	1.923945	win
close_reset_cleanup	syscall	loopback	streams_per_second	quicheperf	tquicperf	75079.750000	178364.000000	0.420936	0.414274	0.425158	loss
close_reset_cleanup	syscall	loopback	streams_per_second	quicheperf	xquicperf	75079.750000	20353.750000	3.688743	3.636134	3.724789	win
close_reset_cleanup	syscall	loopback	streams_per_second	quiczigperf	quinnperf	3835.000000	51519.000000	0.074439	0.073092	0.075653	loss
close_reset_cleanup	syscall	loopback	streams_per_second	quiczigperf	s2nperf	3835.000000	39452.500000	0.097206	0.096260	0.098396	loss
close_reset_cleanup	syscall	loopback	streams_per_second	quiczigperf	tquicperf	3835.000000	178364.000000	0.021501	0.021205	0.021722	loss
close_reset_cleanup	syscall	loopback	streams_per_second	quiczigperf	xquicperf	3835.000000	20353.750000	0.188417	0.186508	0.190384	loss
close_reset_cleanup	syscall	loopback	streams_per_second	quinnperf	s2nperf	51519.000000	39452.500000	1.305849	1.284676	1.332486	win
close_reset_cleanup	syscall	loopback	streams_per_second	quinnperf	tquicperf	51519.000000	178364.000000	0.288842	0.284167	0.294457	loss
close_reset_cleanup	syscall	loopback	streams_per_second	quinnperf	xquicperf	51519.000000	20353.750000	2.531180	2.491479	2.578550	win
close_reset_cleanup	syscall	loopback	streams_per_second	s2nperf	tquicperf	39452.500000	178364.000000	0.221191	0.218672	0.223390	loss
close_reset_cleanup	syscall	loopback	streams_per_second	s2nperf	xquicperf	39452.500000	20353.750000	1.938341	1.914738	1.957128	win
close_reset_cleanup	syscall	loopback	streams_per_second	tquicperf	xquicperf	178364.000000	20353.750000	8.763201	8.665742	8.863851	win
connect	iouring	loopback	connections_per_second	lsperf	neqoperf	262.974003	233.983630	1.123899	1.101509	1.151036	win
connect	iouring	loopback	connections_per_second	lsperf	quicheperf	262.974003	258.442356	1.017534	1.004833	1.026664	statistical_tie
connect	iouring	loopback	connections_per_second	lsperf	quiczigperf	262.974003	266.934016	0.985165	0.968080	1.001582	statistical_tie
connect	iouring	loopback	connections_per_second	lsperf	quinnperf	262.974003	274.843466	0.956814	0.937022	0.968265	loss
connect	iouring	loopback	connections_per_second	lsperf	s2nperf	262.974003	271.288505	0.969352	0.952315	0.987731	loss
connect	iouring	loopback	connections_per_second	lsperf	tquicperf	262.974003	274.999622	0.956270	0.942021	0.968918	loss
connect	iouring	loopback	connections_per_second	lsperf	xquicperf	262.974003	287.356544	0.915149	0.892391	0.933371	loss
connect	iouring	loopback	connections_per_second	neqoperf	quicheperf	233.983630	258.442356	0.905361	0.884770	0.918281	loss
connect	iouring	loopback	connections_per_second	neqoperf	quiczigperf	233.983630	266.934016	0.876560	0.854150	0.895847	loss
connect	iouring	loopback	connections_per_second	neqoperf	quinnperf	233.983630	274.843466	0.851334	0.829083	0.867137	loss
connect	iouring	loopback	connections_per_second	neqoperf	s2nperf	233.983630	271.288505	0.862490	0.841354	0.885601	loss
connect	iouring	loopback	connections_per_second	neqoperf	tquicperf	233.983630	274.999622	0.850851	0.831301	0.868557	loss
connect	iouring	loopback	connections_per_second	neqoperf	xquicperf	233.983630	287.356544	0.814262	0.790866	0.833380	loss
connect	iouring	loopback	connections_per_second	quicheperf	quiczigperf	258.442356	266.934016	0.968188	0.957758	0.980759	loss
connect	iouring	loopback	connections_per_second	quicheperf	quinnperf	258.442356	274.843466	0.940326	0.923222	0.950422	loss
connect	iouring	loopback	connections_per_second	quicheperf	s2nperf	258.442356	271.288505	0.952648	0.941493	0.966990	loss
connect	iouring	loopback	connections_per_second	quicheperf	tquicperf	258.442356	274.999622	0.939792	0.933066	0.948571	loss
connect	iouring	loopback	connections_per_second	quicheperf	xquicperf	258.442356	287.356544	0.899379	0.880000	0.919121	loss
connect	iouring	loopback	connections_per_second	quiczigperf	quinnperf	266.934016	274.843466	0.971222	0.948784	0.987066	loss
connect	iouring	loopback	connections_per_second	quiczigperf	s2nperf	266.934016	271.288505	0.983949	0.966315	1.004379	statistical_tie
connect	iouring	loopback	connections_per_second	quiczigperf	tquicperf	266.934016	274.999622	0.970670	0.955141	0.985596	loss
connect	iouring	loopback	connections_per_second	quiczigperf	xquicperf	266.934016	287.356544	0.928930	0.905010	0.947410	loss
connect	iouring	loopback	connections_per_second	quinnperf	s2nperf	274.843466	271.288505	1.013104	0.998446	1.032785	statistical_tie
connect	iouring	loopback	connections_per_second	quinnperf	tquicperf	274.843466	274.999622	0.999432	0.988300	1.019366	statistical_tie
connect	iouring	loopback	connections_per_second	quinnperf	xquicperf	274.843466	287.356544	0.956455	0.934284	0.979739	loss
connect	iouring	loopback	connections_per_second	s2nperf	tquicperf	271.288505	274.999622	0.986505	0.969971	1.002215	statistical_tie
connect	iouring	loopback	connections_per_second	s2nperf	xquicperf	271.288505	287.356544	0.944083	0.919682	0.964807	loss
connect	iouring	loopback	connections_per_second	tquicperf	xquicperf	274.999622	287.356544	0.956998	0.935076	0.974766	loss
connect	syscall	loopback	connections_per_second	mvfstperf	ngtcp2perf	261.264648	112.772161	2.316748	2.247428	2.341559	win
connect	syscall	loopback	connections_per_second	mvfstperf	picoperf	261.264648	296.534223	0.881061	0.856233	0.899688	loss
connect	syscall	loopback	connections_per_second	mvfstperf	quicheperf	261.264648	276.992591	0.943219	0.917976	0.955693	loss
connect	syscall	loopback	connections_per_second	mvfstperf	quiczigperf	261.264648	286.083448	0.913246	0.890527	0.933726	loss
connect	syscall	loopback	connections_per_second	mvfstperf	s2nperf	261.264648	295.299626	0.884744	0.855687	0.895925	loss
connect	syscall	loopback	connections_per_second	mvfstperf	tquicperf	261.264648	300.440243	0.869606	0.843925	0.883585	loss
connect	syscall	loopback	connections_per_second	ngtcp2perf	picoperf	112.772161	296.534223	0.380301	0.372237	0.389147	loss
connect	syscall	loopback	connections_per_second	ngtcp2perf	quicheperf	112.772161	276.992591	0.407131	0.405007	0.415348	loss
connect	syscall	loopback	connections_per_second	ngtcp2perf	quiczigperf	112.772161	286.083448	0.394193	0.393228	0.403613	loss
connect	syscall	loopback	connections_per_second	ngtcp2perf	s2nperf	112.772161	295.299626	0.381891	0.374875	0.389003	loss
connect	syscall	loopback	connections_per_second	ngtcp2perf	tquicperf	112.772161	300.440243	0.375356	0.371532	0.383302	loss
connect	syscall	loopback	connections_per_second	picoperf	quicheperf	296.534223	276.992591	1.070549	1.048634	1.095114	win
connect	syscall	loopback	connections_per_second	picoperf	quiczigperf	296.534223	286.083448	1.036531	1.015312	1.061795	win
connect	syscall	loopback	connections_per_second	picoperf	s2nperf	296.534223	295.299626	1.004181	0.978331	1.026921	statistical_tie
connect	syscall	loopback	connections_per_second	picoperf	tquicperf	296.534223	300.440243	0.986999	0.963007	1.009273	statistical_tie
connect	syscall	loopback	connections_per_second	quicheperf	quiczigperf	276.992591	286.083448	0.968223	0.961096	0.989699	loss
connect	syscall	loopback	connections_per_second	quicheperf	s2nperf	276.992591	295.299626	0.938005	0.916451	0.946673	loss
connect	syscall	loopback	connections_per_second	quicheperf	tquicperf	276.992591	300.440243	0.921956	0.908070	0.936604	loss
connect	syscall	loopback	connections_per_second	quiczigperf	s2nperf	286.083448	295.299626	0.968790	0.942667	0.975853	loss
connect	syscall	loopback	connections_per_second	quiczigperf	tquicperf	286.083448	300.440243	0.952214	0.927902	0.967343	loss
connect	syscall	loopback	connections_per_second	s2nperf	tquicperf	295.299626	300.440243	0.982890	0.969003	1.006728	statistical_tie
datagram	iouring	loopback	datagrams_per_second	lsperf	neqoperf	928370.000000	1860976.250000	0.498862	0.491857	0.507117	loss
datagram	iouring	loopback	datagrams_per_second	lsperf	noqperf	928370.000000	2642925.500000	0.351266	0.348023	0.357481	loss
datagram	iouring	loopback	datagrams_per_second	lsperf	quiczigperf	928370.000000	3459619.750000	0.268345	0.265847	0.269114	loss
datagram	iouring	loopback	datagrams_per_second	lsperf	quinnperf	928370.000000	3296997.250000	0.281580	0.275957	0.284413	loss
datagram	iouring	loopback	datagrams_per_second	lsperf	tquicperf	928370.000000	839445.500000	1.105932	1.092251	1.116024	win
datagram	iouring	loopback	datagrams_per_second	neqoperf	noqperf	1860976.250000	2642925.500000	0.704135	0.690303	0.719657	loss
datagram	iouring	loopback	datagrams_per_second	neqoperf	quiczigperf	1860976.250000	3459619.750000	0.537914	0.527630	0.544485	loss
datagram	iouring	loopback	datagrams_per_second	neqoperf	quinnperf	1860976.250000	3296997.250000	0.564446	0.552141	0.573521	loss
datagram	iouring	loopback	datagrams_per_second	neqoperf	tquicperf	1860976.250000	839445.500000	2.216911	2.171963	2.253341	win
datagram	iouring	loopback	datagrams_per_second	noqperf	quiczigperf	2642925.500000	3459619.750000	0.763935	0.747739	0.769618	loss
datagram	iouring	loopback	datagrams_per_second	noqperf	quinnperf	2642925.500000	3296997.250000	0.801616	0.782878	0.812041	loss
datagram	iouring	loopback	datagrams_per_second	noqperf	tquicperf	2642925.500000	839445.500000	3.148418	3.081112	3.188399	win
datagram	iouring	loopback	datagrams_per_second	quiczigperf	quinnperf	3459619.750000	3296997.250000	1.049324	1.030189	1.063768	win
datagram	iouring	loopback	datagrams_per_second	quiczigperf	tquicperf	3459619.750000	839445.500000	4.121315	4.077264	4.179078	win
datagram	iouring	loopback	datagrams_per_second	quinnperf	tquicperf	3296997.250000	839445.500000	3.927589	3.867577	4.007623	win
datagram	syscall	loopback	datagrams_per_second	neqoperf	ngtcp2perf	1996134.750000	1498893.250000	1.331739	1.316695	1.352897	win
datagram	syscall	loopback	datagrams_per_second	neqoperf	noqperf	1996134.750000	2772331.000000	0.720020	0.713251	0.729597	loss
datagram	syscall	loopback	datagrams_per_second	neqoperf	quiczigperf	1996134.750000	3553603.000000	0.561721	0.547329	0.574409	loss
datagram	syscall	loopback	datagrams_per_second	neqoperf	quinnperf	1996134.750000	3504773.000000	0.569548	0.562041	0.576152	loss
datagram	syscall	loopback	datagrams_per_second	neqoperf	tquicperf	1996134.750000	887032.250000	2.250352	2.229350	2.282965	win
datagram	syscall	loopback	datagrams_per_second	neqoperf	xquicperf	1996134.750000	9984.000000	199.933368	197.719913	202.912879	win
datagram	syscall	loopback	datagrams_per_second	ngtcp2perf	noqperf	1498893.250000	2772331.000000	0.540662	0.534757	0.544384	loss
datagram	syscall	loopback	datagrams_per_second	ngtcp2perf	quiczigperf	1498893.250000	3553603.000000	0.421795	0.411132	0.431322	loss
datagram	syscall	loopback	datagrams_per_second	ngtcp2perf	quinnperf	1498893.250000	3504773.000000	0.427672	0.421486	0.431088	loss
datagram	syscall	loopback	datagrams_per_second	ngtcp2perf	tquicperf	1498893.250000	887032.250000	1.689784	1.672233	1.702244	win
datagram	syscall	loopback	datagrams_per_second	ngtcp2perf	xquicperf	1498893.250000	9984.000000	150.129532	148.282569	151.550565	win
datagram	syscall	loopback	datagrams_per_second	noqperf	quiczigperf	2772331.000000	3553603.000000	0.780147	0.762144	0.797712	loss
datagram	syscall	loopback	datagrams_per_second	noqperf	quinnperf	2772331.000000	3504773.000000	0.791016	0.784042	0.794754	loss
datagram	syscall	loopback	datagrams_per_second	noqperf	tquicperf	2772331.000000	887032.250000	3.125400	3.115582	3.141522	win
datagram	syscall	loopback	datagrams_per_second	noqperf	xquicperf	2772331.000000	9984.000000	277.677384	275.836774	279.606157	win
datagram	syscall	loopback	datagrams_per_second	quiczigperf	quinnperf	3553603.000000	3504773.000000	1.013932	0.992429	1.038045	statistical_tie
datagram	syscall	loopback	datagrams_per_second	quiczigperf	tquicperf	3553603.000000	887032.250000	4.006171	3.917834	4.097069	win
datagram	syscall	loopback	datagrams_per_second	quiczigperf	xquicperf	3553603.000000	9984.000000	355.929788	348.687922	364.858635	win
datagram	syscall	loopback	datagrams_per_second	quinnperf	tquicperf	3504773.000000	887032.250000	3.951122	3.934547	3.982637	win
datagram	syscall	loopback	datagrams_per_second	quinnperf	xquicperf	3504773.000000	9984.000000	351.038962	348.633034	355.301368	win
datagram	syscall	loopback	datagrams_per_second	tquicperf	xquicperf	887032.250000	9984.000000	88.845378	88.241085	89.353188	win
download	iouring	loopback	throughput_gbps	mvfstperf	neqoperf	7.586037	4.392406	1.727080	1.707341	1.745643	win
download	iouring	loopback	throughput_gbps	mvfstperf	noqperf	7.586037	5.498447	1.379669	1.368778	1.393318	win
download	iouring	loopback	throughput_gbps	mvfstperf	picoperf	7.586037	9.690742	0.782813	0.768518	0.796400	loss
download	iouring	loopback	throughput_gbps	mvfstperf	quiczigperf	7.586037	10.462691	0.725056	0.718465	0.732431	loss
download	iouring	loopback	throughput_gbps	mvfstperf	quinnperf	7.586037	6.870274	1.104183	1.095633	1.121822	win
download	iouring	loopback	throughput_gbps	mvfstperf	s2nperf	7.586037	5.624134	1.348837	1.336508	1.364768	win
download	iouring	loopback	throughput_gbps	neqoperf	noqperf	4.392406	5.498447	0.798845	0.795516	0.804660	loss
download	iouring	loopback	throughput_gbps	neqoperf	picoperf	4.392406	9.690742	0.453258	0.446313	0.459630	loss
download	iouring	loopback	throughput_gbps	neqoperf	quiczigperf	4.392406	10.462691	0.419816	0.417563	0.422889	loss
download	iouring	loopback	throughput_gbps	neqoperf	quinnperf	4.392406	6.870274	0.639335	0.636768	0.647667	loss
download	iouring	loopback	throughput_gbps	neqoperf	s2nperf	4.392406	5.624134	0.780993	0.776508	0.787948	loss
download	iouring	loopback	throughput_gbps	noqperf	picoperf	5.498447	9.690742	0.567392	0.559107	0.574340	loss
download	iouring	loopback	throughput_gbps	noqperf	quiczigperf	5.498447	10.462691	0.525529	0.523435	0.527382	loss
download	iouring	loopback	throughput_gbps	noqperf	quinnperf	5.498447	6.870274	0.800324	0.798665	0.808459	loss
download	iouring	loopback	throughput_gbps	noqperf	s2nperf	5.498447	5.624134	0.977652	0.973629	0.982139	loss
download	iouring	loopback	throughput_gbps	picoperf	quiczigperf	9.690742	10.462691	0.926219	0.914389	0.939934	loss
download	iouring	loopback	throughput_gbps	picoperf	quinnperf	9.690742	6.870274	1.410532	1.395803	1.437204	win
download	iouring	loopback	throughput_gbps	picoperf	s2nperf	9.690742	5.624134	1.723064	1.701415	1.750427	win
download	iouring	loopback	throughput_gbps	quiczigperf	quinnperf	10.462691	6.870274	1.522893	1.519475	1.539444	win
download	iouring	loopback	throughput_gbps	quiczigperf	s2nperf	10.462691	5.624134	1.860321	1.852386	1.871190	win
download	iouring	loopback	throughput_gbps	quinnperf	s2nperf	6.870274	5.624134	1.221570	1.207884	1.226505	win
download	syscall	loopback	throughput_gbps	mvfstperf	noqperf	7.482661	5.386795	1.389075	1.369303	1.404362	win
download	syscall	loopback	throughput_gbps	mvfstperf	quinnperf	7.482661	6.695362	1.117589	1.097448	1.124197	win
download	syscall	loopback	throughput_gbps	mvfstperf	tquicperf	7.482661	8.599656	0.870112	0.848319	0.880608	loss
download	syscall	loopback	throughput_gbps	noqperf	quinnperf	5.386795	6.695362	0.804556	0.791712	0.808743	loss
download	syscall	loopback	throughput_gbps	noqperf	tquicperf	5.386795	8.599656	0.626397	0.612656	0.632836	loss
download	syscall	loopback	throughput_gbps	quinnperf	tquicperf	6.695362	8.599656	0.778562	0.764059	0.786800	loss
flow_control	iouring	loopback	throughput_gbps	lsperf	mvfstperf	11.731958	6.652826	1.763455	1.720457	1.792221	win
flow_control	iouring	loopback	throughput_gbps	lsperf	neqoperf	11.731958	5.562979	2.108934	2.068692	2.143827	win
flow_control	iouring	loopback	throughput_gbps	lsperf	ngtcp2perf	11.731958	14.794552	0.792992	0.777340	0.802800	loss
flow_control	iouring	loopback	throughput_gbps	lsperf	noqperf	11.731958	4.319797	2.715859	2.652019	2.753036	win
flow_control	iouring	loopback	throughput_gbps	lsperf	picoperf	11.731958	9.579541	1.224689	1.200252	1.242310	win
flow_control	iouring	loopback	throughput_gbps	lsperf	quicheperf	11.731958	9.963935	1.177442	1.152916	1.195142	win
flow_control	iouring	loopback	throughput_gbps	lsperf	quiczigperf	11.731958	8.434462	1.390955	1.344274	1.410739	win
flow_control	iouring	loopback	throughput_gbps	lsperf	quinnperf	11.731958	5.326770	2.202453	2.160083	2.225223	win
flow_control	iouring	loopback	throughput_gbps	lsperf	s2nperf	11.731958	4.950458	2.369873	2.309391	2.412909	win
flow_control	iouring	loopback	throughput_gbps	lsperf	tquicperf	11.731958	8.102019	1.448029	1.420825	1.470216	win
flow_control	iouring	loopback	throughput_gbps	lsperf	xquicperf	11.731958	2.359084	4.973099	4.870500	5.054137	win
flow_control	iouring	loopback	throughput_gbps	mvfstperf	neqoperf	6.652826	5.562979	1.195911	1.184276	1.216594	win
flow_control	iouring	loopback	throughput_gbps	mvfstperf	ngtcp2perf	6.652826	14.794552	0.449681	0.444998	0.455330	loss
flow_control	iouring	loopback	throughput_gbps	mvfstperf	noqperf	6.652826	4.319797	1.540079	1.510106	1.560002	win
flow_control	iouring	loopback	throughput_gbps	mvfstperf	picoperf	6.652826	9.579541	0.694483	0.684672	0.704160	loss
flow_control	iouring	loopback	throughput_gbps	mvfstperf	quicheperf	6.652826	9.963935	0.667691	0.658269	0.678557	loss
flow_control	iouring	loopback	throughput_gbps	mvfstperf	quiczigperf	6.652826	8.434462	0.788767	0.763070	0.800784	loss
flow_control	iouring	loopback	throughput_gbps	mvfstperf	quinnperf	6.652826	5.326770	1.248942	1.237826	1.262236	win
flow_control	iouring	loopback	throughput_gbps	mvfstperf	s2nperf	6.652826	4.950458	1.343881	1.318753	1.367473	win
flow_control	iouring	loopback	throughput_gbps	mvfstperf	tquicperf	6.652826	8.102019	0.821132	0.813735	0.833878	loss
flow_control	iouring	loopback	throughput_gbps	mvfstperf	xquicperf	6.652826	2.359084	2.820089	2.784468	2.870101	win
flow_control	iouring	loopback	throughput_gbps	neqoperf	ngtcp2perf	5.562979	14.794552	0.376015	0.370997	0.378150	loss
flow_control	iouring	loopback	throughput_gbps	neqoperf	noqperf	5.562979	4.319797	1.287787	1.263899	1.296453	win
flow_control	iouring	loopback	throughput_gbps	neqoperf	picoperf	5.562979	9.579541	0.580715	0.572147	0.585175	loss
flow_control	iouring	loopback	throughput_gbps	neqoperf	quicheperf	5.562979	9.963935	0.558312	0.549759	0.563539	loss
flow_control	iouring	loopback	throughput_gbps	neqoperf	quiczigperf	5.562979	8.434462	0.659554	0.638409	0.665834	loss
flow_control	iouring	loopback	throughput_gbps	neqoperf	quinnperf	5.562979	5.326770	1.044344	1.030405	1.048282	win
flow_control	iouring	loopback	throughput_gbps	neqoperf	s2nperf	5.562979	4.950458	1.123730	1.101060	1.137051	win
flow_control	iouring	loopback	throughput_gbps	neqoperf	tquicperf	5.562979	8.102019	0.686616	0.677452	0.693042	loss
flow_control	iouring	loopback	throughput_gbps	neqoperf	xquicperf	5.562979	2.359084	2.358110	2.321548	2.388596	win
flow_control	iouring	loopback	throughput_gbps	ngtcp2perf	noqperf	14.794552	4.319797	3.424826	3.373358	3.448328	win
flow_control	iouring	loopback	throughput_gbps	ngtcp2perf	picoperf	14.794552	9.579541	1.544391	1.528504	1.556438	win
flow_control	iouring	loopback	throughput_gbps	ngtcp2perf	quicheperf	14.794552	9.963935	1.484810	1.466654	1.499528	win
flow_control	iouring	loopback	throughput_gbps	ngtcp2perf	quiczigperf	14.794552	8.434462	1.754060	1.701824	1.772552	win
flow_control	iouring	loopback	throughput_gbps	ngtcp2perf	quinnperf	14.794552	5.326770	2.777397	2.766518	2.787101	win
flow_control	iouring	loopback	throughput_gbps	ngtcp2perf	s2nperf	14.794552	4.950458	2.988522	2.945456	3.022296	win
flow_control	iouring	loopback	throughput_gbps	ngtcp2perf	tquicperf	14.794552	8.102019	1.826033	1.819824	1.843691	win
flow_control	iouring	loopback	throughput_gbps	ngtcp2perf	xquicperf	14.794552	2.359084	6.271312	6.218410	6.352972	win
flow_control	iouring	loopback	throughput_gbps	noqperf	picoperf	4.319797	9.579541	0.450940	0.446947	0.458834	loss
flow_control	iouring	loopback	throughput_gbps	noqperf	quicheperf	4.319797	9.963935	0.433543	0.428781	0.441772	loss
flow_control	iouring	loopback	throughput_gbps	noqperf	quiczigperf	4.319797	8.434462	0.512160	0.497068	0.521247	loss
flow_control	iouring	loopback	throughput_gbps	noqperf	quinnperf	4.319797	5.326770	0.810960	0.806374	0.822180	loss
flow_control	iouring	loopback	throughput_gbps	noqperf	s2nperf	4.319797	4.950458	0.872606	0.859244	0.891361	loss
flow_control	iouring	loopback	throughput_gbps	noqperf	tquicperf	4.319797	8.102019	0.533175	0.530369	0.543292	loss
flow_control	iouring	loopback	throughput_gbps	noqperf	xquicperf	4.319797	2.359084	1.831133	1.812559	1.864658	win
flow_control	iouring	loopback	throughput_gbps	picoperf	quicheperf	9.579541	9.963935	0.961421	0.950563	0.971976	loss
flow_control	iouring	loopback	throughput_gbps	picoperf	quiczigperf	9.579541	8.434462	1.135762	1.100190	1.149286	win
flow_control	iouring	loopback	throughput_gbps	picoperf	quinnperf	9.579541	5.326770	1.798377	1.786676	1.813626	win
flow_control	iouring	loopback	throughput_gbps	picoperf	s2nperf	9.579541	4.950458	1.935082	1.903400	1.961417	win
flow_control	iouring	loopback	throughput_gbps	picoperf	tquicperf	9.579541	8.102019	1.182365	1.174552	1.199028	win
flow_control	iouring	loopback	throughput_gbps	picoperf	xquicperf	9.579541	2.359084	4.060703	4.018434	4.116842	win
flow_control	iouring	loopback	throughput_gbps	quicheperf	quiczigperf	9.963935	8.434462	1.181336	1.145947	1.198397	win
flow_control	iouring	loopback	throughput_gbps	quicheperf	quinnperf	9.963935	5.326770	1.870540	1.854564	1.889959	win
flow_control	iouring	loopback	throughput_gbps	quicheperf	s2nperf	9.963935	4.950458	2.012730	1.977528	2.044445	win
flow_control	iouring	loopback	throughput_gbps	quicheperf	tquicperf	9.963935	8.102019	1.229809	1.219624	1.247389	win
flow_control	iouring	loopback	throughput_gbps	quicheperf	xquicperf	9.963935	2.359084	4.223646	4.172366	4.286980	win
flow_control	iouring	loopback	throughput_gbps	quiczigperf	quinnperf	8.434462	5.326770	1.583410	1.568427	1.629224	win
flow_control	iouring	loopback	throughput_gbps	quiczigperf	s2nperf	8.434462	4.950458	1.703774	1.676140	1.761637	win
flow_control	iouring	loopback	throughput_gbps	quiczigperf	tquicperf	8.434462	8.102019	1.041032	1.031523	1.075911	win
flow_control	iouring	loopback	throughput_gbps	quiczigperf	xquicperf	8.434462	2.359084	3.575312	3.529702	3.688420	win
flow_control	iouring	loopback	throughput_gbps	quinnperf	s2nperf	5.326770	4.950458	1.076015	1.061453	1.087069	win
flow_control	iouring	loopback	throughput_gbps	quinnperf	tquicperf	5.326770	8.102019	0.657462	0.656269	0.662889	loss
flow_control	iouring	loopback	throughput_gbps	quinnperf	xquicperf	5.326770	2.359084	2.257982	2.242496	2.285187	win
flow_control	iouring	loopback	throughput_gbps	s2nperf	tquicperf	4.950458	8.102019	0.611015	0.605081	0.622219	loss
flow_control	iouring	loopback	throughput_gbps	s2nperf	xquicperf	4.950458	2.359084	2.098466	2.068060	2.138517	win
flow_control	iouring	loopback	throughput_gbps	tquicperf	xquicperf	8.102019	2.359084	3.434392	3.392996	3.475925	win
flow_control	syscall	loopback	throughput_gbps	mvfstperf	neqoperf	6.659187	4.794643	1.388881	1.356967	1.404776	win
flow_control	syscall	loopback	throughput_gbps	mvfstperf	ngtcp2perf	6.659187	15.600013	0.426871	0.418904	0.433538	loss
flow_control	syscall	loopback	throughput_gbps	mvfstperf	noqperf	6.659187	4.225389	1.575994	1.549151	1.593373	win
flow_control	syscall	loopback	throughput_gbps	mvfstperf	picoperf	6.659187	9.686089	0.687500	0.674287	0.703213	loss
flow_control	syscall	loopback	throughput_gbps	mvfstperf	quicheperf	6.659187	10.308521	0.645989	0.635773	0.654663	loss
flow_control	syscall	loopback	throughput_gbps	mvfstperf	quiczigperf	6.659187	8.470081	0.786201	0.762878	0.798682	loss
flow_control	syscall	loopback	throughput_gbps	mvfstperf	quinnperf	6.659187	5.212619	1.277513	1.250611	1.292172	win
flow_control	syscall	loopback	throughput_gbps	mvfstperf	s2nperf	6.659187	4.887017	1.362628	1.343194	1.378731	win
flow_control	syscall	loopback	throughput_gbps	mvfstperf	tquicperf	6.659187	7.942835	0.838389	0.820089	0.846131	loss
flow_control	syscall	loopback	throughput_gbps	mvfstperf	xquicperf	6.659187	5.115550	1.301754	1.277160	1.343888	win
flow_control	syscall	loopback	throughput_gbps	neqoperf	ngtcp2perf	4.794643	15.600013	0.307349	0.303033	0.314634	loss
flow_control	syscall	loopback	throughput_gbps	neqoperf	noqperf	4.794643	4.225389	1.134722	1.120884	1.156421	win
flow_control	syscall	loopback	throughput_gbps	neqoperf	picoperf	4.794643	9.686089	0.495003	0.487903	0.508586	loss
flow_control	syscall	loopback	throughput_gbps	neqoperf	quicheperf	4.794643	10.308521	0.465115	0.459907	0.475355	loss
flow_control	syscall	loopback	throughput_gbps	neqoperf	quiczigperf	4.794643	8.470081	0.566068	0.551992	0.579337	loss
flow_control	syscall	loopback	throughput_gbps	neqoperf	quinnperf	4.794643	5.212619	0.919815	0.904779	0.939186	loss
flow_control	syscall	loopback	throughput_gbps	neqoperf	s2nperf	4.794643	4.887017	0.981098	0.971920	1.000623	statistical_tie
flow_control	syscall	loopback	throughput_gbps	neqoperf	tquicperf	4.794643	7.942835	0.603644	0.592466	0.615449	loss
flow_control	syscall	loopback	throughput_gbps	neqoperf	xquicperf	4.794643	5.115550	0.937268	0.923719	0.968464	loss
flow_control	syscall	loopback	throughput_gbps	ngtcp2perf	noqperf	15.600013	4.225389	3.691971	3.631300	3.744674	win
flow_control	syscall	loopback	throughput_gbps	ngtcp2perf	picoperf	15.600013	9.686089	1.610559	1.581317	1.649863	win
flow_control	syscall	loopback	throughput_gbps	ngtcp2perf	quicheperf	15.600013	10.308521	1.513312	1.487880	1.536194	win
flow_control	syscall	loopback	throughput_gbps	ngtcp2perf	quiczigperf	15.600013	8.470081	1.841778	1.789525	1.875358	win
flow_control	syscall	loopback	throughput_gbps	ngtcp2perf	quinnperf	15.600013	5.212619	2.992740	2.931086	3.036805	win
flow_control	syscall	loopback	throughput_gbps	ngtcp2perf	s2nperf	15.600013	4.887017	3.192134	3.144550	3.237562	win
flow_control	syscall	loopback	throughput_gbps	ngtcp2perf	tquicperf	15.600013	7.942835	1.964036	1.921498	1.988625	win
flow_control	syscall	loopback	throughput_gbps	ngtcp2perf	xquicperf	15.600013	5.115550	3.049528	2.990133	3.147802	win
flow_control	syscall	loopback	throughput_gbps	noqperf	picoperf	4.225389	9.686089	0.436233	0.430232	0.447214	loss
flow_control	syscall	loopback	throughput_gbps	noqperf	quicheperf	4.225389	10.308521	0.409893	0.405257	0.415801	loss
flow_control	syscall	loopback	throughput_gbps	noqperf	quiczigperf	4.225389	8.470081	0.498860	0.487033	0.507072	loss
flow_control	syscall	loopback	throughput_gbps	noqperf	quinnperf	4.225389	5.212619	0.810608	0.797887	0.820665	loss
flow_control	syscall	loopback	throughput_gbps	noqperf	s2nperf	4.225389	4.887017	0.864615	0.856775	0.875204	loss
flow_control	syscall	loopback	throughput_gbps	noqperf	tquicperf	4.225389	7.942835	0.531975	0.522758	0.537819	loss
flow_control	syscall	loopback	throughput_gbps	noqperf	xquicperf	4.225389	5.115550	0.825989	0.813831	0.854625	loss
flow_control	syscall	loopback	throughput_gbps	picoperf	quicheperf	9.686089	10.308521	0.939620	0.917497	0.954559	loss
flow_control	syscall	loopback	throughput_gbps	picoperf	quiczigperf	9.686089	8.470081	1.143565	1.105562	1.165199	win
flow_control	syscall	loopback	throughput_gbps	picoperf	quinnperf	9.686089	5.212619	1.858200	1.810951	1.884655	win
flow_control	syscall	loopback	throughput_gbps	picoperf	s2nperf	9.686089	4.887017	1.982004	1.938404	2.010746	win
flow_control	syscall	loopback	throughput_gbps	picoperf	tquicperf	9.686089	7.942835	1.219475	1.187895	1.234495	win
flow_control	syscall	loopback	throughput_gbps	picoperf	xquicperf	9.686089	5.115550	1.893460	1.852184	1.956742	win
flow_control	syscall	loopback	throughput_gbps	quicheperf	quiczigperf	10.308521	8.470081	1.217051	1.185382	1.235716	win
flow_control	syscall	loopback	throughput_gbps	quicheperf	quinnperf	10.308521	5.212619	1.977609	1.941130	2.000054	win
flow_control	syscall	loopback	throughput_gbps	quicheperf	s2nperf	10.308521	4.887017	2.109369	2.087002	2.133173	win
flow_control	syscall	loopback	throughput_gbps	quicheperf	tquicperf	10.308521	7.942835	1.297839	1.273706	1.311392	win
flow_control	syscall	loopback	throughput_gbps	quicheperf	xquicperf	10.308521	5.115550	2.015135	1.981652	2.080477	win
flow_control	syscall	loopback	throughput_gbps	quiczigperf	quinnperf	8.470081	5.212619	1.624919	1.592838	1.665114	win
flow_control	syscall	loopback	throughput_gbps	quiczigperf	s2nperf	8.470081	4.887017	1.733180	1.709694	1.778032	win
flow_control	syscall	loopback	throughput_gbps	quiczigperf	tquicperf	8.470081	7.942835	1.066380	1.044445	1.091168	win
flow_control	syscall	loopback	throughput_gbps	quiczigperf	xquicperf	8.470081	5.115550	1.655752	1.625642	1.715615	win
flow_control	syscall	loopback	throughput_gbps	quinnperf	s2nperf	5.212619	4.887017	1.066626	1.056550	1.084563	win
flow_control	syscall	loopback	throughput_gbps	quinnperf	tquicperf	5.212619	7.942835	0.656267	0.645130	0.666053	loss
flow_control	syscall	loopback	throughput_gbps	quinnperf	xquicperf	5.212619	5.115550	1.018975	1.001061	1.055816	statistical_tie
flow_control	syscall	loopback	throughput_gbps	s2nperf	tquicperf	4.887017	7.942835	0.615274	0.604367	0.620237	loss
flow_control	syscall	loopback	throughput_gbps	s2nperf	xquicperf	4.887017	5.115550	0.955326	0.939936	0.988251	loss
flow_control	syscall	loopback	throughput_gbps	tquicperf	xquicperf	7.942835	5.115550	1.552685	1.527629	1.604226	win
idle_footprint	iouring	loopback	server_rss_delta_bytes_per_connection	mvfstperf	neqoperf	235520.000000	372480.000000	0.632302	0.620421	0.643605	win
idle_footprint	iouring	loopback	server_rss_delta_bytes_per_connection	mvfstperf	ngtcp2perf	235520.000000	76544.000000	3.076923	3.008224	3.148900	loss
idle_footprint	iouring	loopback	server_rss_delta_bytes_per_connection	mvfstperf	picoperf	235520.000000	93056.000000	2.530949	2.491826	2.577717	loss
idle_footprint	iouring	loopback	server_rss_delta_bytes_per_connection	neqoperf	ngtcp2perf	372480.000000	76544.000000	4.866221	4.767213	4.988156	loss
idle_footprint	iouring	loopback	server_rss_delta_bytes_per_connection	neqoperf	picoperf	372480.000000	93056.000000	4.002751	3.959128	4.082988	loss
idle_footprint	iouring	loopback	server_rss_delta_bytes_per_connection	ngtcp2perf	picoperf	76544.000000	93056.000000	0.822558	0.805731	0.843707	win
idle_footprint	syscall	loopback	server_rss_delta_bytes_per_connection	mvfstperf	neqoperf	278528.000000	347264.000000	0.802064	0.790187	0.819464	win
idle_footprint	syscall	loopback	server_rss_delta_bytes_per_connection	mvfstperf	picoperf	278528.000000	135424.000000	2.056711	2.032015	2.100789	loss
idle_footprint	syscall	loopback	server_rss_delta_bytes_per_connection	mvfstperf	quicheperf	278528.000000	125440.000000	2.220408	2.171371	2.278119	loss
idle_footprint	syscall	loopback	server_rss_delta_bytes_per_connection	neqoperf	picoperf	347264.000000	135424.000000	2.564272	2.554614	2.596008	loss
idle_footprint	syscall	loopback	server_rss_delta_bytes_per_connection	neqoperf	quicheperf	347264.000000	125440.000000	2.768367	2.713000	2.820803	loss
idle_footprint	syscall	loopback	server_rss_delta_bytes_per_connection	picoperf	quicheperf	135424.000000	125440.000000	1.079592	1.058000	1.094845	loss
loss_recovery	iouring	loopback	throughput_gbps	lsperf	mvfstperf	17.354458	7.502546	2.313143	2.299911	2.339965	win
loss_recovery	iouring	loopback	throughput_gbps	lsperf	neqoperf	17.354458	5.715147	3.036573	3.021566	3.073153	win
loss_recovery	iouring	loopback	throughput_gbps	lsperf	ngtcp2perf	17.354458	16.691094	1.039744	1.032078	1.051262	win
loss_recovery	iouring	loopback	throughput_gbps	lsperf	noqperf	17.354458	4.967051	3.493916	3.483093	3.524360	win
loss_recovery	iouring	loopback	throughput_gbps	lsperf	picoperf	17.354458	7.174883	2.418779	2.389711	2.523023	win
loss_recovery	iouring	loopback	throughput_gbps	lsperf	quicheperf	17.354458	10.877015	1.595517	1.588443	1.618574	win
loss_recovery	iouring	loopback	throughput_gbps	lsperf	quiczigperf	17.354458	9.628566	1.802393	1.779757	1.836276	win
loss_recovery	iouring	loopback	throughput_gbps	lsperf	quinnperf	17.354458	6.543605	2.652125	2.625825	2.678812	win
loss_recovery	iouring	loopback	throughput_gbps	lsperf	tquicperf	17.354458	8.791515	1.974001	1.944376	1.997562	win
loss_recovery	iouring	loopback	throughput_gbps	mvfstperf	neqoperf	7.502546	5.715147	1.312748	1.302301	1.327576	win
loss_recovery	iouring	loopback	throughput_gbps	mvfstperf	ngtcp2perf	7.502546	16.691094	0.449494	0.445142	0.453398	loss
loss_recovery	iouring	loopback	throughput_gbps	mvfstperf	noqperf	7.502546	4.967051	1.510463	1.499856	1.518257	win
loss_recovery	iouring	loopback	throughput_gbps	mvfstperf	picoperf	7.502546	7.174883	1.045668	1.030635	1.089318	win
loss_recovery	iouring	loopback	throughput_gbps	mvfstperf	quicheperf	7.502546	10.877015	0.689762	0.684050	0.699629	loss
loss_recovery	iouring	loopback	throughput_gbps	mvfstperf	quiczigperf	7.502546	9.628566	0.779197	0.768150	0.792857	loss
loss_recovery	iouring	loopback	throughput_gbps	mvfstperf	quinnperf	7.502546	6.543605	1.146546	1.133038	1.154150	win
loss_recovery	iouring	loopback	throughput_gbps	mvfstperf	tquicperf	7.502546	8.791515	0.853385	0.840346	0.861155	loss
loss_recovery	iouring	loopback	throughput_gbps	neqoperf	ngtcp2perf	5.715147	16.691094	0.342407	0.338582	0.344835	loss
loss_recovery	iouring	loopback	throughput_gbps	neqoperf	noqperf	5.715147	4.967051	1.150612	1.138600	1.155946	win
loss_recovery	iouring	loopback	throughput_gbps	neqoperf	picoperf	5.715147	7.174883	0.796549	0.784104	0.828929	loss
loss_recovery	iouring	loopback	throughput_gbps	neqoperf	quicheperf	5.715147	10.877015	0.525433	0.519911	0.532413	loss
loss_recovery	iouring	loopback	throughput_gbps	neqoperf	quiczigperf	5.715147	9.628566	0.593562	0.585008	0.604339	loss
loss_recovery	iouring	loopback	throughput_gbps	neqoperf	quinnperf	5.715147	6.543605	0.873394	0.862289	0.878509	loss
loss_recovery	iouring	loopback	throughput_gbps	neqoperf	tquicperf	5.715147	8.791515	0.650075	0.639662	0.655245	loss
loss_recovery	iouring	loopback	throughput_gbps	ngtcp2perf	noqperf	16.691094	4.967051	3.360363	3.342594	3.382999	win
loss_recovery	iouring	loopback	throughput_gbps	ngtcp2perf	picoperf	16.691094	7.174883	2.326323	2.294568	2.424461	win
loss_recovery	iouring	loopback	throughput_gbps	ngtcp2perf	quicheperf	16.691094	10.877015	1.534529	1.524480	1.556219	win
loss_recovery	iouring	loopback	throughput_gbps	ngtcp2perf	quiczigperf	16.691094	9.628566	1.733497	1.710471	1.763168	win
loss_recovery	iouring	loopback	throughput_gbps	ngtcp2perf	quinnperf	16.691094	6.543605	2.550749	2.523601	2.571636	win
loss_recovery	iouring	loopback	throughput_gbps	ngtcp2perf	tquicperf	16.691094	8.791515	1.898546	1.868175	1.917355	win
loss_recovery	iouring	loopback	throughput_gbps	noqperf	picoperf	4.967051	7.174883	0.692283	0.684502	0.720393	loss
loss_recovery	iouring	loopback	throughput_gbps	noqperf	quicheperf	4.967051	10.877015	0.456656	0.454851	0.462253	loss
loss_recovery	iouring	loopback	throughput_gbps	noqperf	quiczigperf	4.967051	9.628566	0.515866	0.509168	0.525029	loss
loss_recovery	iouring	loopback	throughput_gbps	noqperf	quinnperf	4.967051	6.543605	0.759069	0.751273	0.761696	loss
loss_recovery	iouring	loopback	throughput_gbps	noqperf	tquicperf	4.967051	8.791515	0.564982	0.556805	0.568732	loss
loss_recovery	iouring	loopback	throughput_gbps	picoperf	quicheperf	7.174883	10.877015	0.659637	0.633386	0.671582	loss
loss_recovery	iouring	loopback	throughput_gbps	picoperf	quiczigperf	7.174883	9.628566	0.745166	0.714240	0.761395	loss
loss_recovery	iouring	loopback	throughput_gbps	picoperf	quinnperf	7.174883	6.543605	1.096473	1.050875	1.110474	win
loss_recovery	iouring	loopback	throughput_gbps	picoperf	tquicperf	7.174883	8.791515	0.816115	0.782492	0.828084	loss
loss_recovery	iouring	loopback	throughput_gbps	quicheperf	quiczigperf	10.877015	9.628566	1.129661	1.111781	1.148600	win
loss_recovery	iouring	loopback	throughput_gbps	quicheperf	quinnperf	10.877015	6.543605	1.662236	1.637334	1.670998	win
loss_recovery	iouring	loopback	throughput_gbps	quicheperf	tquicperf	10.877015	8.791515	1.237217	1.216439	1.246510	win
loss_recovery	iouring	loopback	throughput_gbps	quiczigperf	quinnperf	9.628566	6.543605	1.471447	1.444045	1.489698	win
loss_recovery	iouring	loopback	throughput_gbps	quiczigperf	tquicperf	9.628566	8.791515	1.095211	1.073024	1.110431	win
loss_recovery	iouring	loopback	throughput_gbps	quinnperf	tquicperf	6.543605	8.791515	0.744309	0.733025	0.752827	loss
loss_recovery	syscall	loopback	throughput_gbps	mvfstperf	neqoperf	7.425966	5.860110	1.267206	1.249538	1.302926	win
loss_recovery	syscall	loopback	throughput_gbps	mvfstperf	ngtcp2perf	7.425966	17.378521	0.427307	0.420439	0.439986	loss
loss_recovery	syscall	loopback	throughput_gbps	mvfstperf	noqperf	7.425966	5.102222	1.455438	1.441504	1.487528	win
loss_recovery	syscall	loopback	throughput_gbps	mvfstperf	picoperf	7.425966	7.589778	0.978417	0.969173	1.008061	statistical_tie
loss_recovery	syscall	loopback	throughput_gbps	mvfstperf	quicheperf	7.425966	11.689198	0.635284	0.620163	0.653623	loss
loss_recovery	syscall	loopback	throughput_gbps	mvfstperf	quinnperf	7.425966	6.525654	1.137965	1.121123	1.164589	win
loss_recovery	syscall	loopback	throughput_gbps	mvfstperf	tquicperf	7.425966	8.979878	0.826956	0.808167	0.846689	loss
loss_recovery	syscall	loopback	throughput_gbps	mvfstperf	xquicperf	7.425966	2.833832	2.620468	2.558701	2.684081	win
loss_recovery	syscall	loopback	throughput_gbps	neqoperf	ngtcp2perf	5.860110	17.378521	0.337204	0.330414	0.343817	loss
loss_recovery	syscall	loopback	throughput_gbps	neqoperf	noqperf	5.860110	5.102222	1.148541	1.130717	1.157598	win
loss_recovery	syscall	loopback	throughput_gbps	neqoperf	picoperf	5.860110	7.589778	0.772106	0.759900	0.790820	loss
loss_recovery	syscall	loopback	throughput_gbps	neqoperf	quicheperf	5.860110	11.689198	0.501327	0.488133	0.510202	loss
loss_recovery	syscall	loopback	throughput_gbps	neqoperf	quinnperf	5.860110	6.525654	0.898011	0.880567	0.904713	loss
loss_recovery	syscall	loopback	throughput_gbps	neqoperf	tquicperf	5.860110	8.979878	0.652582	0.634650	0.659860	loss
loss_recovery	syscall	loopback	throughput_gbps	neqoperf	xquicperf	5.860110	2.833832	2.067910	2.014396	2.095358	win
loss_recovery	syscall	loopback	throughput_gbps	ngtcp2perf	noqperf	17.378521	5.102222	3.406069	3.354712	3.448886	win
loss_recovery	syscall	loopback	throughput_gbps	ngtcp2perf	picoperf	17.378521	7.589778	2.289727	2.251199	2.343663	win
loss_recovery	syscall	loopback	throughput_gbps	ngtcp2perf	quicheperf	17.378521	11.689198	1.486716	1.445164	1.519124	win
loss_recovery	syscall	loopback	throughput_gbps	ngtcp2perf	quinnperf	17.378521	6.525654	2.663108	2.613971	2.697743	win
loss_recovery	syscall	loopback	throughput_gbps	ngtcp2perf	tquicperf	17.378521	8.979878	1.935273	1.885952	1.964880	win
loss_recovery	syscall	loopback	throughput_gbps	ngtcp2perf	xquicperf	17.378521	2.833832	6.132515	5.971024	6.236287	win
loss_recovery	syscall	loopback	throughput_gbps	noqperf	picoperf	5.102222	7.589778	0.672249	0.668627	0.685621	loss
loss_recovery	syscall	loopback	throughput_gbps	noqperf	quicheperf	5.102222	11.689198	0.436490	0.425826	0.443662	loss
loss_recovery	syscall	loopback	throughput_gbps	noqperf	quinnperf	5.102222	6.525654	0.781871	0.773170	0.784423	loss
loss_recovery	syscall	loopback	throughput_gbps	noqperf	tquicperf	5.102222	8.979878	0.568184	0.557044	0.572246	loss
loss_recovery	syscall	loopback	throughput_gbps	noqperf	xquicperf	5.102222	2.833832	1.800467	1.766646	1.816621	win
loss_recovery	syscall	loopback	throughput_gbps	picoperf	quicheperf	7.589778	11.689198	0.649298	0.631008	0.660596	loss
loss_recovery	syscall	loopback	throughput_gbps	picoperf	quinnperf	7.589778	6.525654	1.163068	1.136418	1.169222	win
loss_recovery	syscall	loopback	throughput_gbps	picoperf	tquicperf	7.589778	8.979878	0.845198	0.821288	0.852571	loss
loss_recovery	syscall	loopback	throughput_gbps	picoperf	xquicperf	7.589778	2.833832	2.678273	2.604723	2.705313	win
loss_recovery	syscall	loopback	throughput_gbps	quicheperf	quinnperf	11.689198	6.525654	1.791269	1.756429	1.832805	win
loss_recovery	syscall	loopback	throughput_gbps	quicheperf	tquicperf	11.689198	8.979878	1.301710	1.264187	1.328667	win
loss_recovery	syscall	loopback	throughput_gbps	quicheperf	xquicperf	11.689198	2.833832	4.124873	4.004248	4.219390	win
loss_recovery	syscall	loopback	throughput_gbps	quinnperf	tquicperf	6.525654	8.979878	0.726697	0.712376	0.735908	loss
loss_recovery	syscall	loopback	throughput_gbps	quinnperf	xquicperf	6.525654	2.833832	2.302766	2.256298	2.335364	win
loss_recovery	syscall	loopback	throughput_gbps	tquicperf	xquicperf	8.979878	2.833832	3.168811	3.098752	3.247307	win
multistream_download	iouring	loopback	throughput_gbps	mvfstperf	neqoperf	5.956594	2.508194	2.374854	2.343538	2.394909	win
multistream_download	iouring	loopback	throughput_gbps	mvfstperf	ngtcp2perf	5.956594	16.581695	0.359227	0.353751	0.362763	loss
multistream_download	iouring	loopback	throughput_gbps	mvfstperf	noqperf	5.956594	5.368531	1.109539	1.094636	1.119843	win
multistream_download	iouring	loopback	throughput_gbps	mvfstperf	picoperf	5.956594	0.672515	8.857191	8.738560	8.919538	win
multistream_download	iouring	loopback	throughput_gbps	mvfstperf	quicheperf	5.956594	11.155995	0.533937	0.525805	0.537769	loss
multistream_download	iouring	loopback	throughput_gbps	mvfstperf	quiczigperf	5.956594	3.167224	1.880699	1.856060	1.895424	win
multistream_download	iouring	loopback	throughput_gbps	mvfstperf	quinnperf	5.956594	6.669714	0.893081	0.881228	0.903293	loss
multistream_download	iouring	loopback	throughput_gbps	mvfstperf	s2nperf	5.956594	1.073742	5.547510	5.476646	5.587332	win
multistream_download	iouring	loopback	throughput_gbps	neqoperf	ngtcp2perf	2.508194	16.581695	0.151263	0.149646	0.152509	loss
multistream_download	iouring	loopback	throughput_gbps	neqoperf	noqperf	2.508194	5.368531	0.467203	0.464032	0.470839	loss
multistream_download	iouring	loopback	throughput_gbps	neqoperf	picoperf	2.508194	0.672515	3.729573	3.707416	3.736162	win
multistream_download	iouring	loopback	throughput_gbps	neqoperf	quicheperf	2.508194	11.155995	0.224829	0.222246	0.225609	loss
multistream_download	iouring	loopback	throughput_gbps	neqoperf	quiczigperf	2.508194	3.167224	0.791922	0.787583	0.796075	loss
multistream_download	iouring	loopback	throughput_gbps	neqoperf	quinnperf	2.508194	6.669714	0.376057	0.373759	0.380118	loss
multistream_download	iouring	loopback	throughput_gbps	neqoperf	s2nperf	2.508194	1.073742	2.335937	2.322754	2.338867	win
multistream_download	iouring	loopback	throughput_gbps	ngtcp2perf	noqperf	16.581695	5.368531	3.088683	3.062264	3.124721	win
multistream_download	iouring	loopback	throughput_gbps	ngtcp2perf	picoperf	16.581695	0.672515	24.656245	24.449581	24.901807	win
multistream_download	iouring	loopback	throughput_gbps	ngtcp2perf	quicheperf	16.581695	11.155995	1.486348	1.467251	1.503297	win
multistream_download	iouring	loopback	throughput_gbps	ngtcp2perf	quiczigperf	16.581695	3.167224	5.235403	5.192204	5.288418	win
multistream_download	iouring	loopback	throughput_gbps	ngtcp2perf	quinnperf	16.581695	6.669714	2.486118	2.465141	2.516101	win
multistream_download	iouring	loopback	throughput_gbps	ngtcp2perf	s2nperf	16.581695	1.073742	15.442904	15.323085	15.596701	win
multistream_download	iouring	loopback	throughput_gbps	noqperf	picoperf	5.368531	0.672515	7.982768	7.919460	8.027869	win
multistream_download	iouring	loopback	throughput_gbps	noqperf	quicheperf	5.368531	11.155995	0.481224	0.474923	0.483786	loss
multistream_download	iouring	loopback	throughput_gbps	noqperf	quiczigperf	5.368531	3.167224	1.695027	1.682084	1.705720	win
multistream_download	iouring	loopback	throughput_gbps	noqperf	quinnperf	5.368531	6.669714	0.804912	0.798020	0.813878	loss
multistream_download	iouring	loopback	throughput_gbps	noqperf	s2nperf	5.368531	1.073742	4.999834	4.963298	5.030543	win
multistream_download	iouring	loopback	throughput_gbps	picoperf	quicheperf	0.672515	11.155995	0.060283	0.059669	0.060526	loss
multistream_download	iouring	loopback	throughput_gbps	picoperf	quiczigperf	0.672515	3.167224	0.212336	0.211966	0.213599	loss
multistream_download	iouring	loopback	throughput_gbps	picoperf	quinnperf	0.672515	6.669714	0.100831	0.100480	0.102041	loss
multistream_download	iouring	loopback	throughput_gbps	picoperf	s2nperf	0.672515	1.073742	0.626328	0.625495	0.627639	loss
multistream_download	iouring	loopback	throughput_gbps	quicheperf	quiczigperf	11.155995	3.167224	3.522326	3.510761	3.563943	win
multistream_download	iouring	loopback	throughput_gbps	quicheperf	quinnperf	11.155995	6.669714	1.672635	1.664813	1.692121	win
multistream_download	iouring	loopback	throughput_gbps	quicheperf	s2nperf	11.155995	1.073742	10.389828	10.362570	10.495210	win
multistream_download	iouring	loopback	throughput_gbps	quiczigperf	quinnperf	3.167224	6.669714	0.474867	0.471797	0.480217	loss
multistream_download	iouring	loopback	throughput_gbps	quiczigperf	s2nperf	3.167224	1.073742	2.949707	2.935546	2.952636	win
multistream_download	iouring	loopback	throughput_gbps	quinnperf	s2nperf	6.669714	1.073742	6.211654	6.141426	6.228811	win
multistream_download	syscall	loopback	throughput_gbps	lsperf	mvfstperf	1.543504	6.120225	0.252197	0.251737	0.253405	loss
multistream_download	syscall	loopback	throughput_gbps	lsperf	neqoperf	1.543504	2.777153	0.555786	0.545185	0.560762	loss
multistream_download	syscall	loopback	throughput_gbps	lsperf	noqperf	1.543504	5.299551	0.291252	0.290136	0.295348	loss
multistream_download	syscall	loopback	throughput_gbps	lsperf	picoperf	1.543504	0.546475	2.824473	2.807004	2.835744	win
multistream_download	syscall	loopback	throughput_gbps	lsperf	quicheperf	1.543504	10.990408	0.140441	0.139600	0.141436	loss
multistream_download	syscall	loopback	throughput_gbps	lsperf	quiczigperf	1.543504	3.166176	0.487498	0.486049	0.493132	loss
multistream_download	syscall	loopback	throughput_gbps	lsperf	quinnperf	1.543504	6.438752	0.239721	0.238027	0.243077	loss
multistream_download	syscall	loopback	throughput_gbps	lsperf	s2nperf	1.543504	1.073742	1.437500	1.437500	1.437500	win
multistream_download	syscall	loopback	throughput_gbps	lsperf	xquicperf	1.543504	7.623358	0.202470	0.201101	0.203097	loss
multistream_download	syscall	loopback	throughput_gbps	mvfstperf	neqoperf	6.120225	2.777153	2.203776	2.161556	2.225030	win
multistream_download	syscall	loopback	throughput_gbps	mvfstperf	noqperf	6.120225	5.299551	1.154857	1.146809	1.171100	win
multistream_download	syscall	loopback	throughput_gbps	mvfstperf	picoperf	6.120225	0.546475	11.199460	11.110827	11.246538	win
multistream_download	syscall	loopback	throughput_gbps	mvfstperf	quicheperf	6.120225	10.990408	0.556870	0.551131	0.560993	loss
multistream_download	syscall	loopback	throughput_gbps	mvfstperf	quiczigperf	6.120225	3.166176	1.933002	1.921211	1.953458	win
multistream_download	syscall	loopback	throughput_gbps	mvfstperf	quinnperf	6.120225	6.438752	0.950530	0.941217	0.964584	loss
multistream_download	syscall	loopback	throughput_gbps	mvfstperf	s2nperf	6.120225	1.073742	5.699903	5.672729	5.710330	win
multistream_download	syscall	loopback	throughput_gbps	mvfstperf	xquicperf	6.120225	7.623358	0.802825	0.795203	0.806539	loss
multistream_download	syscall	loopback	throughput_gbps	neqoperf	noqperf	2.777153	5.299551	0.524036	0.518185	0.535911	loss
multistream_download	syscall	loopback	throughput_gbps	neqoperf	picoperf	2.777153	0.546475	5.081941	5.017965	5.180758	win
multistream_download	syscall	loopback	throughput_gbps	neqoperf	quicheperf	2.777153	10.990408	0.252689	0.249232	0.257602	loss
multistream_download	syscall	loopback	throughput_gbps	neqoperf	quiczigperf	2.777153	3.166176	0.877132	0.867756	0.894767	loss
multistream_download	syscall	loopback	throughput_gbps	neqoperf	quinnperf	2.777153	6.438752	0.431319	0.425117	0.440533	loss
multistream_download	syscall	loopback	throughput_gbps	neqoperf	s2nperf	2.777153	1.073742	2.586425	2.563476	2.636718	win
multistream_download	syscall	loopback	throughput_gbps	neqoperf	xquicperf	2.777153	7.623358	0.364295	0.359030	0.371379	loss
multistream_download	syscall	loopback	throughput_gbps	noqperf	picoperf	5.299551	0.546475	9.697700	9.560366	9.747061	win
multistream_download	syscall	loopback	throughput_gbps	noqperf	quicheperf	5.299551	10.990408	0.482198	0.474946	0.486431	loss
multistream_download	syscall	loopback	throughput_gbps	noqperf	quiczigperf	5.299551	3.166176	1.673802	1.650588	1.690947	win
multistream_download	syscall	loopback	throughput_gbps	noqperf	quinnperf	5.299551	6.438752	0.823071	0.810042	0.834745	loss
multistream_download	syscall	loopback	throughput_gbps	noqperf	s2nperf	5.299551	1.073742	4.935590	4.867138	4.954570	win
multistream_download	syscall	loopback	throughput_gbps	noqperf	xquicperf	5.299551	7.623358	0.695173	0.684182	0.699544	loss
multistream_download	syscall	loopback	throughput_gbps	picoperf	quicheperf	0.546475	10.990408	0.049723	0.049355	0.050134	loss
multistream_download	syscall	loopback	throughput_gbps	picoperf	quiczigperf	0.546475	3.166176	0.172598	0.171842	0.174551	loss
multistream_download	syscall	loopback	throughput_gbps	picoperf	quinnperf	0.546475	6.438752	0.084873	0.084210	0.086123	loss
multistream_download	syscall	loopback	throughput_gbps	picoperf	s2nperf	0.546475	1.073742	0.508944	0.506922	0.512112	loss
multistream_download	syscall	loopback	throughput_gbps	picoperf	xquicperf	0.546475	7.623358	0.071684	0.071115	0.072248	loss
multistream_download	syscall	loopback	throughput_gbps	quicheperf	quiczigperf	10.990408	3.166176	3.471194	3.446321	3.513336	win
multistream_download	syscall	loopback	throughput_gbps	quicheperf	quinnperf	10.990408	6.438752	1.706916	1.690986	1.733663	win
multistream_download	syscall	loopback	throughput_gbps	quicheperf	s2nperf	10.990408	1.073742	10.235613	10.163619	10.297256	win
multistream_download	syscall	loopback	throughput_gbps	quicheperf	xquicperf	10.990408	7.623358	1.441675	1.428123	1.454627	win
multistream_download	syscall	loopback	throughput_gbps	quiczigperf	quinnperf	3.166176	6.438752	0.491737	0.485958	0.499034	loss
multistream_download	syscall	loopback	throughput_gbps	quiczigperf	s2nperf	3.166176	1.073742	2.948730	2.915038	2.957519	win
multistream_download	syscall	loopback	throughput_gbps	quiczigperf	xquicperf	3.166176	7.623358	0.415326	0.410493	0.417641	loss
multistream_download	syscall	loopback	throughput_gbps	quinnperf	s2nperf	6.438752	1.073742	5.996555	5.913767	6.039238	win
multistream_download	syscall	loopback	throughput_gbps	quinnperf	xquicperf	6.438752	7.623358	0.844608	0.830963	0.852811	loss
multistream_download	syscall	loopback	throughput_gbps	s2nperf	xquicperf	1.073742	7.623358	0.140849	0.139896	0.141285	loss
multistream_upload	iouring	loopback	throughput_gbps	lsperf	mvfstperf	1.543504	6.927417	0.222811	0.222172	0.224390	loss
multistream_upload	iouring	loopback	throughput_gbps	lsperf	neqoperf	1.543504	3.192913	0.483416	0.478544	0.486773	loss
multistream_upload	iouring	loopback	throughput_gbps	lsperf	ngtcp2perf	1.543504	18.761039	0.082272	0.082186	0.082950	loss
multistream_upload	iouring	loopback	throughput_gbps	lsperf	noqperf	1.543504	0.767558	2.010928	2.010928	2.010928	win
multistream_upload	iouring	loopback	throughput_gbps	lsperf	picoperf	1.543504	0.592580	2.604721	2.598531	2.607841	win
multistream_upload	iouring	loopback	throughput_gbps	lsperf	quicheperf	1.543504	13.932797	0.110782	0.110101	0.111584	loss
multistream_upload	iouring	loopback	throughput_gbps	lsperf	quiczigperf	1.543504	8.976335	0.171953	0.171572	0.173299	loss
multistream_upload	iouring	loopback	throughput_gbps	lsperf	quinnperf	1.543504	1.533018	1.006840	1.003750	1.008219	statistical_tie
multistream_upload	iouring	loopback	throughput_gbps	lsperf	tquicperf	1.543504	12.769559	0.120874	0.120517	0.121472	loss
multistream_upload	iouring	loopback	throughput_gbps	mvfstperf	neqoperf	6.927417	3.192913	2.169623	2.141092	2.187500	win
multistream_upload	iouring	loopback	throughput_gbps	mvfstperf	ngtcp2perf	6.927417	18.761039	0.369245	0.366566	0.372714	loss
multistream_upload	iouring	loopback	throughput_gbps	mvfstperf	noqperf	6.927417	0.767558	9.025268	8.961744	9.051225	win
multistream_upload	iouring	loopback	throughput_gbps	mvfstperf	picoperf	6.927417	0.592580	11.690274	11.607944	11.735290	win
multistream_upload	iouring	loopback	throughput_gbps	mvfstperf	quicheperf	6.927417	13.932797	0.497202	0.493117	0.501614	loss
multistream_upload	iouring	loopback	throughput_gbps	mvfstperf	quiczigperf	6.927417	8.976335	0.771742	0.765818	0.777784	loss
multistream_upload	iouring	loopback	throughput_gbps	mvfstperf	quinnperf	6.927417	1.533018	4.518810	4.482405	4.533904	win
multistream_upload	iouring	loopback	throughput_gbps	mvfstperf	tquicperf	6.927417	12.769559	0.542495	0.538411	0.545698	loss
multistream_upload	iouring	loopback	throughput_gbps	neqoperf	ngtcp2perf	3.192913	18.761039	0.170189	0.168978	0.172690	loss
multistream_upload	iouring	loopback	throughput_gbps	neqoperf	noqperf	3.192913	0.767558	4.159834	4.131146	4.202184	win
multistream_upload	iouring	loopback	throughput_gbps	neqoperf	picoperf	3.192913	0.592580	5.388161	5.346062	5.447038	win
multistream_upload	iouring	loopback	throughput_gbps	neqoperf	quicheperf	3.192913	13.932797	0.229165	0.227284	0.232416	loss
multistream_upload	iouring	loopback	throughput_gbps	neqoperf	quiczigperf	3.192913	8.976335	0.355703	0.352962	0.360136	loss
multistream_upload	iouring	loopback	throughput_gbps	neqoperf	quinnperf	3.192913	1.533018	2.082763	2.066144	2.104687	win
multistream_upload	iouring	loopback	throughput_gbps	neqoperf	tquicperf	3.192913	12.769559	0.250041	0.247910	0.253012	loss
multistream_upload	iouring	loopback	throughput_gbps	ngtcp2perf	noqperf	18.761039	0.767558	24.442503	24.242569	24.468060	win
multistream_upload	iouring	loopback	throughput_gbps	ngtcp2perf	picoperf	18.761039	0.592580	31.659953	31.372124	31.725044	win
multistream_upload	iouring	loopback	throughput_gbps	ngtcp2perf	quicheperf	18.761039	13.932797	1.346538	1.333877	1.356611	win
multistream_upload	iouring	loopback	throughput_gbps	ngtcp2perf	quiczigperf	18.761039	8.976335	2.090056	2.071266	2.106419	win
multistream_upload	iouring	loopback	throughput_gbps	ngtcp2perf	quinnperf	18.761039	1.533018	12.237977	12.125431	12.257668	win
multistream_upload	iouring	loopback	throughput_gbps	ngtcp2perf	tquicperf	18.761039	12.769559	1.469200	1.455502	1.476795	win
multistream_upload	iouring	loopback	throughput_gbps	noqperf	picoperf	0.767558	0.592580	1.295283	1.292205	1.296834	win
multistream_upload	iouring	loopback	throughput_gbps	noqperf	quicheperf	0.767558	13.932797	0.055090	0.054751	0.055489	loss
multistream_upload	iouring	loopback	throughput_gbps	noqperf	quiczigperf	0.767558	8.976335	0.085509	0.085320	0.086179	loss
multistream_upload	iouring	loopback	throughput_gbps	noqperf	quinnperf	0.767558	1.533018	0.500684	0.499148	0.501370	loss
multistream_upload	iouring	loopback	throughput_gbps	noqperf	tquicperf	0.767558	12.769559	0.060108	0.059931	0.060406	loss
multistream_upload	iouring	loopback	throughput_gbps	picoperf	quicheperf	0.592580	13.932797	0.042531	0.042270	0.042883	loss
multistream_upload	iouring	loopback	throughput_gbps	picoperf	quiczigperf	0.592580	8.976335	0.066016	0.065822	0.066533	loss
multistream_upload	iouring	loopback	throughput_gbps	picoperf	quinnperf	0.592580	1.533018	0.386544	0.385113	0.387655	loss
multistream_upload	iouring	loopback	throughput_gbps	picoperf	tquicperf	0.592580	12.769559	0.046406	0.046243	0.046678	loss
multistream_upload	iouring	loopback	throughput_gbps	quicheperf	quiczigperf	13.932797	8.976335	1.552170	1.539153	1.564786	win
multistream_upload	iouring	loopback	throughput_gbps	quicheperf	quinnperf	13.932797	1.533018	9.088476	9.012258	9.140291	win
multistream_upload	iouring	loopback	throughput_gbps	quicheperf	tquicperf	13.932797	12.769559	1.091095	1.081411	1.097888	win
multistream_upload	iouring	loopback	throughput_gbps	quiczigperf	quinnperf	8.976335	1.533018	5.855336	5.809850	5.870592	win
multistream_upload	iouring	loopback	throughput_gbps	quiczigperf	tquicperf	8.976335	12.769559	0.702948	0.697435	0.707006	loss
multistream_upload	iouring	loopback	throughput_gbps	quinnperf	tquicperf	1.533018	12.769559	0.120053	0.119633	0.120771	loss
multistream_upload	syscall	loopback	throughput_gbps	lsperf	mvfstperf	1.543504	7.879000	0.195901	0.195329	0.196424	loss
multistream_upload	syscall	loopback	throughput_gbps	lsperf	neqoperf	1.543504	3.335520	0.462748	0.459569	0.466413	loss
multistream_upload	syscall	loopback	throughput_gbps	lsperf	ngtcp2perf	1.543504	24.815739	0.062199	0.061652	0.062520	loss
multistream_upload	syscall	loopback	throughput_gbps	lsperf	noqperf	1.543504	0.767558	2.010928	2.000000	2.027549	win
multistream_upload	syscall	loopback	throughput_gbps	lsperf	picoperf	1.543504	0.591317	2.610282	2.604576	2.617732	win
multistream_upload	syscall	loopback	throughput_gbps	lsperf	quicheperf	1.543504	15.290884	0.100943	0.100851	0.101248	loss
multistream_upload	syscall	loopback	throughput_gbps	lsperf	quiczigperf	1.543504	9.392095	0.164341	0.163883	0.165106	loss
multistream_upload	syscall	loopback	throughput_gbps	lsperf	quinnperf	1.543504	1.534066	1.006152	1.002725	1.008219	statistical_tie
multistream_upload	syscall	loopback	throughput_gbps	lsperf	tquicperf	1.543504	14.157874	0.109021	0.108619	0.109654	loss
multistream_upload	syscall	loopback	throughput_gbps	lsperf	xquicperf	1.543504	3.477078	0.443908	0.441512	0.445251	loss
multistream_upload	syscall	loopback	throughput_gbps	mvfstperf	neqoperf	7.879000	3.335520	2.362150	2.342393	2.383302	win
multistream_upload	syscall	loopback	throughput_gbps	mvfstperf	ngtcp2perf	7.879000	24.815739	0.317500	0.314293	0.319557	loss
multistream_upload	syscall	loopback	throughput_gbps	mvfstperf	noqperf	7.879000	0.767558	10.265022	10.187499	10.352619	win
multistream_upload	syscall	loopback	throughput_gbps	mvfstperf	picoperf	7.879000	0.591317	13.324494	13.265272	13.397652	win
multistream_upload	syscall	loopback	throughput_gbps	mvfstperf	quicheperf	7.879000	15.290884	0.515274	0.513591	0.518306	loss
multistream_upload	syscall	loopback	throughput_gbps	mvfstperf	quiczigperf	7.879000	9.392095	0.838897	0.835199	0.843836	loss
multistream_upload	syscall	loopback	throughput_gbps	mvfstperf	quinnperf	7.879000	1.534066	5.136022	5.107628	5.160672	win
multistream_upload	syscall	loopback	throughput_gbps	mvfstperf	tquicperf	7.879000	14.157874	0.556510	0.553521	0.560489	loss
multistream_upload	syscall	loopback	throughput_gbps	mvfstperf	xquicperf	7.879000	3.477078	2.265983	2.248950	2.275862	win
multistream_upload	syscall	loopback	throughput_gbps	neqoperf	ngtcp2perf	3.335520	24.815739	0.134411	0.132812	0.135474	loss
multistream_upload	syscall	loopback	throughput_gbps	neqoperf	noqperf	3.335520	0.767558	4.345627	4.296196	4.389504	win
multistream_upload	syscall	loopback	throughput_gbps	neqoperf	picoperf	3.335520	0.591317	5.640833	5.593673	5.690802	win
multistream_upload	syscall	loopback	throughput_gbps	neqoperf	quicheperf	3.335520	15.290884	0.218138	0.216422	0.220156	loss
multistream_upload	syscall	loopback	throughput_gbps	neqoperf	quiczigperf	3.335520	9.392095	0.355141	0.352214	0.358054	loss
multistream_upload	syscall	loopback	throughput_gbps	neqoperf	quinnperf	3.335520	1.534066	2.174300	2.153950	2.192337	win
multistream_upload	syscall	loopback	throughput_gbps	neqoperf	tquicperf	3.335520	14.157874	0.235595	0.233571	0.237717	loss
multistream_upload	syscall	loopback	throughput_gbps	neqoperf	xquicperf	3.335520	3.477078	0.959288	0.948410	0.967089	loss
multistream_upload	syscall	loopback	throughput_gbps	ngtcp2perf	noqperf	24.815739	0.767558	32.330767	32.021066	32.706569	win
multistream_upload	syscall	loopback	throughput_gbps	ngtcp2perf	picoperf	24.815739	0.591317	41.966896	41.676298	42.414651	win
multistream_upload	syscall	loopback	throughput_gbps	ngtcp2perf	quicheperf	24.815739	15.290884	1.622911	1.613589	1.640108	win
multistream_upload	syscall	loopback	throughput_gbps	ngtcp2perf	quiczigperf	24.815739	9.392095	2.642194	2.626984	2.669924	win
multistream_upload	syscall	loopback	throughput_gbps	ngtcp2perf	quinnperf	24.815739	1.534066	16.176443	16.071231	16.330915	win
multistream_upload	syscall	loopback	throughput_gbps	ngtcp2perf	tquicperf	24.815739	14.157874	1.752787	1.742477	1.771430	win
multistream_upload	syscall	loopback	throughput_gbps	ngtcp2perf	xquicperf	24.815739	3.477078	7.136952	7.083138	7.208875	win
multistream_upload	syscall	loopback	throughput_gbps	noqperf	picoperf	0.767558	0.591317	1.298048	1.287408	1.308476	win
multistream_upload	syscall	loopback	throughput_gbps	noqperf	quicheperf	0.767558	15.290884	0.050197	0.049816	0.050620	loss
multistream_upload	syscall	loopback	throughput_gbps	noqperf	quiczigperf	0.767558	9.392095	0.081724	0.081045	0.082451	loss
multistream_upload	syscall	loopback	throughput_gbps	noqperf	quinnperf	0.767558	1.534066	0.500342	0.495912	0.504110	loss
multistream_upload	syscall	loopback	throughput_gbps	noqperf	tquicperf	0.767558	14.157874	0.054214	0.053743	0.054713	loss
multistream_upload	syscall	loopback	throughput_gbps	noqperf	xquicperf	0.767558	3.477078	0.220748	0.218356	0.222222	loss
multistream_upload	syscall	loopback	throughput_gbps	picoperf	quicheperf	0.591317	15.290884	0.038671	0.038538	0.038863	loss
multistream_upload	syscall	loopback	throughput_gbps	picoperf	quiczigperf	0.591317	9.392095	0.062959	0.062655	0.063313	loss
multistream_upload	syscall	loopback	throughput_gbps	picoperf	quinnperf	0.591317	1.534066	0.385457	0.383165	0.386997	loss
multistream_upload	syscall	loopback	throughput_gbps	picoperf	tquicperf	0.591317	14.157874	0.041766	0.041524	0.042052	loss
multistream_upload	syscall	loopback	throughput_gbps	picoperf	xquicperf	0.591317	3.477078	0.170061	0.168712	0.170881	loss
multistream_upload	syscall	loopback	throughput_gbps	quicheperf	quiczigperf	15.290884	9.392095	1.628059	1.619569	1.635630	win
multistream_upload	syscall	loopback	throughput_gbps	quicheperf	quinnperf	15.290884	1.534066	9.967550	9.904412	9.994149	win
multistream_upload	syscall	loopback	throughput_gbps	quicheperf	tquicperf	15.290884	14.157874	1.080027	1.073356	1.086309	win
multistream_upload	syscall	loopback	throughput_gbps	quicheperf	xquicperf	15.290884	3.477078	4.397625	4.361032	4.413579	win
multistream_upload	syscall	loopback	throughput_gbps	quiczigperf	quinnperf	9.392095	1.534066	6.122352	6.084867	6.147844	win
multistream_upload	syscall	loopback	throughput_gbps	quiczigperf	tquicperf	9.392095	14.157874	0.663383	0.659609	0.667648	loss
multistream_upload	syscall	loopback	throughput_gbps	quiczigperf	xquicperf	9.392095	3.477078	2.701146	2.677864	2.711956	win
multistream_upload	syscall	loopback	throughput_gbps	quinnperf	tquicperf	1.534066	14.157874	0.108354	0.107781	0.109133	loss
multistream_upload	syscall	loopback	throughput_gbps	quinnperf	xquicperf	1.534066	3.477078	0.441194	0.437912	0.443237	loss
multistream_upload	syscall	loopback	throughput_gbps	tquicperf	xquicperf	14.157874	3.477078	4.071773	4.034793	4.091787	win
reqresp	iouring	loopback	requests_per_second	lsperf	mvfstperf	69022.750000	10708.750000	6.445453	6.338728	6.554217	win
reqresp	iouring	loopback	requests_per_second	lsperf	neqoperf	69022.750000	12230.000000	5.643724	5.553342	5.721228	win
reqresp	iouring	loopback	requests_per_second	lsperf	ngtcp2perf	69022.750000	44244.500000	1.560030	1.532324	1.581816	win
reqresp	iouring	loopback	requests_per_second	lsperf	noqperf	69022.750000	32765.000000	2.106600	2.076042	2.134473	win
reqresp	iouring	loopback	requests_per_second	lsperf	picoperf	69022.750000	30699.250000	2.248353	2.204964	2.291494	win
reqresp	iouring	loopback	requests_per_second	lsperf	quicheperf	69022.750000	50634.250000	1.363163	1.333964	1.386956	win
reqresp	iouring	loopback	requests_per_second	lsperf	quiczigperf	69022.750000	3715.500000	18.576975	18.307496	18.822769	win
reqresp	iouring	loopback	requests_per_second	lsperf	quinnperf	69022.750000	32764.750000	2.106616	2.076057	2.134473	win
reqresp	iouring	loopback	requests_per_second	lsperf	s2nperf	69022.750000	40973.750000	1.684560	1.659324	1.710708	win
reqresp	iouring	loopback	requests_per_second	lsperf	tquicperf	69022.750000	153124.000000	0.450764	0.444225	0.456728	loss
reqresp	iouring	loopback	requests_per_second	lsperf	xquicperf	69022.750000	18208.750000	3.790636	3.735649	3.841758	win
reqresp	iouring	loopback	requests_per_second	mvfstperf	neqoperf	10708.750000	12230.000000	0.875613	0.865481	0.884083	loss
reqresp	iouring	loopback	requests_per_second	mvfstperf	ngtcp2perf	10708.750000	44244.500000	0.242036	0.238399	0.244287	loss
reqresp	iouring	loopback	requests_per_second	mvfstperf	noqperf	10708.750000	32765.000000	0.326835	0.324248	0.329605	loss
reqresp	iouring	loopback	requests_per_second	mvfstperf	picoperf	10708.750000	30699.250000	0.348828	0.342799	0.354760	loss
reqresp	iouring	loopback	requests_per_second	mvfstperf	quicheperf	10708.750000	50634.250000	0.211492	0.207495	0.214892	loss
reqresp	iouring	loopback	requests_per_second	mvfstperf	quiczigperf	10708.750000	3715.500000	2.882183	2.856298	2.903482	win
reqresp	iouring	loopback	requests_per_second	mvfstperf	quinnperf	10708.750000	32764.750000	0.326838	0.324248	0.329605	loss
reqresp	iouring	loopback	requests_per_second	mvfstperf	s2nperf	10708.750000	40973.750000	0.261356	0.258572	0.264470	loss
reqresp	iouring	loopback	requests_per_second	mvfstperf	tquicperf	10708.750000	153124.000000	0.069935	0.069372	0.070528	loss
reqresp	iouring	loopback	requests_per_second	mvfstperf	xquicperf	10708.750000	18208.750000	0.588110	0.583336	0.593094	loss
reqresp	iouring	loopback	requests_per_second	neqoperf	ngtcp2perf	12230.000000	44244.500000	0.276419	0.273113	0.278742	loss
reqresp	iouring	loopback	requests_per_second	neqoperf	noqperf	12230.000000	32765.000000	0.373264	0.371181	0.374836	loss
reqresp	iouring	loopback	requests_per_second	neqoperf	picoperf	12230.000000	30699.250000	0.398381	0.392279	0.404907	loss
reqresp	iouring	loopback	requests_per_second	neqoperf	quicheperf	12230.000000	50634.250000	0.241536	0.237725	0.245270	loss
reqresp	iouring	loopback	requests_per_second	neqoperf	quiczigperf	12230.000000	3715.500000	3.291616	3.270095	3.305477	win
reqresp	iouring	loopback	requests_per_second	neqoperf	quinnperf	12230.000000	32764.750000	0.373267	0.371181	0.374842	loss
reqresp	iouring	loopback	requests_per_second	neqoperf	s2nperf	12230.000000	40973.750000	0.298484	0.296650	0.301761	loss
reqresp	iouring	loopback	requests_per_second	neqoperf	tquicperf	12230.000000	153124.000000	0.079870	0.079419	0.080206	loss
reqresp	iouring	loopback	requests_per_second	neqoperf	xquicperf	12230.000000	18208.750000	0.671655	0.667806	0.676133	loss
reqresp	iouring	loopback	requests_per_second	ngtcp2perf	noqperf	44244.500000	32765.000000	1.350359	1.343232	1.360781	win
reqresp	iouring	loopback	requests_per_second	ngtcp2perf	picoperf	44244.500000	30699.250000	1.441224	1.420020	1.469100	win
reqresp	iouring	loopback	requests_per_second	ngtcp2perf	quicheperf	44244.500000	50634.250000	0.873806	0.859983	0.889258	loss
reqresp	iouring	loopback	requests_per_second	ngtcp2perf	quiczigperf	44244.500000	3715.500000	11.908088	11.832504	12.001615	win
reqresp	iouring	loopback	requests_per_second	ngtcp2perf	quinnperf	44244.500000	32764.750000	1.350369	1.343232	1.360802	win
reqresp	iouring	loopback	requests_per_second	ngtcp2perf	s2nperf	44244.500000	40973.750000	1.079825	1.073167	1.094383	win
reqresp	iouring	loopback	requests_per_second	ngtcp2perf	tquicperf	44244.500000	153124.000000	0.288946	0.287379	0.291176	loss
reqresp	iouring	loopback	requests_per_second	ngtcp2perf	xquicperf	44244.500000	18208.750000	2.429848	2.416527	2.451467	win
reqresp	iouring	loopback	requests_per_second	noqperf	picoperf	32765.000000	30699.250000	1.067290	1.051897	1.082032	win
reqresp	iouring	loopback	requests_per_second	noqperf	quicheperf	32765.000000	50634.250000	0.647092	0.639339	0.657094	loss
reqresp	iouring	loopback	requests_per_second	noqperf	quiczigperf	32765.000000	3715.500000	8.818463	8.807204	8.825589	win
reqresp	iouring	loopback	requests_per_second	noqperf	quinnperf	32765.000000	32764.750000	1.000008	0.999992	1.000015	statistical_tie
reqresp	iouring	loopback	requests_per_second	noqperf	s2nperf	32765.000000	40973.750000	0.799658	0.797449	0.806642	loss
reqresp	iouring	loopback	requests_per_second	noqperf	tquicperf	32765.000000	153124.000000	0.213977	0.213616	0.214260	loss
reqresp	iouring	loopback	requests_per_second	noqperf	xquicperf	32765.000000	18208.750000	1.799410	1.798595	1.806827	win
reqresp	iouring	loopback	requests_per_second	picoperf	quicheperf	30699.250000	50634.250000	0.606294	0.592376	0.616895	loss
reqresp	iouring	loopback	requests_per_second	picoperf	quiczigperf	30699.250000	3715.500000	8.262481	8.143857	8.383394	win
reqresp	iouring	loopback	requests_per_second	picoperf	quinnperf	30699.250000	32764.750000	0.936960	0.924187	0.950671	loss
reqresp	iouring	loopback	requests_per_second	picoperf	s2nperf	30699.250000	40973.750000	0.749242	0.738647	0.761688	loss
reqresp	iouring	loopback	requests_per_second	picoperf	tquicperf	30699.250000	153124.000000	0.200486	0.197726	0.203420	loss
reqresp	iouring	loopback	requests_per_second	picoperf	xquicperf	30699.250000	18208.750000	1.685961	1.662649	1.710375	win
reqresp	iouring	loopback	requests_per_second	quicheperf	quiczigperf	50634.250000	3715.500000	13.627843	13.420401	13.794953	win
reqresp	iouring	loopback	requests_per_second	quicheperf	quinnperf	50634.250000	32764.750000	1.545388	1.521864	1.564140	win
reqresp	iouring	loopback	requests_per_second	quicheperf	s2nperf	50634.250000	40973.750000	1.235773	1.216910	1.256912	win
reqresp	iouring	loopback	requests_per_second	quicheperf	tquicperf	50634.250000	153124.000000	0.330675	0.325641	0.334685	loss
reqresp	iouring	loopback	requests_per_second	quicheperf	xquicperf	50634.250000	18208.750000	2.780765	2.738023	2.818576	win
reqresp	iouring	loopback	requests_per_second	quiczigperf	quinnperf	3715.500000	32764.750000	0.113399	0.113308	0.113545	loss
reqresp	iouring	loopback	requests_per_second	quiczigperf	s2nperf	3715.500000	40973.750000	0.090680	0.090417	0.091570	loss
reqresp	iouring	loopback	requests_per_second	quiczigperf	tquicperf	3715.500000	153124.000000	0.024265	0.024224	0.024323	loss
reqresp	iouring	loopback	requests_per_second	quiczigperf	xquicperf	3715.500000	18208.750000	0.204050	0.203844	0.205112	loss
reqresp	iouring	loopback	requests_per_second	quinnperf	s2nperf	32764.750000	40973.750000	0.799652	0.797437	0.806642	loss
reqresp	iouring	loopback	requests_per_second	quinnperf	tquicperf	32764.750000	153124.000000	0.213975	0.213614	0.214260	loss
reqresp	iouring	loopback	requests_per_second	quinnperf	xquicperf	32764.750000	18208.750000	1.799396	1.798567	1.806827	win
reqresp	iouring	loopback	requests_per_second	s2nperf	tquicperf	40973.750000	153124.000000	0.267585	0.265230	0.268327	loss
reqresp	iouring	loopback	requests_per_second	s2nperf	xquicperf	40973.750000	18208.750000	2.250223	2.230281	2.260781	win
reqresp	iouring	loopback	requests_per_second	tquicperf	xquicperf	153124.000000	18208.750000	8.409364	8.396527	8.445255	win
reqresp	syscall	loopback	requests_per_second	lsperf	mvfstperf	119404.250000	11070.250000	10.786048	10.660314	10.985283	win
reqresp	syscall	loopback	requests_per_second	lsperf	neqoperf	119404.250000	12154.000000	9.824276	9.698695	9.973437	win
reqresp	syscall	loopback	requests_per_second	lsperf	ngtcp2perf	119404.250000	51386.000000	2.323673	2.268285	2.373996	win
reqresp	syscall	loopback	requests_per_second	lsperf	noqperf	119404.250000	32764.500000	3.644318	3.597613	3.697737	win
reqresp	syscall	loopback	requests_per_second	lsperf	picoperf	119404.250000	59097.500000	2.020462	1.991982	2.060296	win
reqresp	syscall	loopback	requests_per_second	lsperf	quicheperf	119404.250000	64574.000000	1.849107	1.817476	1.897369	win
reqresp	syscall	loopback	requests_per_second	lsperf	quiczigperf	119404.250000	3704.000000	32.236569	31.817323	32.709098	win
reqresp	syscall	loopback	requests_per_second	lsperf	quinnperf	119404.250000	51031.250000	2.339826	2.309840	2.373065	win
reqresp	syscall	loopback	requests_per_second	lsperf	s2nperf	119404.250000	39098.250000	3.053954	3.012569	3.099195	win
reqresp	syscall	loopback	requests_per_second	lsperf	tquicperf	119404.250000	155043.250000	0.770135	0.758756	0.781558	loss
reqresp	syscall	loopback	requests_per_second	lsperf	xquicperf	119404.250000	20578.000000	5.802520	5.699267	5.889541	win
reqresp	syscall	loopback	requests_per_second	mvfstperf	neqoperf	11070.250000	12154.000000	0.910832	0.902191	0.915041	loss
reqresp	syscall	loopback	requests_per_second	mvfstperf	ngtcp2perf	11070.250000	51386.000000	0.215433	0.210066	0.218501	loss
reqresp	syscall	loopback	requests_per_second	mvfstperf	noqperf	11070.250000	32764.500000	0.337873	0.334737	0.338713	loss
reqresp	syscall	loopback	requests_per_second	mvfstperf	picoperf	11070.250000	59097.500000	0.187322	0.185214	0.189859	loss
reqresp	syscall	loopback	requests_per_second	mvfstperf	quicheperf	11070.250000	64574.000000	0.171435	0.168871	0.174920	loss
reqresp	syscall	loopback	requests_per_second	mvfstperf	quiczigperf	11070.250000	3704.000000	2.988728	2.958991	2.998379	win
reqresp	syscall	loopback	requests_per_second	mvfstperf	quinnperf	11070.250000	51031.250000	0.216931	0.214917	0.217508	loss
reqresp	syscall	loopback	requests_per_second	mvfstperf	s2nperf	11070.250000	39098.250000	0.283139	0.280293	0.284037	loss
reqresp	syscall	loopback	requests_per_second	mvfstperf	tquicperf	11070.250000	155043.250000	0.071401	0.070523	0.071666	loss
reqresp	syscall	loopback	requests_per_second	mvfstperf	xquicperf	11070.250000	20578.000000	0.537965	0.528880	0.541398	loss
reqresp	syscall	loopback	requests_per_second	neqoperf	ngtcp2perf	12154.000000	51386.000000	0.236524	0.231097	0.240120	loss
reqresp	syscall	loopback	requests_per_second	neqoperf	noqperf	12154.000000	32764.500000	0.370950	0.369302	0.372018	loss
reqresp	syscall	loopback	requests_per_second	neqoperf	picoperf	12154.000000	59097.500000	0.205660	0.204247	0.208593	loss
reqresp	syscall	loopback	requests_per_second	neqoperf	quicheperf	12154.000000	64574.000000	0.188218	0.186119	0.193011	loss
reqresp	syscall	loopback	requests_per_second	neqoperf	quiczigperf	12154.000000	3704.000000	3.281317	3.263239	3.295438	win
reqresp	syscall	loopback	requests_per_second	neqoperf	quinnperf	12154.000000	51031.250000	0.238168	0.236955	0.238896	loss
reqresp	syscall	loopback	requests_per_second	neqoperf	s2nperf	12154.000000	39098.250000	0.310858	0.308755	0.312014	loss
reqresp	syscall	loopback	requests_per_second	neqoperf	tquicperf	12154.000000	155043.250000	0.078391	0.077673	0.078758	loss
reqresp	syscall	loopback	requests_per_second	neqoperf	xquicperf	12154.000000	20578.000000	0.590631	0.581674	0.594819	loss
reqresp	syscall	loopback	requests_per_second	ngtcp2perf	noqperf	51386.000000	32764.500000	1.568344	1.546567	1.604023	win
reqresp	syscall	loopback	requests_per_second	ngtcp2perf	picoperf	51386.000000	59097.500000	0.869512	0.855027	0.892536	loss
reqresp	syscall	loopback	requests_per_second	ngtcp2perf	quicheperf	51386.000000	64574.000000	0.795769	0.779208	0.819462	loss
reqresp	syscall	loopback	requests_per_second	ngtcp2perf	quiczigperf	51386.000000	3704.000000	13.873110	13.658458	14.188036	win
reqresp	syscall	loopback	requests_per_second	ngtcp2perf	quinnperf	51386.000000	51031.250000	1.006952	0.992149	1.029200	statistical_tie
reqresp	syscall	loopback	requests_per_second	ngtcp2perf	s2nperf	51386.000000	39098.250000	1.314279	1.294813	1.344178	win
reqresp	syscall	loopback	requests_per_second	ngtcp2perf	tquicperf	51386.000000	155043.250000	0.331430	0.325257	0.339005	loss
reqresp	syscall	loopback	requests_per_second	ngtcp2perf	xquicperf	51386.000000	20578.000000	2.497133	2.447087	2.554171	win
reqresp	syscall	loopback	requests_per_second	noqperf	picoperf	32764.500000	59097.500000	0.554414	0.552032	0.561834	loss
reqresp	syscall	loopback	requests_per_second	noqperf	quicheperf	32764.500000	64574.000000	0.507395	0.503160	0.520638	loss
reqresp	syscall	loopback	requests_per_second	noqperf	quiczigperf	32764.500000	3704.000000	8.845707	8.810030	8.858263	win
reqresp	syscall	loopback	requests_per_second	noqperf	quinnperf	32764.500000	51031.250000	0.642048	0.640895	0.642249	loss
reqresp	syscall	loopback	requests_per_second	noqperf	s2nperf	32764.500000	39098.250000	0.838004	0.833347	0.839712	loss
reqresp	syscall	loopback	requests_per_second	noqperf	tquicperf	32764.500000	155043.250000	0.211325	0.209905	0.211945	loss
reqresp	syscall	loopback	requests_per_second	noqperf	xquicperf	32764.500000	20578.000000	1.592210	1.568186	1.602117	win
reqresp	syscall	loopback	requests_per_second	picoperf	quicheperf	59097.500000	64574.000000	0.915190	0.897123	0.938592	loss
reqresp	syscall	loopback	requests_per_second	picoperf	quiczigperf	59097.500000	3704.000000	15.955049	15.725226	16.046232	win
reqresp	syscall	loopback	requests_per_second	picoperf	quinnperf	59097.500000	51031.250000	1.158065	1.141825	1.163267	win
reqresp	syscall	loopback	requests_per_second	picoperf	s2nperf	59097.500000	39098.250000	1.511513	1.490149	1.519502	win
reqresp	syscall	loopback	requests_per_second	picoperf	tquicperf	59097.500000	155043.250000	0.381168	0.375016	0.383751	loss
reqresp	syscall	loopback	requests_per_second	picoperf	xquicperf	59097.500000	20578.000000	2.871878	2.820048	2.896691	win
reqresp	syscall	loopback	requests_per_second	quicheperf	quiczigperf	64574.000000	3704.000000	17.433585	17.001621	17.594931	win
reqresp	syscall	loopback	requests_per_second	quicheperf	quinnperf	64574.000000	51031.250000	1.265382	1.233413	1.276032	win
reqresp	syscall	loopback	requests_per_second	quicheperf	s2nperf	64574.000000	39098.250000	1.651583	1.610675	1.667136	win
reqresp	syscall	loopback	requests_per_second	quicheperf	tquicperf	64574.000000	155043.250000	0.416490	0.406252	0.420968	loss
reqresp	syscall	loopback	requests_per_second	quicheperf	xquicperf	64574.000000	20578.000000	3.138011	3.058193	3.174419	win
reqresp	syscall	loopback	requests_per_second	quiczigperf	quinnperf	3704.000000	51031.250000	0.072583	0.072404	0.072890	loss
reqresp	syscall	loopback	requests_per_second	quiczigperf	s2nperf	3704.000000	39098.250000	0.094736	0.094139	0.095184	loss
reqresp	syscall	loopback	requests_per_second	quiczigperf	tquicperf	3704.000000	155043.250000	0.023890	0.023714	0.024016	loss
reqresp	syscall	loopback	requests_per_second	quiczigperf	xquicperf	3704.000000	20578.000000	0.179998	0.177257	0.181424	loss
reqresp	syscall	loopback	requests_per_second	quinnperf	s2nperf	51031.250000	39098.250000	1.305205	1.297952	1.308717	win
reqresp	syscall	loopback	requests_per_second	quinnperf	tquicperf	51031.250000	155043.250000	0.329142	0.326931	0.330381	loss
reqresp	syscall	loopback	requests_per_second	quinnperf	xquicperf	51031.250000	20578.000000	2.479894	2.442475	2.497390	win
reqresp	syscall	loopback	requests_per_second	s2nperf	tquicperf	39098.250000	155043.250000	0.252176	0.250311	0.253808	loss
reqresp	syscall	loopback	requests_per_second	s2nperf	xquicperf	39098.250000	20578.000000	1.900002	1.871334	1.913922	win
reqresp	syscall	loopback	requests_per_second	tquicperf	xquicperf	155043.250000	20578.000000	7.534418	7.424360	7.603455	win
resumed_connect	iouring	loopback	connections_per_second	mvfstperf	neqoperf	264.268143	14.765299	17.897920	17.644894	18.141065	win
resumed_connect	iouring	loopback	connections_per_second	mvfstperf	ngtcp2perf	264.268143	113.838521	2.321430	2.281491	2.360628	win
resumed_connect	iouring	loopback	connections_per_second	mvfstperf	noqperf	264.268143	14.966822	17.656931	17.407268	17.907057	win
resumed_connect	iouring	loopback	connections_per_second	mvfstperf	quicheperf	264.268143	305.901563	0.863899	0.849206	0.883814	loss
resumed_connect	iouring	loopback	connections_per_second	mvfstperf	quiczigperf	264.268143	14.581590	18.123411	17.709019	18.422358	win
resumed_connect	iouring	loopback	connections_per_second	mvfstperf	quinnperf	264.268143	14.937794	17.691243	17.450946	17.937002	win
resumed_connect	iouring	loopback	connections_per_second	mvfstperf	s2nperf	264.268143	14.934934	17.694631	17.452201	17.911346	win
resumed_connect	iouring	loopback	connections_per_second	neqoperf	ngtcp2perf	14.765299	113.838521	0.129704	0.128641	0.130838	loss
resumed_connect	iouring	loopback	connections_per_second	neqoperf	noqperf	14.765299	14.966822	0.986535	0.983012	0.991279	statistical_tie
resumed_connect	iouring	loopback	connections_per_second	neqoperf	quicheperf	14.765299	305.901563	0.048268	0.047937	0.049149	loss
resumed_connect	iouring	loopback	connections_per_second	neqoperf	quiczigperf	14.765299	14.581590	1.012599	0.994186	1.019944	statistical_tie
resumed_connect	iouring	loopback	connections_per_second	neqoperf	quinnperf	14.765299	14.937794	0.988452	0.985830	0.992570	statistical_tie
resumed_connect	iouring	loopback	connections_per_second	neqoperf	s2nperf	14.765299	14.934934	0.988642	0.986239	0.991689	statistical_tie
resumed_connect	iouring	loopback	connections_per_second	ngtcp2perf	noqperf	113.838521	14.966822	7.606058	7.536509	7.668864	win
resumed_connect	iouring	loopback	connections_per_second	ngtcp2perf	quicheperf	113.838521	305.901563	0.372141	0.367563	0.379693	loss
resumed_connect	iouring	loopback	connections_per_second	ngtcp2perf	quiczigperf	113.838521	14.581590	7.807003	7.658060	7.886569	win
resumed_connect	iouring	loopback	connections_per_second	ngtcp2perf	quinnperf	113.838521	14.937794	7.620839	7.554507	7.680337	win
resumed_connect	iouring	loopback	connections_per_second	ngtcp2perf	s2nperf	113.838521	14.934934	7.622298	7.554754	7.678756	win
resumed_connect	iouring	loopback	connections_per_second	noqperf	quicheperf	14.966822	305.901563	0.048927	0.048532	0.049820	loss
resumed_connect	iouring	loopback	connections_per_second	noqperf	quiczigperf	14.966822	14.581590	1.026419	1.007708	1.033528	statistical_tie
resumed_connect	iouring	loopback	connections_per_second	noqperf	quinnperf	14.966822	14.937794	1.001943	0.998344	1.005927	statistical_tie
resumed_connect	iouring	loopback	connections_per_second	noqperf	s2nperf	14.966822	14.934934	1.002135	0.998415	1.005014	statistical_tie
resumed_connect	iouring	loopback	connections_per_second	quicheperf	quiczigperf	305.901563	14.581590	20.978615	20.451159	21.196871	win
resumed_connect	iouring	loopback	connections_per_second	quicheperf	quinnperf	305.901563	14.937794	20.478363	20.110785	20.631891	win
resumed_connect	iouring	loopback	connections_per_second	quicheperf	s2nperf	305.901563	14.934934	20.482284	20.115187	20.620883	win
resumed_connect	iouring	loopback	connections_per_second	quiczigperf	quinnperf	14.581590	14.937794	0.976154	0.970077	0.994160	statistical_tie
resumed_connect	iouring	loopback	connections_per_second	quiczigperf	s2nperf	14.581590	14.934934	0.976341	0.970253	0.994241	statistical_tie
resumed_connect	iouring	loopback	connections_per_second	quinnperf	s2nperf	14.937794	14.934934	1.000191	0.996876	1.001453	statistical_tie
resumed_connect	syscall	loopback	connections_per_second	neqoperf	ngtcp2perf	14.313711	112.242537	0.127525	0.127036	0.128330	loss
resumed_connect	syscall	loopback	connections_per_second	neqoperf	noqperf	14.313711	14.431365	0.991847	0.988505	0.993837	statistical_tie
resumed_connect	syscall	loopback	connections_per_second	neqoperf	quiczigperf	14.313711	14.110829	1.014378	1.001440	1.021325	statistical_tie
resumed_connect	syscall	loopback	connections_per_second	neqoperf	quinnperf	14.313711	14.413419	0.993082	0.989580	0.997869	statistical_tie
resumed_connect	syscall	loopback	connections_per_second	neqoperf	s2nperf	14.313711	14.434214	0.991652	0.989966	0.994013	statistical_tie
resumed_connect	syscall	loopback	connections_per_second	neqoperf	tquicperf	14.313711	215.799802	0.066329	0.065422	0.067424	loss
resumed_connect	syscall	loopback	connections_per_second	ngtcp2perf	noqperf	112.242537	14.431365	7.777680	7.718008	7.806125	win
resumed_connect	syscall	loopback	connections_per_second	ngtcp2perf	quiczigperf	112.242537	14.110829	7.954355	7.824832	8.010340	win
resumed_connect	syscall	loopback	connections_per_second	ngtcp2perf	quinnperf	112.242537	14.413419	7.787364	7.729236	7.830384	win
resumed_connect	syscall	loopback	connections_per_second	ngtcp2perf	s2nperf	112.242537	14.434214	7.776145	7.729125	7.802464	win
resumed_connect	syscall	loopback	connections_per_second	ngtcp2perf	tquicperf	112.242537	215.799802	0.520123	0.512101	0.528200	loss
resumed_connect	syscall	loopback	connections_per_second	noqperf	quiczigperf	14.431365	14.110829	1.022716	1.009747	1.030448	statistical_tie
resumed_connect	syscall	loopback	connections_per_second	noqperf	quinnperf	14.431365	14.413419	1.001245	0.997922	1.007198	statistical_tie
resumed_connect	syscall	loopback	connections_per_second	noqperf	s2nperf	14.431365	14.434214	0.999803	0.998142	1.003492	statistical_tie
resumed_connect	syscall	loopback	connections_per_second	noqperf	tquicperf	14.431365	215.799802	0.066874	0.065976	0.067995	loss
resumed_connect	syscall	loopback	connections_per_second	quiczigperf	quinnperf	14.110829	14.413419	0.979006	0.972201	0.993848	statistical_tie
resumed_connect	syscall	loopback	connections_per_second	quiczigperf	s2nperf	14.110829	14.434214	0.977596	0.971413	0.990077	loss
resumed_connect	syscall	loopback	connections_per_second	quiczigperf	tquicperf	14.110829	215.799802	0.065389	0.064507	0.066826	loss
resumed_connect	syscall	loopback	connections_per_second	quinnperf	s2nperf	14.413419	14.434214	0.998559	0.994236	1.001994	statistical_tie
resumed_connect	syscall	loopback	connections_per_second	quinnperf	tquicperf	14.413419	215.799802	0.066791	0.065835	0.067850	loss
resumed_connect	syscall	loopback	connections_per_second	s2nperf	tquicperf	14.434214	215.799802	0.066887	0.065996	0.068028	loss
small_payload_pps	iouring	loopback	messages_per_second	lsperf	mvfstperf	71088.000000	10656.000000	6.671171	6.560411	6.874228	win
small_payload_pps	iouring	loopback	messages_per_second	lsperf	neqoperf	71088.000000	12237.000000	5.809267	5.791310	5.847098	win
small_payload_pps	iouring	loopback	messages_per_second	lsperf	ngtcp2perf	71088.000000	42998.000000	1.653286	1.643256	1.667445	win
small_payload_pps	iouring	loopback	messages_per_second	lsperf	noqperf	71088.000000	32765.000000	2.169632	2.166702	2.181962	win
small_payload_pps	iouring	loopback	messages_per_second	lsperf	picoperf	71088.000000	45910.000000	1.548421	1.532113	1.571158	win
small_payload_pps	iouring	loopback	messages_per_second	lsperf	quicheperf	71088.000000	53078.500000	1.339299	1.331192	1.356514	win
small_payload_pps	iouring	loopback	messages_per_second	lsperf	quiczigperf	71088.000000	3938.000000	18.051803	17.927449	18.158537	win
small_payload_pps	iouring	loopback	messages_per_second	lsperf	quinnperf	71088.000000	32764.750000	2.169649	2.166702	2.181979	win
small_payload_pps	iouring	loopback	messages_per_second	lsperf	s2nperf	71088.000000	41379.750000	1.717942	1.712270	1.727903	win
small_payload_pps	iouring	loopback	messages_per_second	lsperf	tquicperf	71088.000000	174458.500000	0.407478	0.405913	0.410218	loss
small_payload_pps	iouring	loopback	messages_per_second	lsperf	xquicperf	71088.000000	18941.000000	3.753128	3.723071	3.838341	win
small_payload_pps	iouring	loopback	messages_per_second	mvfstperf	neqoperf	10656.000000	12237.000000	0.870802	0.846661	0.885838	loss
small_payload_pps	iouring	loopback	messages_per_second	mvfstperf	ngtcp2perf	10656.000000	42998.000000	0.247825	0.240924	0.252447	loss
small_payload_pps	iouring	loopback	messages_per_second	mvfstperf	noqperf	10656.000000	32765.000000	0.325225	0.316435	0.330841	loss
small_payload_pps	iouring	loopback	messages_per_second	mvfstperf	picoperf	10656.000000	45910.000000	0.232106	0.225195	0.237676	loss
small_payload_pps	iouring	loopback	messages_per_second	mvfstperf	quicheperf	10656.000000	53078.500000	0.200759	0.195082	0.205145	loss
small_payload_pps	iouring	loopback	messages_per_second	mvfstperf	quiczigperf	10656.000000	3938.000000	2.705942	2.630921	2.747396	win
small_payload_pps	iouring	loopback	messages_per_second	mvfstperf	quinnperf	10656.000000	32764.750000	0.325228	0.316435	0.330841	loss
small_payload_pps	iouring	loopback	messages_per_second	mvfstperf	s2nperf	10656.000000	41379.750000	0.257517	0.250346	0.261934	loss
small_payload_pps	iouring	loopback	messages_per_second	mvfstperf	tquicperf	10656.000000	174458.500000	0.061080	0.059396	0.062100	loss
small_payload_pps	iouring	loopback	messages_per_second	mvfstperf	xquicperf	10656.000000	18941.000000	0.562589	0.546858	0.579307	loss
small_payload_pps	iouring	loopback	messages_per_second	neqoperf	ngtcp2perf	12237.000000	42998.000000	0.284595	0.282723	0.286496	loss
small_payload_pps	iouring	loopback	messages_per_second	neqoperf	noqperf	12237.000000	32765.000000	0.373478	0.372440	0.374396	loss
small_payload_pps	iouring	loopback	messages_per_second	neqoperf	picoperf	12237.000000	45910.000000	0.266543	0.263553	0.269804	loss
small_payload_pps	iouring	loopback	messages_per_second	neqoperf	quicheperf	12237.000000	53078.500000	0.230545	0.229030	0.232709	loss
small_payload_pps	iouring	loopback	messages_per_second	neqoperf	quiczigperf	12237.000000	3938.000000	3.107415	3.084385	3.116616	win
small_payload_pps	iouring	loopback	messages_per_second	neqoperf	quinnperf	12237.000000	32764.750000	0.373481	0.372440	0.374399	loss
small_payload_pps	iouring	loopback	messages_per_second	neqoperf	s2nperf	12237.000000	41379.750000	0.295724	0.294327	0.296487	loss
small_payload_pps	iouring	loopback	messages_per_second	neqoperf	tquicperf	12237.000000	174458.500000	0.070143	0.069779	0.070378	loss
small_payload_pps	iouring	loopback	messages_per_second	neqoperf	xquicperf	12237.000000	18941.000000	0.646059	0.640686	0.660727	loss
small_payload_pps	iouring	loopback	messages_per_second	ngtcp2perf	noqperf	42998.000000	32765.000000	1.312315	1.304540	1.320527	win
small_payload_pps	iouring	loopback	messages_per_second	ngtcp2perf	picoperf	42998.000000	45910.000000	0.936572	0.925226	0.949306	loss
small_payload_pps	iouring	loopback	messages_per_second	ngtcp2perf	quicheperf	42998.000000	53078.500000	0.810083	0.803483	0.819507	loss
small_payload_pps	iouring	loopback	messages_per_second	ngtcp2perf	quiczigperf	42998.000000	3938.000000	10.918740	10.825938	10.986093	win
small_payload_pps	iouring	loopback	messages_per_second	ngtcp2perf	quinnperf	42998.000000	32764.750000	1.312325	1.304540	1.320527	win
small_payload_pps	iouring	loopback	messages_per_second	ngtcp2perf	s2nperf	42998.000000	41379.750000	1.039107	1.031331	1.045318	win
small_payload_pps	iouring	loopback	messages_per_second	ngtcp2perf	tquicperf	42998.000000	174458.500000	0.246465	0.244613	0.247948	loss
small_payload_pps	iouring	loopback	messages_per_second	ngtcp2perf	xquicperf	42998.000000	18941.000000	2.270102	2.250118	2.319754	win
small_payload_pps	iouring	loopback	messages_per_second	noqperf	picoperf	32765.000000	45910.000000	0.713679	0.705990	0.721378	loss
small_payload_pps	iouring	loopback	messages_per_second	noqperf	quicheperf	32765.000000	53078.500000	0.617293	0.613707	0.622196	loss
small_payload_pps	iouring	loopback	messages_per_second	noqperf	quiczigperf	32765.000000	3938.000000	8.320213	8.268185	8.324441	win
small_payload_pps	iouring	loopback	messages_per_second	noqperf	quinnperf	32765.000000	32764.750000	1.000008	0.999992	1.000015	statistical_tie
small_payload_pps	iouring	loopback	messages_per_second	noqperf	s2nperf	32765.000000	41379.750000	0.791812	0.790102	0.792540	loss
small_payload_pps	iouring	loopback	messages_per_second	noqperf	tquicperf	32765.000000	174458.500000	0.187810	0.187139	0.188170	loss
small_payload_pps	iouring	loopback	messages_per_second	noqperf	xquicperf	32765.000000	18941.000000	1.729845	1.714233	1.769107	win
small_payload_pps	iouring	loopback	messages_per_second	picoperf	quicheperf	45910.000000	53078.500000	0.864945	0.853371	0.879365	loss
small_payload_pps	iouring	loopback	messages_per_second	picoperf	quiczigperf	45910.000000	3938.000000	11.658202	11.479402	11.786667	win
small_payload_pps	iouring	loopback	messages_per_second	picoperf	quinnperf	45910.000000	32764.750000	1.401201	1.386235	1.416472	win
small_payload_pps	iouring	loopback	messages_per_second	picoperf	s2nperf	45910.000000	41379.750000	1.109480	1.095494	1.121563	win
small_payload_pps	iouring	loopback	messages_per_second	picoperf	tquicperf	45910.000000	174458.500000	0.263157	0.259721	0.266023	loss
small_payload_pps	iouring	loopback	messages_per_second	picoperf	xquicperf	45910.000000	18941.000000	2.423842	2.391030	2.479353	win
small_payload_pps	iouring	loopback	messages_per_second	quicheperf	quiczigperf	53078.500000	3938.000000	13.478542	13.301691	13.561568	win
small_payload_pps	iouring	loopback	messages_per_second	quicheperf	quinnperf	53078.500000	32764.750000	1.619988	1.607210	1.629454	win
small_payload_pps	iouring	loopback	messages_per_second	quicheperf	s2nperf	53078.500000	41379.750000	1.282717	1.270539	1.290366	win
small_payload_pps	iouring	loopback	messages_per_second	quicheperf	tquicperf	53078.500000	174458.500000	0.304247	0.301122	0.306340	loss
small_payload_pps	iouring	loopback	messages_per_second	quicheperf	xquicperf	53078.500000	18941.000000	2.802307	2.771302	2.864857	win
small_payload_pps	iouring	loopback	messages_per_second	quiczigperf	quinnperf	3938.000000	32764.750000	0.120190	0.120128	0.120946	loss
small_payload_pps	iouring	loopback	messages_per_second	quiczigperf	s2nperf	3938.000000	41379.750000	0.095167	0.094932	0.095778	loss
small_payload_pps	iouring	loopback	messages_per_second	quiczigperf	tquicperf	3938.000000	174458.500000	0.022573	0.022481	0.022738	loss
small_payload_pps	iouring	loopback	messages_per_second	quiczigperf	xquicperf	3938.000000	18941.000000	0.207909	0.206399	0.212589	loss
small_payload_pps	iouring	loopback	messages_per_second	quinnperf	s2nperf	32764.750000	41379.750000	0.791806	0.790096	0.792540	loss
small_payload_pps	iouring	loopback	messages_per_second	quinnperf	tquicperf	32764.750000	174458.500000	0.187808	0.187138	0.188170	loss
small_payload_pps	iouring	loopback	messages_per_second	quinnperf	xquicperf	32764.750000	18941.000000	1.729832	1.714233	1.769094	win
small_payload_pps	iouring	loopback	messages_per_second	s2nperf	tquicperf	41379.750000	174458.500000	0.237190	0.236315	0.238110	loss
small_payload_pps	iouring	loopback	messages_per_second	s2nperf	xquicperf	41379.750000	18941.000000	2.184666	2.167497	2.234011	win
small_payload_pps	iouring	loopback	messages_per_second	tquicperf	xquicperf	174458.500000	18941.000000	9.210628	9.134748	9.412273	win
small_payload_pps	syscall	loopback	messages_per_second	lsperf	mvfstperf	121891.000000	11136.000000	10.945672	10.844911	11.101690	win
small_payload_pps	syscall	loopback	messages_per_second	lsperf	neqoperf	121891.000000	12211.500000	9.981657	9.925475	10.036608	win
small_payload_pps	syscall	loopback	messages_per_second	lsperf	ngtcp2perf	121891.000000	52724.250000	2.311858	2.286578	2.324053	win
small_payload_pps	syscall	loopback	messages_per_second	lsperf	noqperf	121891.000000	44582.750000	2.734040	2.694208	2.756674	win
small_payload_pps	syscall	loopback	messages_per_second	lsperf	picoperf	121891.000000	49594.000000	2.457777	2.386650	2.476626	win
small_payload_pps	syscall	loopback	messages_per_second	lsperf	quicheperf	121891.000000	73852.250000	1.650471	1.611161	1.684066	win
small_payload_pps	syscall	loopback	messages_per_second	lsperf	quiczigperf	121891.000000	3936.000000	30.968242	30.737864	31.066057	win
small_payload_pps	syscall	loopback	messages_per_second	lsperf	quinnperf	121891.000000	52510.750000	2.321258	2.296532	2.339386	win
small_payload_pps	syscall	loopback	messages_per_second	lsperf	s2nperf	121891.000000	39527.250000	3.083721	3.058212	3.123568	win
small_payload_pps	syscall	loopback	messages_per_second	lsperf	tquicperf	121891.000000	176604.000000	0.690194	0.683813	0.694537	loss
small_payload_pps	syscall	loopback	messages_per_second	lsperf	xquicperf	121891.000000	20353.500000	5.988700	5.908452	6.008575	win
small_payload_pps	syscall	loopback	messages_per_second	mvfstperf	neqoperf	11136.000000	12211.500000	0.911927	0.898657	0.919256	loss
small_payload_pps	syscall	loopback	messages_per_second	mvfstperf	ngtcp2perf	11136.000000	52724.250000	0.211212	0.207446	0.212763	loss
small_payload_pps	syscall	loopback	messages_per_second	mvfstperf	noqperf	11136.000000	44582.750000	0.249783	0.244686	0.252481	loss
small_payload_pps	syscall	loopback	messages_per_second	mvfstperf	picoperf	11136.000000	49594.000000	0.224543	0.218045	0.226661	loss
small_payload_pps	syscall	loopback	messages_per_second	mvfstperf	quicheperf	11136.000000	73852.250000	0.150788	0.147145	0.153857	loss
small_payload_pps	syscall	loopback	messages_per_second	mvfstperf	quiczigperf	11136.000000	3936.000000	2.829268	2.789507	2.846799	win
small_payload_pps	syscall	loopback	messages_per_second	mvfstperf	quinnperf	11136.000000	52510.750000	0.212071	0.208278	0.214261	loss
small_payload_pps	syscall	loopback	messages_per_second	mvfstperf	s2nperf	11136.000000	39527.250000	0.281730	0.277151	0.285836	loss
small_payload_pps	syscall	loopback	messages_per_second	mvfstperf	tquicperf	11136.000000	176604.000000	0.063056	0.061992	0.063605	loss
small_payload_pps	syscall	loopback	messages_per_second	mvfstperf	xquicperf	11136.000000	20353.500000	0.547129	0.536471	0.550520	loss
small_payload_pps	syscall	loopback	messages_per_second	neqoperf	ngtcp2perf	12211.500000	52724.250000	0.231611	0.228992	0.232786	loss
small_payload_pps	syscall	loopback	messages_per_second	neqoperf	noqperf	12211.500000	44582.750000	0.273906	0.270011	0.276263	loss
small_payload_pps	syscall	loopback	messages_per_second	neqoperf	picoperf	12211.500000	49594.000000	0.246229	0.239231	0.248164	loss
small_payload_pps	syscall	loopback	messages_per_second	neqoperf	quicheperf	12211.500000	73852.250000	0.165350	0.161566	0.168808	loss
small_payload_pps	syscall	loopback	messages_per_second	neqoperf	quiczigperf	12211.500000	3936.000000	3.102515	3.082736	3.111535	win
small_payload_pps	syscall	loopback	messages_per_second	neqoperf	quinnperf	12211.500000	52510.750000	0.232552	0.230126	0.234497	loss
small_payload_pps	syscall	loopback	messages_per_second	neqoperf	s2nperf	12211.500000	39527.250000	0.308939	0.306542	0.313097	loss
small_payload_pps	syscall	loopback	messages_per_second	neqoperf	tquicperf	12211.500000	176604.000000	0.069146	0.068464	0.069574	loss
small_payload_pps	syscall	loopback	messages_per_second	neqoperf	xquicperf	12211.500000	20353.500000	0.599971	0.592290	0.601902	loss
small_payload_pps	syscall	loopback	messages_per_second	ngtcp2perf	noqperf	52724.250000	44582.750000	1.182615	1.166532	1.199192	win
small_payload_pps	syscall	loopback	messages_per_second	ngtcp2perf	picoperf	52724.250000	49594.000000	1.063118	1.032356	1.077428	win
small_payload_pps	syscall	loopback	messages_per_second	ngtcp2perf	quicheperf	52724.250000	73852.250000	0.713915	0.698006	0.730015	loss
small_payload_pps	syscall	loopback	messages_per_second	ngtcp2perf	quiczigperf	52724.250000	3936.000000	13.395389	13.330043	13.537093	win
small_payload_pps	syscall	loopback	messages_per_second	ngtcp2perf	quinnperf	52724.250000	52510.750000	1.004066	0.994569	1.018185	statistical_tie
small_payload_pps	syscall	loopback	messages_per_second	ngtcp2perf	s2nperf	52724.250000	39527.250000	1.333871	1.324187	1.356181	win
small_payload_pps	syscall	loopback	messages_per_second	ngtcp2perf	tquicperf	52724.250000	176604.000000	0.298545	0.295783	0.302165	loss
small_payload_pps	syscall	loopback	messages_per_second	ngtcp2perf	xquicperf	52724.250000	20353.500000	2.590427	2.558647	2.617462	win
small_payload_pps	syscall	loopback	messages_per_second	noqperf	picoperf	44582.750000	49594.000000	0.898955	0.874664	0.913634	loss
small_payload_pps	syscall	loopback	messages_per_second	noqperf	quicheperf	44582.750000	73852.250000	0.603675	0.588444	0.617966	loss
small_payload_pps	syscall	loopback	messages_per_second	noqperf	quiczigperf	44582.750000	3936.000000	11.326918	11.245871	11.481707	win
small_payload_pps	syscall	loopback	messages_per_second	noqperf	quinnperf	44582.750000	52510.750000	0.849021	0.837529	0.863413	loss
small_payload_pps	syscall	loopback	messages_per_second	noqperf	s2nperf	44582.750000	39527.250000	1.127899	1.115205	1.150831	win
small_payload_pps	syscall	loopback	messages_per_second	noqperf	tquicperf	44582.750000	176604.000000	0.252445	0.249564	0.256346	loss
small_payload_pps	syscall	loopback	messages_per_second	noqperf	xquicperf	44582.750000	20353.500000	2.190422	2.154761	2.220355	win
small_payload_pps	syscall	loopback	messages_per_second	picoperf	quicheperf	49594.000000	73852.250000	0.671530	0.655566	0.691543	loss
small_payload_pps	syscall	loopback	messages_per_second	picoperf	quiczigperf	49594.000000	3936.000000	12.600102	12.478727	12.975610	win
small_payload_pps	syscall	loopback	messages_per_second	picoperf	quinnperf	49594.000000	52510.750000	0.944454	0.933267	0.969817	loss
small_payload_pps	syscall	loopback	messages_per_second	picoperf	s2nperf	49594.000000	39527.250000	1.254679	1.242727	1.290424	win
small_payload_pps	syscall	loopback	messages_per_second	picoperf	tquicperf	49594.000000	176604.000000	0.280820	0.277495	0.288344	loss
small_payload_pps	syscall	loopback	messages_per_second	picoperf	xquicperf	49594.000000	20353.500000	2.436633	2.398708	2.496767	win
small_payload_pps	syscall	loopback	messages_per_second	quicheperf	quiczigperf	73852.250000	3936.000000	18.763275	18.388974	19.184451	win
small_payload_pps	syscall	loopback	messages_per_second	quicheperf	quinnperf	73852.250000	52510.750000	1.406422	1.376956	1.442131	win
small_payload_pps	syscall	loopback	messages_per_second	quicheperf	s2nperf	73852.250000	39527.250000	1.868388	1.828864	1.915807	win
small_payload_pps	syscall	loopback	messages_per_second	quicheperf	tquicperf	73852.250000	176604.000000	0.418180	0.409766	0.428382	loss
small_payload_pps	syscall	loopback	messages_per_second	quicheperf	xquicperf	73852.250000	20353.500000	3.628479	3.544403	3.709927	win
small_payload_pps	syscall	loopback	messages_per_second	quiczigperf	quinnperf	3936.000000	52510.750000	0.074956	0.074337	0.075692	loss
small_payload_pps	syscall	loopback	messages_per_second	quiczigperf	s2nperf	3936.000000	39527.250000	0.099577	0.099011	0.100864	loss
small_payload_pps	syscall	loopback	messages_per_second	quiczigperf	tquicperf	3936.000000	176604.000000	0.022287	0.022081	0.022436	loss
small_payload_pps	syscall	loopback	messages_per_second	quiczigperf	xquicperf	3936.000000	20353.500000	0.193382	0.191228	0.194168	loss
small_payload_pps	syscall	loopback	messages_per_second	quinnperf	s2nperf	52510.750000	39527.250000	1.328470	1.314376	1.351208	win
small_payload_pps	syscall	loopback	messages_per_second	quinnperf	tquicperf	52510.750000	176604.000000	0.297336	0.293741	0.300618	loss
small_payload_pps	syscall	loopback	messages_per_second	quinnperf	xquicperf	52510.750000	20353.500000	2.579937	2.539912	2.600349	win
small_payload_pps	syscall	loopback	messages_per_second	s2nperf	tquicperf	39527.250000	176604.000000	0.223819	0.220414	0.225795	loss
small_payload_pps	syscall	loopback	messages_per_second	s2nperf	xquicperf	39527.250000	20353.500000	1.942037	1.906032	1.952089	win
small_payload_pps	syscall	loopback	messages_per_second	tquicperf	xquicperf	176604.000000	20353.500000	8.676837	8.556971	8.758021	win
stream_churn	iouring	loopback	streams_per_second	lsperf	neqoperf	69856.000000	12286.250000	5.685706	5.662341	5.702967	win
stream_churn	iouring	loopback	streams_per_second	lsperf	ngtcp2perf	69856.000000	42407.250000	1.647266	1.637014	1.653786	win
stream_churn	iouring	loopback	streams_per_second	lsperf	noqperf	69856.000000	32765.000000	2.132031	2.125561	2.135360	win
stream_churn	iouring	loopback	streams_per_second	lsperf	picoperf	69856.000000	45686.000000	1.529046	1.523608	1.548502	win
stream_churn	iouring	loopback	streams_per_second	lsperf	quicheperf	69856.000000	53924.000000	1.295453	1.283475	1.307140	win
stream_churn	iouring	loopback	streams_per_second	lsperf	quiczigperf	69856.000000	3894.250000	17.938242	17.868852	18.067869	win
stream_churn	iouring	loopback	streams_per_second	lsperf	quinnperf	69856.000000	32765.000000	2.132031	2.125561	2.135327	win
stream_churn	iouring	loopback	streams_per_second	lsperf	s2nperf	69856.000000	41534.500000	1.681879	1.673889	1.705721	win
stream_churn	iouring	loopback	streams_per_second	lsperf	tquicperf	69856.000000	176678.000000	0.395386	0.392458	0.397711	loss
stream_churn	iouring	loopback	streams_per_second	lsperf	xquicperf	69856.000000	18125.250000	3.854071	3.832967	3.877780	win
stream_churn	iouring	loopback	streams_per_second	neqoperf	ngtcp2perf	12286.250000	42407.250000	0.289721	0.287910	0.290899	loss
stream_churn	iouring	loopback	streams_per_second	neqoperf	noqperf	12286.250000	32765.000000	0.374981	0.374226	0.375704	loss
stream_churn	iouring	loopback	streams_per_second	neqoperf	picoperf	12286.250000	45686.000000	0.268928	0.268153	0.272278	loss
stream_churn	iouring	loopback	streams_per_second	neqoperf	quicheperf	12286.250000	53924.000000	0.227844	0.225667	0.230012	loss
stream_churn	iouring	loopback	streams_per_second	neqoperf	quiczigperf	12286.250000	3894.250000	3.154972	3.143827	3.179303	win
stream_churn	iouring	loopback	streams_per_second	neqoperf	quinnperf	12286.250000	32765.000000	0.374981	0.374226	0.375698	loss
stream_churn	iouring	loopback	streams_per_second	neqoperf	s2nperf	12286.250000	41534.500000	0.295808	0.294456	0.300105	loss
stream_churn	iouring	loopback	streams_per_second	neqoperf	tquicperf	12286.250000	176678.000000	0.069540	0.069059	0.069955	loss
stream_churn	iouring	loopback	streams_per_second	neqoperf	xquicperf	12286.250000	18125.250000	0.677853	0.674370	0.682298	loss
stream_churn	iouring	loopback	streams_per_second	ngtcp2perf	noqperf	42407.250000	32765.000000	1.294285	1.290142	1.301889	win
stream_churn	iouring	loopback	streams_per_second	ngtcp2perf	picoperf	42407.250000	45686.000000	0.928233	0.924533	0.940302	loss
stream_churn	iouring	loopback	streams_per_second	ngtcp2perf	quicheperf	42407.250000	53924.000000	0.786426	0.778881	0.793226	loss
stream_churn	iouring	loopback	streams_per_second	ngtcp2perf	quiczigperf	42407.250000	3894.250000	10.889709	10.839331	10.982419	win
stream_churn	iouring	loopback	streams_per_second	ngtcp2perf	quinnperf	42407.250000	32765.000000	1.294285	1.290142	1.301869	win
stream_churn	iouring	loopback	streams_per_second	ngtcp2perf	s2nperf	42407.250000	41534.500000	1.021013	1.015228	1.036288	win
stream_churn	iouring	loopback	streams_per_second	ngtcp2perf	tquicperf	42407.250000	176678.000000	0.240026	0.238195	0.241959	loss
stream_churn	iouring	loopback	streams_per_second	ngtcp2perf	xquicperf	42407.250000	18125.250000	2.339678	2.325543	2.357407	win
stream_churn	iouring	loopback	streams_per_second	noqperf	picoperf	32765.000000	45686.000000	0.717178	0.716164	0.726303	loss
stream_churn	iouring	loopback	streams_per_second	noqperf	quicheperf	32765.000000	53924.000000	0.607614	0.602056	0.612868	loss
stream_churn	iouring	loopback	streams_per_second	noqperf	quiczigperf	32765.000000	3894.250000	8.413687	8.392546	8.471333	win
stream_churn	iouring	loopback	streams_per_second	noqperf	quinnperf	32765.000000	32765.000000	1.000000	0.999985	1.000015	statistical_tie
stream_churn	iouring	loopback	streams_per_second	noqperf	s2nperf	32765.000000	41534.500000	0.788862	0.786059	0.800366	loss
stream_churn	iouring	loopback	streams_per_second	noqperf	tquicperf	32765.000000	176678.000000	0.185450	0.184088	0.186480	loss
stream_churn	iouring	loopback	streams_per_second	noqperf	xquicperf	32765.000000	18125.250000	1.807699	1.800275	1.816141	win
stream_churn	iouring	loopback	streams_per_second	picoperf	quicheperf	45686.000000	53924.000000	0.847229	0.836415	0.855089	loss
stream_churn	iouring	loopback	streams_per_second	picoperf	quiczigperf	45686.000000	3894.250000	11.731656	11.587602	11.820438	win
stream_churn	iouring	loopback	streams_per_second	picoperf	quinnperf	45686.000000	32765.000000	1.394354	1.376835	1.396307	win
stream_churn	iouring	loopback	streams_per_second	picoperf	s2nperf	45686.000000	41534.500000	1.099953	1.086133	1.115071	win
stream_churn	iouring	loopback	streams_per_second	picoperf	tquicperf	45686.000000	176678.000000	0.258583	0.255125	0.260060	loss
stream_churn	iouring	loopback	streams_per_second	picoperf	xquicperf	45686.000000	18125.250000	2.520572	2.488904	2.535780	win
stream_churn	iouring	loopback	streams_per_second	quicheperf	quiczigperf	53924.000000	3894.250000	13.847082	13.725738	13.991773	win
stream_churn	iouring	loopback	streams_per_second	quicheperf	quinnperf	53924.000000	32765.000000	1.645781	1.631673	1.660949	win
stream_churn	iouring	loopback	streams_per_second	quicheperf	s2nperf	53924.000000	41534.500000	1.298294	1.285787	1.317716	win
stream_churn	iouring	loopback	streams_per_second	quicheperf	tquicperf	53924.000000	176678.000000	0.305211	0.302003	0.308628	loss
stream_churn	iouring	loopback	streams_per_second	quicheperf	xquicperf	53924.000000	18125.250000	2.975076	2.947117	3.007848	win
stream_churn	iouring	loopback	streams_per_second	quiczigperf	quinnperf	3894.250000	32765.000000	0.118854	0.118045	0.119152	loss
stream_churn	iouring	loopback	streams_per_second	quiczigperf	s2nperf	3894.250000	41534.500000	0.093759	0.092976	0.095127	loss
stream_churn	iouring	loopback	streams_per_second	quiczigperf	tquicperf	3894.250000	176678.000000	0.022042	0.021827	0.022172	loss
stream_churn	iouring	loopback	streams_per_second	quiczigperf	xquicperf	3894.250000	18125.250000	0.214852	0.213008	0.216216	loss
stream_churn	iouring	loopback	streams_per_second	quinnperf	s2nperf	32765.000000	41534.500000	0.788862	0.786071	0.800366	loss
stream_churn	iouring	loopback	streams_per_second	quinnperf	tquicperf	32765.000000	176678.000000	0.185450	0.184088	0.186480	loss
stream_churn	iouring	loopback	streams_per_second	quinnperf	xquicperf	32765.000000	18125.250000	1.807699	1.800275	1.816141	win
stream_churn	iouring	loopback	streams_per_second	s2nperf	tquicperf	41534.500000	176678.000000	0.235086	0.231377	0.236667	loss
stream_churn	iouring	loopback	streams_per_second	s2nperf	xquicperf	41534.500000	18125.250000	2.291527	2.256588	2.308086	win
stream_churn	iouring	loopback	streams_per_second	tquicperf	xquicperf	176678.000000	18125.250000	9.747617	9.680515	9.831437	win
stream_churn	syscall	loopback	streams_per_second	lsperf	mvfstperf	115554.000000	11067.000000	10.441312	10.307581	10.634860	win
stream_churn	syscall	loopback	streams_per_second	lsperf	neqoperf	115554.000000	12174.500000	9.491478	9.357615	9.658296	win
stream_churn	syscall	loopback	streams_per_second	lsperf	ngtcp2perf	115554.000000	52478.250000	2.201941	2.168778	2.241903	win
stream_churn	syscall	loopback	streams_per_second	lsperf	noqperf	115554.000000	44055.500000	2.622919	2.588664	2.670857	win
stream_churn	syscall	loopback	streams_per_second	lsperf	quicheperf	115554.000000	74756.000000	1.545749	1.522616	1.577680	win
stream_churn	syscall	loopback	streams_per_second	lsperf	quiczigperf	115554.000000	3869.000000	29.866632	29.472678	30.402583	win
stream_churn	syscall	loopback	streams_per_second	lsperf	quinnperf	115554.000000	52025.500000	2.221103	2.169984	2.285472	win
stream_churn	syscall	loopback	streams_per_second	lsperf	s2nperf	115554.000000	38983.500000	2.964177	2.924956	3.017827	win
stream_churn	syscall	loopback	streams_per_second	lsperf	tquicperf	115554.000000	178272.000000	0.648189	0.637779	0.658800	loss
stream_churn	syscall	loopback	streams_per_second	lsperf	xquicperf	115554.000000	20325.000000	5.685314	5.585924	5.802347	win
stream_churn	syscall	loopback	streams_per_second	mvfstperf	neqoperf	11067.000000	12174.500000	0.909031	0.901298	0.911955	loss
stream_churn	syscall	loopback	streams_per_second	mvfstperf	ngtcp2perf	11067.000000	52478.250000	0.210887	0.208622	0.212278	loss
stream_churn	syscall	loopback	streams_per_second	mvfstperf	noqperf	11067.000000	44055.500000	0.251206	0.249674	0.252257	loss
stream_churn	syscall	loopback	streams_per_second	mvfstperf	quicheperf	11067.000000	74756.000000	0.148042	0.146774	0.149722	loss
stream_churn	syscall	loopback	streams_per_second	mvfstperf	quiczigperf	11067.000000	3869.000000	2.860429	2.839309	2.870253	win
stream_churn	syscall	loopback	streams_per_second	mvfstperf	quinnperf	11067.000000	52025.500000	0.212723	0.208512	0.217631	loss
stream_churn	syscall	loopback	streams_per_second	mvfstperf	s2nperf	11067.000000	38983.500000	0.283889	0.281023	0.285303	loss
stream_churn	syscall	loopback	streams_per_second	mvfstperf	tquicperf	11067.000000	178272.000000	0.062079	0.061386	0.062341	loss
stream_churn	syscall	loopback	streams_per_second	mvfstperf	xquicperf	11067.000000	20325.000000	0.544502	0.536212	0.551496	loss
stream_churn	syscall	loopback	streams_per_second	neqoperf	ngtcp2perf	12174.500000	52478.250000	0.231991	0.229784	0.233838	loss
stream_churn	syscall	loopback	streams_per_second	neqoperf	noqperf	12174.500000	44055.500000	0.276345	0.275622	0.278033	loss
stream_churn	syscall	loopback	streams_per_second	neqoperf	quicheperf	12174.500000	74756.000000	0.162856	0.162070	0.165056	loss
stream_churn	syscall	loopback	streams_per_second	neqoperf	quiczigperf	12174.500000	3869.000000	3.146679	3.131704	3.161244	win
stream_churn	syscall	loopback	streams_per_second	neqoperf	quinnperf	12174.500000	52025.500000	0.234010	0.229665	0.240035	loss
stream_churn	syscall	loopback	streams_per_second	neqoperf	s2nperf	12174.500000	38983.500000	0.312299	0.310259	0.314299	loss
stream_churn	syscall	loopback	streams_per_second	neqoperf	tquicperf	12174.500000	178272.000000	0.068292	0.067749	0.068685	loss
stream_churn	syscall	loopback	streams_per_second	neqoperf	xquicperf	12174.500000	20325.000000	0.598991	0.590694	0.606938	loss
stream_churn	syscall	loopback	streams_per_second	ngtcp2perf	noqperf	52478.250000	44055.500000	1.191185	1.183613	1.203901	win
stream_churn	syscall	loopback	streams_per_second	ngtcp2perf	quicheperf	52478.250000	74756.000000	0.701994	0.696250	0.711857	loss
stream_churn	syscall	loopback	streams_per_second	ngtcp2perf	quiczigperf	52478.250000	3869.000000	13.563776	13.466427	13.706771	win
stream_churn	syscall	loopback	streams_per_second	ngtcp2perf	quinnperf	52478.250000	52025.500000	1.008702	0.988648	1.033410	statistical_tie
stream_churn	syscall	loopback	streams_per_second	ngtcp2perf	s2nperf	52478.250000	38983.500000	1.346166	1.333078	1.360414	win
stream_churn	syscall	loopback	streams_per_second	ngtcp2perf	tquicperf	52478.250000	178272.000000	0.294372	0.291156	0.297174	loss
stream_churn	syscall	loopback	streams_per_second	ngtcp2perf	xquicperf	52478.250000	20325.000000	2.581956	2.541074	2.619296	win
stream_churn	syscall	loopback	streams_per_second	noqperf	quicheperf	44055.500000	74756.000000	0.589324	0.585687	0.596152	loss
stream_churn	syscall	loopback	streams_per_second	noqperf	quiczigperf	44055.500000	3869.000000	11.386792	11.327116	11.427155	win
stream_churn	syscall	loopback	streams_per_second	noqperf	quinnperf	44055.500000	52025.500000	0.846806	0.831075	0.867352	loss
stream_churn	syscall	loopback	streams_per_second	noqperf	s2nperf	44055.500000	38983.500000	1.130106	1.121319	1.136019	win
stream_churn	syscall	loopback	streams_per_second	noqperf	tquicperf	44055.500000	178272.000000	0.247125	0.244847	0.248166	loss
stream_churn	syscall	loopback	streams_per_second	noqperf	xquicperf	44055.500000	20325.000000	2.167552	2.134667	2.194381	win
stream_churn	syscall	loopback	streams_per_second	quicheperf	quiczigperf	74756.000000	3869.000000	19.321789	19.093309	19.406856	win
stream_churn	syscall	loopback	streams_per_second	quicheperf	quinnperf	74756.000000	52025.500000	1.436911	1.403405	1.471535	win
stream_churn	syscall	loopback	streams_per_second	quicheperf	s2nperf	74756.000000	38983.500000	1.917632	1.891753	1.930024	win
stream_churn	syscall	loopback	streams_per_second	quicheperf	tquicperf	74756.000000	178272.000000	0.419337	0.413159	0.421722	loss
stream_churn	syscall	loopback	streams_per_second	quicheperf	xquicperf	74756.000000	20325.000000	3.678032	3.615318	3.729261	win
stream_churn	syscall	loopback	streams_per_second	quiczigperf	quinnperf	3869.000000	52025.500000	0.074367	0.072999	0.076254	loss
stream_churn	syscall	loopback	streams_per_second	quiczigperf	s2nperf	3869.000000	38983.500000	0.099247	0.098597	0.099813	loss
stream_churn	syscall	loopback	streams_per_second	quiczigperf	tquicperf	3869.000000	178272.000000	0.021703	0.021536	0.021836	loss
stream_churn	syscall	loopback	streams_per_second	quiczigperf	xquicperf	3869.000000	20325.000000	0.190357	0.187701	0.192876	loss
stream_churn	syscall	loopback	streams_per_second	quinnperf	s2nperf	52025.500000	38983.500000	1.334552	1.301485	1.360222	win
stream_churn	syscall	loopback	streams_per_second	quinnperf	tquicperf	52025.500000	178272.000000	0.291832	0.284237	0.297165	loss
stream_churn	syscall	loopback	streams_per_second	quinnperf	xquicperf	52025.500000	20325.000000	2.559680	2.491193	2.621042	win
stream_churn	syscall	loopback	streams_per_second	s2nperf	tquicperf	38983.500000	178272.000000	0.218674	0.216721	0.220401	loss
stream_churn	syscall	loopback	streams_per_second	s2nperf	xquicperf	38983.500000	20325.000000	1.918007	1.890115	1.945600	win
stream_churn	syscall	loopback	streams_per_second	tquicperf	xquicperf	178272.000000	20325.000000	8.771070	8.648733	8.911905	win
upload	iouring	loopback	throughput_gbps	lsperf	neqoperf	23.576319	4.470694	5.273526	5.208771	5.392032	win
upload	iouring	loopback	throughput_gbps	lsperf	ngtcp2perf	23.576319	22.269845	1.058666	1.048548	1.087025	win
upload	iouring	loopback	throughput_gbps	lsperf	noqperf	23.576319	3.423858	6.885893	6.825743	7.032902	win
upload	iouring	loopback	throughput_gbps	lsperf	picoperf	23.576319	14.549216	1.620453	1.595325	1.663898	win
upload	iouring	loopback	throughput_gbps	lsperf	quicheperf	23.576319	13.754891	1.714032	1.680964	1.751186	win
upload	iouring	loopback	throughput_gbps	lsperf	quiczigperf	23.576319	10.639901	2.215840	2.182951	2.273614	win
upload	iouring	loopback	throughput_gbps	lsperf	quinnperf	23.576319	4.247289	5.550910	5.503689	5.669634	win
upload	iouring	loopback	throughput_gbps	lsperf	xquicperf	23.576319	2.159571	10.917133	10.791327	11.196886	win
upload	iouring	loopback	throughput_gbps	neqoperf	ngtcp2perf	4.470694	22.269845	0.200751	0.199749	0.203053	loss
upload	iouring	loopback	throughput_gbps	neqoperf	noqperf	4.470694	3.423858	1.305747	1.299727	1.314514	win
upload	iouring	loopback	throughput_gbps	neqoperf	picoperf	4.470694	14.549216	0.307281	0.303860	0.310273	loss
upload	iouring	loopback	throughput_gbps	neqoperf	quicheperf	4.470694	13.754891	0.325026	0.320354	0.327233	loss
upload	iouring	loopback	throughput_gbps	neqoperf	quiczigperf	4.470694	10.639901	0.420182	0.415779	0.424959	loss
upload	iouring	loopback	throughput_gbps	neqoperf	quinnperf	4.470694	4.247289	1.052599	1.047904	1.059706	win
upload	iouring	loopback	throughput_gbps	neqoperf	xquicperf	4.470694	2.159571	2.070177	2.054942	2.095236	win
upload	iouring	loopback	throughput_gbps	ngtcp2perf	noqperf	22.269845	3.423858	6.504313	6.437843	6.517984	win
upload	iouring	loopback	throughput_gbps	ngtcp2perf	picoperf	22.269845	14.549216	1.530656	1.508560	1.544491	win
upload	iouring	loopback	throughput_gbps	ngtcp2perf	quicheperf	22.269845	13.754891	1.619049	1.591684	1.622971	win
upload	iouring	loopback	throughput_gbps	ngtcp2perf	quiczigperf	22.269845	10.639901	2.093050	2.062167	2.108442	win
upload	iouring	loopback	throughput_gbps	ngtcp2perf	quinnperf	22.269845	4.247289	5.243308	5.189872	5.254528	win
upload	iouring	loopback	throughput_gbps	ngtcp2perf	xquicperf	22.269845	2.159571	10.312164	10.183324	10.407190	win
upload	iouring	loopback	throughput_gbps	noqperf	picoperf	3.423858	14.549216	0.235329	0.232742	0.237366	loss
upload	iouring	loopback	throughput_gbps	noqperf	quicheperf	3.423858	13.754891	0.248919	0.245729	0.249674	loss
upload	iouring	loopback	throughput_gbps	noqperf	quiczigperf	3.423858	10.639901	0.321794	0.318921	0.324180	loss
upload	iouring	loopback	throughput_gbps	noqperf	quinnperf	3.423858	4.247289	0.806128	0.805874	0.808343	loss
upload	iouring	loopback	throughput_gbps	noqperf	xquicperf	3.423858	2.159571	1.585435	1.577336	1.598890	win
upload	iouring	loopback	throughput_gbps	picoperf	quicheperf	14.549216	13.754891	1.057749	1.038116	1.069730	win
upload	iouring	loopback	throughput_gbps	picoperf	quiczigperf	14.549216	10.639901	1.367420	1.348268	1.385862	win
upload	iouring	loopback	throughput_gbps	picoperf	quinnperf	14.549216	4.247289	3.425530	3.398132	3.463672	win
upload	iouring	loopback	throughput_gbps	picoperf	xquicperf	14.549216	2.159571	6.737088	6.663186	6.831635	win
upload	iouring	loopback	throughput_gbps	quicheperf	quiczigperf	13.754891	10.639901	1.292765	1.280828	1.316325	win
upload	iouring	loopback	throughput_gbps	quicheperf	quinnperf	13.754891	4.247289	3.238511	3.236862	3.280687	win
upload	iouring	loopback	throughput_gbps	quicheperf	xquicperf	13.754891	2.159571	6.369272	6.336256	6.489143	win
upload	iouring	loopback	throughput_gbps	quiczigperf	quinnperf	10.639901	4.247289	2.505104	2.487082	2.527738	win
upload	iouring	loopback	throughput_gbps	quiczigperf	xquicperf	10.639901	2.159571	4.926860	4.877101	4.998938	win
upload	iouring	loopback	throughput_gbps	quinnperf	xquicperf	4.247289	2.159571	1.966729	1.956607	1.982779	win
upload	syscall	loopback	throughput_gbps	mvfstperf	ngtcp2perf	8.247589	31.047352	0.265645	0.264144	0.270429	loss
upload	syscall	loopback	throughput_gbps	mvfstperf	noqperf	8.247589	2.862236	2.881520	2.868949	2.889073	win
upload	syscall	loopback	throughput_gbps	mvfstperf	picoperf	8.247589	15.823322	0.521230	0.518857	0.523616	loss
upload	syscall	loopback	throughput_gbps	mvfstperf	quicheperf	8.247589	14.794150	0.557490	0.553413	0.561354	loss
upload	syscall	loopback	throughput_gbps	mvfstperf	quiczigperf	8.247589	10.642417	0.774973	0.767137	0.778828	loss
upload	syscall	loopback	throughput_gbps	mvfstperf	quinnperf	8.247589	3.450073	2.390555	2.374999	2.405701	win
upload	syscall	loopback	throughput_gbps	mvfstperf	s2nperf	8.247589	6.797656	1.213299	1.202996	1.229011	win
upload	syscall	loopback	throughput_gbps	mvfstperf	tquicperf	8.247589	14.251444	0.578720	0.571392	0.585536	loss
upload	syscall	loopback	throughput_gbps	mvfstperf	xquicperf	8.247589	3.952632	2.086607	2.067974	2.110300	win
upload	syscall	loopback	throughput_gbps	ngtcp2perf	noqperf	31.047352	2.862236	10.847237	10.659482	10.884658	win
upload	syscall	loopback	throughput_gbps	ngtcp2perf	picoperf	31.047352	15.823322	1.962126	1.926370	1.972788	win
upload	syscall	loopback	throughput_gbps	ngtcp2perf	quicheperf	31.047352	14.794150	2.098624	2.061684	2.113951	win
upload	syscall	loopback	throughput_gbps	ngtcp2perf	quiczigperf	31.047352	10.642417	2.917321	2.862426	2.931979	win
upload	syscall	loopback	throughput_gbps	ngtcp2perf	quinnperf	31.047352	3.450073	8.999042	8.825859	9.056003	win
upload	syscall	loopback	throughput_gbps	ngtcp2perf	s2nperf	31.047352	6.797656	4.567361	4.476480	4.625835	win
upload	syscall	loopback	throughput_gbps	ngtcp2perf	tquicperf	31.047352	14.251444	2.178541	2.130091	2.206706	win
upload	syscall	loopback	throughput_gbps	ngtcp2perf	xquicperf	31.047352	3.952632	7.854854	7.695616	7.945222	win
upload	syscall	loopback	throughput_gbps	noqperf	picoperf	2.862236	15.823322	0.180887	0.180595	0.181538	loss
upload	syscall	loopback	throughput_gbps	noqperf	quicheperf	2.862236	14.794150	0.193471	0.192338	0.194598	loss
upload	syscall	loopback	throughput_gbps	noqperf	quiczigperf	2.862236	10.642417	0.268946	0.266593	0.270104	loss
upload	syscall	loopback	throughput_gbps	noqperf	quinnperf	2.862236	3.450073	0.829616	0.825035	0.834020	loss
upload	syscall	loopback	throughput_gbps	noqperf	s2nperf	2.862236	6.797656	0.421062	0.417887	0.426156	loss
upload	syscall	loopback	throughput_gbps	noqperf	tquicperf	2.862236	14.251444	0.200838	0.198719	0.202945	loss
upload	syscall	loopback	throughput_gbps	noqperf	xquicperf	2.862236	3.952632	0.724134	0.719265	0.732357	loss
upload	syscall	loopback	throughput_gbps	picoperf	quicheperf	15.823322	14.794150	1.069566	1.061461	1.076270	win
upload	syscall	loopback	throughput_gbps	picoperf	quiczigperf	15.823322	10.642417	1.486817	1.470614	1.493501	win
upload	syscall	loopback	throughput_gbps	picoperf	quinnperf	15.823322	3.450073	4.586373	4.552049	4.613507	win
upload	syscall	loopback	throughput_gbps	picoperf	s2nperf	15.823322	6.797656	2.327762	2.310089	2.357752	win
upload	syscall	loopback	throughput_gbps	picoperf	tquicperf	15.823322	14.251444	1.110296	1.096411	1.122433	win
upload	syscall	loopback	throughput_gbps	picoperf	xquicperf	15.823322	3.952632	4.003236	3.967709	4.048692	win
upload	syscall	loopback	throughput_gbps	quicheperf	quiczigperf	14.794150	10.642417	1.390112	1.375238	1.400496	win
upload	syscall	loopback	throughput_gbps	quicheperf	quinnperf	14.794150	3.450073	4.288069	4.253746	4.324828	win
upload	syscall	loopback	throughput_gbps	quicheperf	s2nperf	14.794150	6.797656	2.176360	2.154864	2.207478	win
upload	syscall	loopback	throughput_gbps	quicheperf	tquicperf	14.794150	14.251444	1.038081	1.023607	1.052674	win
upload	syscall	loopback	throughput_gbps	quicheperf	xquicperf	14.794150	3.952632	3.742860	3.703828	3.785980	win
upload	syscall	loopback	throughput_gbps	quiczigperf	quinnperf	10.642417	3.450073	3.084693	3.062856	3.120219	win
upload	syscall	loopback	throughput_gbps	quiczigperf	s2nperf	10.642417	6.797656	1.565601	1.552511	1.589938	win
upload	syscall	loopback	throughput_gbps	quiczigperf	tquicperf	10.642417	14.251444	0.746761	0.737722	0.757106	loss
upload	syscall	loopback	throughput_gbps	quiczigperf	xquicperf	10.642417	3.952632	2.692488	2.669835	2.729083	win
upload	syscall	loopback	throughput_gbps	quinnperf	s2nperf	3.450073	6.797656	0.507539	0.502718	0.514755	loss
upload	syscall	loopback	throughput_gbps	quinnperf	tquicperf	3.450073	14.251444	0.242086	0.238849	0.245062	loss
upload	syscall	loopback	throughput_gbps	quinnperf	xquicperf	3.450073	3.952632	0.872854	0.864088	0.882766	loss
upload	syscall	loopback	throughput_gbps	s2nperf	tquicperf	6.797656	14.251444	0.476980	0.468107	0.484046	loss
upload	syscall	loopback	throughput_gbps	s2nperf	xquicperf	6.797656	3.952632	1.719779	1.691585	1.741908	win
upload	syscall	loopback	throughput_gbps	tquicperf	xquicperf	14.251444	3.952632	3.605558	3.547300	3.665022	win
zero_rtt_reqresp	iouring	loopback	requests_per_second	lsperf	mvfstperf	51964.500000	10527.000000	4.936307	4.905153	4.955410	win
zero_rtt_reqresp	iouring	loopback	requests_per_second	lsperf	neqoperf	51964.500000	10783.250000	4.819002	4.763086	4.846131	win
zero_rtt_reqresp	iouring	loopback	requests_per_second	lsperf	ngtcp2perf	51964.500000	41830.750000	1.242256	1.232471	1.248924	win
zero_rtt_reqresp	iouring	loopback	requests_per_second	lsperf	noqperf	51964.500000	32764.500000	1.586000	1.576066	1.591601	win
zero_rtt_reqresp	iouring	loopback	requests_per_second	lsperf	picoperf	51964.500000	30601.750000	1.698089	1.674441	1.716213	win
zero_rtt_reqresp	iouring	loopback	requests_per_second	lsperf	quicheperf	51964.500000	46529.000000	1.116820	1.108418	1.129025	win
zero_rtt_reqresp	iouring	loopback	requests_per_second	lsperf	quiczigperf	51964.500000	3666.500000	14.172781	14.059780	14.246141	win
zero_rtt_reqresp	iouring	loopback	requests_per_second	lsperf	quinnperf	51964.500000	32764.750000	1.585988	1.576042	1.591601	win
zero_rtt_reqresp	iouring	loopback	requests_per_second	lsperf	s2nperf	51964.500000	43378.500000	1.197932	1.186355	1.208129	win
zero_rtt_reqresp	iouring	loopback	requests_per_second	lsperf	tquicperf	51964.500000	152698.000000	0.340309	0.336599	0.342513	loss
zero_rtt_reqresp	iouring	loopback	requests_per_second	lsperf	xquicperf	51964.500000	18138.750000	2.864834	2.843283	2.879872	win
zero_rtt_reqresp	iouring	loopback	requests_per_second	mvfstperf	neqoperf	10527.000000	10783.250000	0.976236	0.969707	0.979439	loss
zero_rtt_reqresp	iouring	loopback	requests_per_second	mvfstperf	ngtcp2perf	10527.000000	41830.750000	0.251657	0.250760	0.252437	loss
zero_rtt_reqresp	iouring	loopback	requests_per_second	mvfstperf	noqperf	10527.000000	32764.500000	0.321293	0.320408	0.321362	loss
zero_rtt_reqresp	iouring	loopback	requests_per_second	mvfstperf	picoperf	10527.000000	30601.750000	0.344000	0.340652	0.346733	loss
zero_rtt_reqresp	iouring	loopback	requests_per_second	mvfstperf	quicheperf	10527.000000	46529.000000	0.226246	0.225337	0.228335	loss
zero_rtt_reqresp	iouring	loopback	requests_per_second	mvfstperf	quiczigperf	10527.000000	3666.500000	2.871131	2.860402	2.881246	win
zero_rtt_reqresp	iouring	loopback	requests_per_second	mvfstperf	quinnperf	10527.000000	32764.750000	0.321290	0.320403	0.321362	loss
zero_rtt_reqresp	iouring	loopback	requests_per_second	mvfstperf	s2nperf	10527.000000	43378.500000	0.242678	0.241159	0.244286	loss
zero_rtt_reqresp	iouring	loopback	requests_per_second	mvfstperf	tquicperf	10527.000000	152698.000000	0.068940	0.068188	0.069267	loss
zero_rtt_reqresp	iouring	loopback	requests_per_second	mvfstperf	xquicperf	10527.000000	18138.750000	0.580360	0.578451	0.582689	loss
zero_rtt_reqresp	iouring	loopback	requests_per_second	neqoperf	ngtcp2perf	10783.250000	41830.750000	0.257783	0.256547	0.259977	loss
zero_rtt_reqresp	iouring	loopback	requests_per_second	neqoperf	noqperf	10783.250000	32764.500000	0.329114	0.328053	0.331227	loss
zero_rtt_reqresp	iouring	loopback	requests_per_second	neqoperf	picoperf	10783.250000	30601.750000	0.352374	0.348588	0.357181	loss
zero_rtt_reqresp	iouring	loopback	requests_per_second	neqoperf	quicheperf	10783.250000	46529.000000	0.231753	0.230712	0.234814	loss
zero_rtt_reqresp	iouring	loopback	requests_per_second	neqoperf	quiczigperf	10783.250000	3666.500000	2.941020	2.925116	2.965366	win
zero_rtt_reqresp	iouring	loopback	requests_per_second	neqoperf	quinnperf	10783.250000	32764.750000	0.329111	0.328048	0.331227	loss
zero_rtt_reqresp	iouring	loopback	requests_per_second	neqoperf	s2nperf	10783.250000	43378.500000	0.248585	0.246851	0.251296	loss
zero_rtt_reqresp	iouring	loopback	requests_per_second	neqoperf	tquicperf	10783.250000	152698.000000	0.070618	0.069824	0.071300	loss
zero_rtt_reqresp	iouring	loopback	requests_per_second	neqoperf	xquicperf	10783.250000	18138.750000	0.594487	0.591656	0.599329	loss
zero_rtt_reqresp	iouring	loopback	requests_per_second	ngtcp2perf	noqperf	41830.750000	32764.500000	1.276710	1.272765	1.280013	win
zero_rtt_reqresp	iouring	loopback	requests_per_second	ngtcp2perf	picoperf	41830.750000	30601.750000	1.366940	1.351245	1.380265	win
zero_rtt_reqresp	iouring	loopback	requests_per_second	ngtcp2perf	quicheperf	41830.750000	46529.000000	0.899025	0.895112	0.908211	loss
zero_rtt_reqresp	iouring	loopback	requests_per_second	ngtcp2perf	quiczigperf	41830.750000	3666.500000	11.408905	11.355822	11.459526	win
zero_rtt_reqresp	iouring	loopback	requests_per_second	ngtcp2perf	quinnperf	41830.750000	32764.750000	1.276700	1.272745	1.280013	win
zero_rtt_reqresp	iouring	loopback	requests_per_second	ngtcp2perf	s2nperf	41830.750000	43378.500000	0.964320	0.957607	0.971614	loss
zero_rtt_reqresp	iouring	loopback	requests_per_second	ngtcp2perf	tquicperf	41830.750000	152698.000000	0.273944	0.270778	0.275524	loss
zero_rtt_reqresp	iouring	loopback	requests_per_second	ngtcp2perf	xquicperf	41830.750000	18138.750000	2.306154	2.296034	2.317360	win
zero_rtt_reqresp	iouring	loopback	requests_per_second	noqperf	picoperf	32764.500000	30601.750000	1.070674	1.060580	1.079182	win
zero_rtt_reqresp	iouring	loopback	requests_per_second	noqperf	quicheperf	32764.500000	46529.000000	0.704174	0.703007	0.710642	loss
zero_rtt_reqresp	iouring	loopback	requests_per_second	noqperf	quiczigperf	32764.500000	3666.500000	8.936179	8.913085	8.970431	win
zero_rtt_reqresp	iouring	loopback	requests_per_second	noqperf	quinnperf	32764.500000	32764.750000	0.999992	0.999985	1.000008	statistical_tie
zero_rtt_reqresp	iouring	loopback	requests_per_second	noqperf	s2nperf	32764.500000	43378.500000	0.755317	0.751617	0.760321	loss
zero_rtt_reqresp	iouring	loopback	requests_per_second	noqperf	tquicperf	32764.500000	152698.000000	0.214571	0.212231	0.215588	loss
zero_rtt_reqresp	iouring	loopback	requests_per_second	noqperf	xquicperf	32764.500000	18138.750000	1.806326	1.800940	1.813575	win
zero_rtt_reqresp	iouring	loopback	requests_per_second	picoperf	quicheperf	30601.750000	46529.000000	0.657692	0.651660	0.667767	loss
zero_rtt_reqresp	iouring	loopback	requests_per_second	picoperf	quiczigperf	30601.750000	3666.500000	8.346311	8.262310	8.439557	win
zero_rtt_reqresp	iouring	loopback	requests_per_second	picoperf	quinnperf	30601.750000	32764.750000	0.933984	0.926614	0.942880	loss
zero_rtt_reqresp	iouring	loopback	requests_per_second	picoperf	s2nperf	30601.750000	43378.500000	0.705459	0.697043	0.714449	loss
zero_rtt_reqresp	iouring	loopback	requests_per_second	picoperf	tquicperf	30601.750000	152698.000000	0.200407	0.197321	0.202805	loss
zero_rtt_reqresp	iouring	loopback	requests_per_second	picoperf	xquicperf	30601.750000	18138.750000	1.687093	1.671673	1.705558	win
zero_rtt_reqresp	iouring	loopback	requests_per_second	quicheperf	quiczigperf	46529.000000	3666.500000	12.690304	12.554255	12.741146	win
zero_rtt_reqresp	iouring	loopback	requests_per_second	quicheperf	quinnperf	46529.000000	32764.750000	1.420093	1.407157	1.422462	win
zero_rtt_reqresp	iouring	loopback	requests_per_second	quicheperf	s2nperf	46529.000000	43378.500000	1.072628	1.059154	1.081104	win
zero_rtt_reqresp	iouring	loopback	requests_per_second	quicheperf	tquicperf	46529.000000	152698.000000	0.304713	0.300735	0.306545	loss
zero_rtt_reqresp	iouring	loopback	requests_per_second	quicheperf	xquicperf	46529.000000	18138.750000	2.565171	2.539478	2.578731	win
zero_rtt_reqresp	iouring	loopback	requests_per_second	quiczigperf	quinnperf	3666.500000	32764.750000	0.111904	0.111477	0.112195	loss
zero_rtt_reqresp	iouring	loopback	requests_per_second	quiczigperf	s2nperf	3666.500000	43378.500000	0.084523	0.083955	0.085194	loss
zero_rtt_reqresp	iouring	loopback	requests_per_second	quiczigperf	tquicperf	3666.500000	152698.000000	0.024011	0.023748	0.024166	loss
zero_rtt_reqresp	iouring	loopback	requests_per_second	quiczigperf	xquicperf	3666.500000	18138.750000	0.202136	0.201204	0.203148	loss
zero_rtt_reqresp	iouring	loopback	requests_per_second	quinnperf	s2nperf	32764.750000	43378.500000	0.755322	0.751617	0.760332	loss
zero_rtt_reqresp	iouring	loopback	requests_per_second	quinnperf	tquicperf	32764.750000	152698.000000	0.214572	0.212233	0.215591	loss
zero_rtt_reqresp	iouring	loopback	requests_per_second	quinnperf	xquicperf	32764.750000	18138.750000	1.806340	1.800954	1.813603	win
zero_rtt_reqresp	iouring	loopback	requests_per_second	s2nperf	tquicperf	43378.500000	152698.000000	0.284080	0.280983	0.286568	loss
zero_rtt_reqresp	iouring	loopback	requests_per_second	s2nperf	xquicperf	43378.500000	18138.750000	2.391482	2.374006	2.407818	win
zero_rtt_reqresp	iouring	loopback	requests_per_second	tquicperf	xquicperf	152698.000000	18138.750000	8.418331	8.365580	8.514049	win
zero_rtt_reqresp	syscall	loopback	requests_per_second	lsperf	mvfstperf	114950.500000	10880.000000	10.565303	10.504963	10.675781	win
zero_rtt_reqresp	syscall	loopback	requests_per_second	lsperf	neqoperf	114950.500000	10569.000000	10.876195	10.808965	10.989923	win
zero_rtt_reqresp	syscall	loopback	requests_per_second	lsperf	ngtcp2perf	114950.500000	45569.250000	2.522545	2.507685	2.550840	win
zero_rtt_reqresp	syscall	loopback	requests_per_second	lsperf	noqperf	114950.500000	32764.750000	3.508359	3.488322	3.545045	win
zero_rtt_reqresp	syscall	loopback	requests_per_second	lsperf	picoperf	114950.500000	56002.750000	2.052587	2.032418	2.075616	win
zero_rtt_reqresp	syscall	loopback	requests_per_second	lsperf	quicheperf	114950.500000	65327.250000	1.759610	1.742320	1.778085	win
zero_rtt_reqresp	syscall	loopback	requests_per_second	lsperf	quiczigperf	114950.500000	3663.750000	31.375094	31.189521	31.704940	win
zero_rtt_reqresp	syscall	loopback	requests_per_second	lsperf	quinnperf	114950.500000	32765.000000	3.508332	3.488295	3.545018	win
zero_rtt_reqresp	syscall	loopback	requests_per_second	lsperf	s2nperf	114950.500000	41651.500000	2.759817	2.733358	2.789467	win
zero_rtt_reqresp	syscall	loopback	requests_per_second	lsperf	tquicperf	114950.500000	154448.000000	0.744267	0.739544	0.753239	loss
zero_rtt_reqresp	syscall	loopback	requests_per_second	lsperf	xquicperf	114950.500000	20543.750000	5.595400	5.545748	5.653909	win
zero_rtt_reqresp	syscall	loopback	requests_per_second	mvfstperf	neqoperf	10880.000000	10569.000000	1.029426	1.026324	1.030975	win
zero_rtt_reqresp	syscall	loopback	requests_per_second	mvfstperf	ngtcp2perf	10880.000000	45569.250000	0.238757	0.238364	0.240003	loss
zero_rtt_reqresp	syscall	loopback	requests_per_second	mvfstperf	noqperf	10880.000000	32764.750000	0.332064	0.331993	0.332227	loss
zero_rtt_reqresp	syscall	loopback	requests_per_second	mvfstperf	picoperf	10880.000000	56002.750000	0.194276	0.192825	0.195504	loss
zero_rtt_reqresp	syscall	loopback	requests_per_second	mvfstperf	quicheperf	10880.000000	65327.250000	0.166546	0.165298	0.167637	loss
zero_rtt_reqresp	syscall	loopback	requests_per_second	mvfstperf	quiczigperf	10880.000000	3663.750000	2.969635	2.963094	2.979061	win
zero_rtt_reqresp	syscall	loopback	requests_per_second	mvfstperf	quinnperf	10880.000000	32765.000000	0.332062	0.331993	0.332227	loss
zero_rtt_reqresp	syscall	loopback	requests_per_second	mvfstperf	s2nperf	10880.000000	41651.500000	0.261215	0.259202	0.262104	loss
zero_rtt_reqresp	syscall	loopback	requests_per_second	mvfstperf	tquicperf	10880.000000	154448.000000	0.070444	0.070151	0.070930	loss
zero_rtt_reqresp	syscall	loopback	requests_per_second	mvfstperf	xquicperf	10880.000000	20543.750000	0.529601	0.526101	0.531185	loss
zero_rtt_reqresp	syscall	loopback	requests_per_second	neqoperf	ngtcp2perf	10569.000000	45569.250000	0.231933	0.231457	0.233302	loss
zero_rtt_reqresp	syscall	loopback	requests_per_second	neqoperf	noqperf	10569.000000	32764.750000	0.322572	0.322204	0.323483	loss
zero_rtt_reqresp	syscall	loopback	requests_per_second	neqoperf	picoperf	10569.000000	56002.750000	0.188723	0.187180	0.189994	loss
zero_rtt_reqresp	syscall	loopback	requests_per_second	neqoperf	quicheperf	10569.000000	65327.250000	0.161785	0.160504	0.162923	loss
zero_rtt_reqresp	syscall	loopback	requests_per_second	neqoperf	quiczigperf	10569.000000	3663.750000	2.884749	2.876668	2.895990	win
zero_rtt_reqresp	syscall	loopback	requests_per_second	neqoperf	quinnperf	10569.000000	32765.000000	0.322570	0.322204	0.323483	loss
zero_rtt_reqresp	syscall	loopback	requests_per_second	neqoperf	s2nperf	10569.000000	41651.500000	0.253748	0.251687	0.254863	loss
zero_rtt_reqresp	syscall	loopback	requests_per_second	neqoperf	tquicperf	10569.000000	154448.000000	0.068431	0.068141	0.068931	loss
zero_rtt_reqresp	syscall	loopback	requests_per_second	neqoperf	xquicperf	10569.000000	20543.750000	0.514463	0.510811	0.516563	loss
zero_rtt_reqresp	syscall	loopback	requests_per_second	ngtcp2perf	noqperf	45569.250000	32764.750000	1.390801	1.384084	1.392979	win
zero_rtt_reqresp	syscall	loopback	requests_per_second	ngtcp2perf	picoperf	45569.250000	56002.750000	0.813697	0.806015	0.818911	loss
zero_rtt_reqresp	syscall	loopback	requests_per_second	ngtcp2perf	quicheperf	45569.250000	65327.250000	0.697553	0.691027	0.702184	loss
zero_rtt_reqresp	syscall	loopback	requests_per_second	ngtcp2perf	quiczigperf	45569.250000	3663.750000	12.437871	12.363469	12.478445	win
zero_rtt_reqresp	syscall	loopback	requests_per_second	ngtcp2perf	quinnperf	45569.250000	32765.000000	1.390790	1.384084	1.392979	win
zero_rtt_reqresp	syscall	loopback	requests_per_second	ngtcp2perf	s2nperf	45569.250000	41651.500000	1.094060	1.083141	1.098181	win
zero_rtt_reqresp	syscall	loopback	requests_per_second	ngtcp2perf	tquicperf	45569.250000	154448.000000	0.295046	0.292931	0.297108	loss
zero_rtt_reqresp	syscall	loopback	requests_per_second	ngtcp2perf	xquicperf	45569.250000	20543.750000	2.218156	2.198650	2.225192	win
zero_rtt_reqresp	syscall	loopback	requests_per_second	noqperf	picoperf	32764.750000	56002.750000	0.585056	0.580735	0.588542	loss
zero_rtt_reqresp	syscall	loopback	requests_per_second	noqperf	quicheperf	32764.750000	65327.250000	0.501548	0.497808	0.504651	loss
zero_rtt_reqresp	syscall	loopback	requests_per_second	noqperf	quiczigperf	32764.750000	3663.750000	8.942955	8.924009	8.968113	win
zero_rtt_reqresp	syscall	loopback	requests_per_second	noqperf	quinnperf	32764.750000	32765.000000	0.999992	0.999985	1.000015	statistical_tie
zero_rtt_reqresp	syscall	loopback	requests_per_second	noqperf	s2nperf	32764.750000	41651.500000	0.786640	0.780578	0.789033	loss
zero_rtt_reqresp	syscall	loopback	requests_per_second	noqperf	tquicperf	32764.750000	154448.000000	0.212141	0.211326	0.213528	loss
zero_rtt_reqresp	syscall	loopback	requests_per_second	noqperf	xquicperf	32764.750000	20543.750000	1.594877	1.584395	1.599646	win
zero_rtt_reqresp	syscall	loopback	requests_per_second	picoperf	quicheperf	56002.750000	65327.250000	0.857265	0.848729	0.865617	loss
zero_rtt_reqresp	syscall	loopback	requests_per_second	picoperf	quiczigperf	56002.750000	3663.750000	15.285636	15.185877	15.417133	win
zero_rtt_reqresp	syscall	loopback	requests_per_second	picoperf	quinnperf	56002.750000	32765.000000	1.709225	1.699115	1.721955	win
zero_rtt_reqresp	syscall	loopback	requests_per_second	picoperf	s2nperf	56002.750000	41651.500000	1.344555	1.331392	1.356259	win
zero_rtt_reqresp	syscall	loopback	requests_per_second	picoperf	tquicperf	56002.750000	154448.000000	0.362599	0.360099	0.366393	loss
zero_rtt_reqresp	syscall	loopback	requests_per_second	picoperf	xquicperf	56002.750000	20543.750000	2.726024	2.698903	2.750268	win
zero_rtt_reqresp	syscall	loopback	requests_per_second	quicheperf	quiczigperf	65327.250000	3663.750000	17.830706	17.702611	17.976784	win
zero_rtt_reqresp	syscall	loopback	requests_per_second	quicheperf	quinnperf	65327.250000	32765.000000	1.993812	1.981566	2.008790	win
zero_rtt_reqresp	syscall	loopback	requests_per_second	quicheperf	s2nperf	65327.250000	41651.500000	1.568425	1.552715	1.581600	win
zero_rtt_reqresp	syscall	loopback	requests_per_second	quicheperf	tquicperf	65327.250000	154448.000000	0.422972	0.420033	0.427596	loss
zero_rtt_reqresp	syscall	loopback	requests_per_second	quicheperf	xquicperf	65327.250000	20543.750000	3.179909	3.151805	3.208016	win
zero_rtt_reqresp	syscall	loopback	requests_per_second	quiczigperf	quinnperf	3663.750000	32765.000000	0.111819	0.111506	0.112057	loss
zero_rtt_reqresp	syscall	loopback	requests_per_second	quiczigperf	s2nperf	3663.750000	41651.500000	0.087962	0.087215	0.088362	loss
zero_rtt_reqresp	syscall	loopback	requests_per_second	quiczigperf	tquicperf	3663.750000	154448.000000	0.023722	0.023589	0.023893	loss
zero_rtt_reqresp	syscall	loopback	requests_per_second	quiczigperf	xquicperf	3663.750000	20543.750000	0.178339	0.176962	0.178975	loss
zero_rtt_reqresp	syscall	loopback	requests_per_second	quinnperf	s2nperf	32765.000000	41651.500000	0.786646	0.780584	0.789033	loss
zero_rtt_reqresp	syscall	loopback	requests_per_second	quinnperf	tquicperf	32765.000000	154448.000000	0.212143	0.211323	0.213528	loss
zero_rtt_reqresp	syscall	loopback	requests_per_second	quinnperf	xquicperf	32765.000000	20543.750000	1.594889	1.584419	1.599658	win
zero_rtt_reqresp	syscall	loopback	requests_per_second	s2nperf	tquicperf	41651.500000	154448.000000	0.269680	0.268120	0.272666	loss
zero_rtt_reqresp	syscall	loopback	requests_per_second	s2nperf	xquicperf	41651.500000	20543.750000	2.027454	2.010977	2.044701	win
zero_rtt_reqresp	syscall	loopback	requests_per_second	tquicperf	xquicperf	154448.000000	20543.750000	7.518004	7.445498	7.557997	win
