binary	scenario	network	path_profile	adapter_features	congestion_controller	measurement_status	audit_status	publication_status	metric	selected_threads	mode	duration_ms	work_units	samples	blocks	p50	p50_ci95_low	p50_ci95_high	p50_ci95_relative_width	p90	p99	p99_status	reason
s2nperf	download	syscall	loopback	cc=cubic|manual_endpoint=s2n-quic|cpp_networkhub=on|udp_gso=common_cpp|udp_gro=on|runtime=none	cubic	complete	noisy	inconclusive	throughput_gbps	2	duration	2000		20	5	5.683281	5.647630	5.752750	0.018496	5.364305	1.896046	insufficient_order_stat_support	outliers_2
s2nperf	download	iouring	loopback	cc=cubic|manual_endpoint=s2n-quic|cpp_networkhub=on|udp_gso=common_cpp|udp_gro=on|runtime=none	cubic	complete	tail_insufficient	publishable	throughput_gbps	1	duration	2000		20	5	5.624134	5.605809	5.643978	0.006787	5.587153	5.566338	insufficient_order_stat_support	
s2nperf	upload	syscall	loopback	cc=cubic|manual_endpoint=s2n-quic|cpp_networkhub=on|udp_gso=common_cpp|udp_gro=on|runtime=none	cubic	complete	tail_insufficient	publishable	throughput_gbps	2	duration	2000		20	5	6.797656	6.717440	6.849298	0.019398	6.494618	6.474611	insufficient_order_stat_support	
s2nperf	upload	iouring	loopback	cc=cubic|manual_endpoint=s2n-quic|cpp_networkhub=on|udp_gso=common_cpp|udp_gro=on|runtime=none	cubic	complete	noisy	inconclusive	throughput_gbps	2	duration	2000		20	5	6.363939	6.137053	6.398148	0.041027	6.056706	5.854986	insufficient_order_stat_support	p50_ci_width_0.0410_gt_0.0300
s2nperf	connect	syscall	loopback	cc=cubic|manual_endpoint=s2n-quic|cpp_networkhub=on|udp_gso=common_cpp|udp_gro=on|runtime=none	cubic	complete	tail_insufficient	publishable	connections_per_second	16	work		8	20	5	295.299626	293.162292	300.299629	0.024170	275.595018	269.370401	insufficient_order_stat_support	
s2nperf	connect	iouring	loopback	cc=cubic|manual_endpoint=s2n-quic|cpp_networkhub=on|udp_gso=common_cpp|udp_gro=on|runtime=none	cubic	complete	tail_insufficient	publishable	connections_per_second	16	work		8	20	5	271.288505	267.280817	274.502805	0.026621	260.147786	249.439362	insufficient_order_stat_support	
s2nperf	reqresp	syscall	loopback	cc=cubic|manual_endpoint=s2n-quic|cpp_networkhub=on|udp_gso=common_cpp|udp_gro=on|runtime=none	cubic	complete	tail_insufficient	publishable	requests_per_second	4	duration	2000		20	5	39098.250000	39018.750000	39316.750000	0.007622	38666.350000	38424.115000	insufficient_order_stat_support	
s2nperf	reqresp	iouring	loopback	cc=cubic|manual_endpoint=s2n-quic|cpp_networkhub=on|udp_gso=common_cpp|udp_gro=on|runtime=none	cubic	complete	tail_insufficient	publishable	requests_per_second	4	duration	2000		20	5	40973.750000	40619.000000	41087.250000	0.011428	40224.650000	39912.485000	insufficient_order_stat_support	
s2nperf	stream_churn	syscall	loopback	cc=cubic|manual_endpoint=s2n-quic|cpp_networkhub=on|udp_gso=common_cpp|udp_gro=on|runtime=none	cubic	complete	tail_insufficient	publishable	streams_per_second	4	duration	2000		20	5	38983.500000	38776.500000	39225.500000	0.011518	38610.800000	38245.220000	insufficient_order_stat_support	
s2nperf	stream_churn	iouring	loopback	cc=cubic|manual_endpoint=s2n-quic|cpp_networkhub=on|udp_gso=common_cpp|udp_gro=on|runtime=none	cubic	complete	tail_insufficient	publishable	streams_per_second	4	duration	2000		20	5	41534.500000	40937.500000	41682.000000	0.017925	40537.650000	40307.745000	insufficient_order_stat_support	
s2nperf	multistream_download	syscall	loopback	cc=cubic|manual_endpoint=s2n-quic|cpp_networkhub=on|udp_gso=common_cpp|udp_gro=on|runtime=none	cubic	complete	tail_insufficient	publishable	throughput_gbps	16	duration	2000		20	5	1.073742	1.073742	1.073742	0.000000	1.073742	1.073742	insufficient_order_stat_support	
s2nperf	multistream_download	iouring	loopback	cc=cubic|manual_endpoint=s2n-quic|cpp_networkhub=on|udp_gso=common_cpp|udp_gro=on|runtime=none	cubic	complete	tail_insufficient	publishable	throughput_gbps	16	duration	2000		20	5	1.073742	1.073742	1.073742	0.000000	1.073742	1.073742	insufficient_order_stat_support	
s2nperf	multistream_upload	syscall	loopback	cc=cubic|manual_endpoint=s2n-quic|cpp_networkhub=on|udp_gso=common_cpp|udp_gro=on|runtime=none	cubic	complete	noisy	inconclusive	throughput_gbps	16	duration	2000		20	5	1.379926	1.317011	1.399849	0.060031	1.283142	1.216987	insufficient_order_stat_support	p50_ci_width_0.0600_gt_0.0300;drift_0.0469_gt_0.0300
s2nperf	multistream_upload	iouring	loopback	cc=cubic|manual_endpoint=s2n-quic|cpp_networkhub=on|udp_gso=common_cpp|udp_gro=on|runtime=none	cubic	complete	noisy	inconclusive	throughput_gbps	16	duration	2000		20	5	1.330643	1.285554	1.390412	0.078803	1.274754	1.254936	insufficient_order_stat_support	p50_ci_width_0.0788_gt_0.0300;block_median_ratio_1.1019_gt_1.1000;drift_0.0697_gt_0.0300
s2nperf	bidi	syscall	loopback	cc=cubic|manual_endpoint=s2n-quic|cpp_networkhub=on|udp_gso=common_cpp|udp_gro=on|runtime=none	cubic	complete	tail_insufficient	publishable	throughput_gbps	16	duration	2000		20	5	2.147484	2.147484	2.147484	0.000000	2.147484	2.147484	insufficient_order_stat_support	
s2nperf	bidi	iouring	loopback	cc=cubic|manual_endpoint=s2n-quic|cpp_networkhub=on|udp_gso=common_cpp|udp_gro=on|runtime=none	cubic	complete	tail_insufficient	publishable	throughput_gbps	16	duration	2000		20	5	2.147484	2.147484	2.147484	0.000000	2.147484	2.147484	insufficient_order_stat_support	
s2nperf	small_payload_pps	syscall	loopback	cc=cubic|manual_endpoint=s2n-quic|cpp_networkhub=on|udp_gso=common_cpp|udp_gro=on|runtime=none	cubic	complete	tail_insufficient	publishable	messages_per_second	4	duration	2000		20	5	39527.250000	39023.000000	39725.500000	0.017773	38878.300000	38414.170000	insufficient_order_stat_support	
s2nperf	small_payload_pps	iouring	loopback	cc=cubic|manual_endpoint=s2n-quic|cpp_networkhub=on|udp_gso=common_cpp|udp_gro=on|runtime=none	cubic	complete	tail_insufficient	publishable	messages_per_second	4	duration	2000		20	5	41379.750000	41341.750000	41469.000000	0.003075	40015.800000	39766.455000	insufficient_order_stat_support	
s2nperf	loss_recovery	syscall	loopback	cc=cubic|manual_endpoint=s2n-quic|cpp_networkhub=on|udp_gso=common_cpp|udp_gro=on|runtime=none	cubic	complete	noisy	inconclusive	throughput_gbps	2	duration	5000		20	5	5.574098	5.546660	5.836820	0.052055	5.281165	3.166362	insufficient_order_stat_support	block_median_ratio_1.1040_gt_1.1000;drift_-0.0601_gt_0.0300
s2nperf	loss_recovery	iouring	loopback	cc=cubic|manual_endpoint=s2n-quic|cpp_networkhub=on|udp_gso=common_cpp|udp_gro=on|runtime=none	cubic	complete	noisy	inconclusive	throughput_gbps	2	duration	5000		20	5	6.032927	5.918690	6.177808	0.042951	5.596301	3.065682	insufficient_order_stat_support	drift_0.0430_gt_0.0300
s2nperf	flow_control	syscall	loopback	cc=cubic|manual_endpoint=s2n-quic|cpp_networkhub=on|udp_gso=common_cpp|udp_gro=on|runtime=none	cubic	complete	tail_insufficient	publishable	throughput_gbps	2	duration	2000		20	5	4.887017	4.852021	4.908777	0.011614	4.705404	4.647769	insufficient_order_stat_support	
s2nperf	flow_control	iouring	loopback	cc=cubic|manual_endpoint=s2n-quic|cpp_networkhub=on|udp_gso=common_cpp|udp_gro=on|runtime=none	cubic	complete	tail_insufficient	publishable	throughput_gbps	2	duration	2000		20	5	4.950458	4.903534	5.019009	0.023326	4.856966	4.778479	insufficient_order_stat_support	
s2nperf	resumed_connect	syscall	loopback	cc=cubic|manual_endpoint=s2n-quic|cpp_networkhub=on|udp_gso=common_cpp|udp_gro=on|runtime=none	cubic	complete	tail_insufficient	publishable	connections_per_second	16	work		2	20	5	14.434214	14.407631	14.450591	0.002976	14.318729	14.257521	insufficient_order_stat_support	
s2nperf	resumed_connect	iouring	loopback	cc=cubic|manual_endpoint=s2n-quic|cpp_networkhub=on|udp_gso=common_cpp|udp_gro=on|runtime=none	cubic	complete	tail_insufficient	publishable	connections_per_second	16	work		2	20	5	14.934934	14.921945	14.939078	0.001147	14.804647	14.771511	insufficient_order_stat_support	
s2nperf	zero_rtt_reqresp	syscall	loopback	cc=cubic|manual_endpoint=s2n-quic|cpp_networkhub=on|udp_gso=common_cpp|udp_gro=on|runtime=none	cubic	complete	tail_insufficient	publishable	requests_per_second	4	duration	2000		20	5	41651.500000	41525.500000	41975.000000	0.010792	41335.350000	41136.270000	insufficient_order_stat_support	
s2nperf	zero_rtt_reqresp	iouring	loopback	cc=cubic|manual_endpoint=s2n-quic|cpp_networkhub=on|udp_gso=common_cpp|udp_gro=on|runtime=none	cubic	complete	tail_insufficient	publishable	requests_per_second	4	duration	2000		20	5	43378.500000	43093.000000	43592.000000	0.011503	42177.800000	41905.055000	insufficient_order_stat_support	
s2nperf	datagram	syscall	loopback	cc=cubic|manual_endpoint=s2n-quic|cpp_networkhub=on|udp_gso=common_cpp|udp_gro=on|runtime=none	cubic	complete	noisy	inconclusive	datagrams_per_second	4	duration	2000		20	5	2381133.250000	2332185.500000	2560241.250000	0.095776	2249303.500000	2099796.265000	insufficient_order_stat_support	p50_ci_width_0.0958_gt_0.0500;p80_p20_1.1541_gt_1.1500;block_median_ratio_1.2083_gt_1.1000
s2nperf	datagram	iouring	loopback	cc=cubic|manual_endpoint=s2n-quic|cpp_networkhub=on|udp_gso=common_cpp|udp_gro=on|runtime=none	cubic	complete	noisy	inconclusive	datagrams_per_second	8	duration	2000		20	5	2654584.000000	2610404.000000	2772127.500000	0.060922	2294118.000000	2209037.445000	insufficient_order_stat_support	p50_ci_width_0.0609_gt_0.0500;p80_p20_1.1992_gt_1.1500;block_median_ratio_1.1323_gt_1.1000
s2nperf	idle_footprint	syscall	loopback	cc=cubic|manual_endpoint=s2n-quic|cpp_networkhub=on|udp_gso=common_cpp|udp_gro=on|runtime=none	cubic	complete	noisy	inconclusive	server_rss_delta_bytes_per_connection	16	work			20	5	255360.000000	242560.000000	266240.000000	0.092732	277606.400000	283550.720000	insufficient_order_stat_support	p50_ci_width_0.0927_gt_0.0500;block_median_ratio_1.1737_gt_1.1000;drift_0.0541_gt_0.0300
s2nperf	idle_footprint	iouring	loopback	cc=cubic|manual_endpoint=s2n-quic|cpp_networkhub=on|udp_gso=common_cpp|udp_gro=on|runtime=none	cubic	complete	noisy	inconclusive	server_rss_delta_bytes_per_connection	16	work			20	5	267008.000000	254464.000000	284928.000000	0.114094	295987.200000	313889.280000	insufficient_order_stat_support	p50_ci_width_0.1141_gt_0.0500;p80_p20_1.1616_gt_1.1500;block_median_ratio_1.1437_gt_1.1000;drift_-0.0708_gt_0.0300
s2nperf	close_reset_cleanup	syscall	loopback	cc=cubic|manual_endpoint=s2n-quic|cpp_networkhub=on|udp_gso=common_cpp|udp_gro=on|runtime=none	cubic	complete	tail_insufficient	publishable	streams_per_second	4	duration	2000		20	5	39452.500000	39310.000000	39830.500000	0.013193	38780.600000	38065.235000	insufficient_order_stat_support	
s2nperf	close_reset_cleanup	iouring	loopback	cc=cubic|manual_endpoint=s2n-quic|cpp_networkhub=on|udp_gso=common_cpp|udp_gro=on|runtime=none	cubic	complete	tail_insufficient	publishable	streams_per_second	4	duration	2000		20	5	41611.750000	41375.000000	41647.500000	0.006549	40455.500000	39448.805000	insufficient_order_stat_support	
neqoperf	download	syscall	loopback	cc=cubic|sans_io=neqo-transport|cpp_networkhub=on|runtime=none|tls_verify=config_chain_preflight|udp_gso=common_cpp|udp_gro=on	cubic	complete	noisy	inconclusive	throughput_gbps	1	duration	2000		20	5	4.373999	4.330540	4.449433	0.027182	4.264276	4.244290	insufficient_order_stat_support	block_median_ratio_1.2389_gt_1.1000;outliers_3
neqoperf	download	iouring	loopback	cc=cubic|sans_io=neqo-transport|cpp_networkhub=on|runtime=none|tls_verify=config_chain_preflight|udp_gso=common_cpp|udp_gro=on	cubic	complete	tail_insufficient	publishable	throughput_gbps	1	duration	2000		20	5	4.392406	4.379336	4.421234	0.009539	4.332502	4.262454	insufficient_order_stat_support	
neqoperf	upload	syscall	loopback	cc=cubic|sans_io=neqo-transport|cpp_networkhub=on|runtime=none|tls_verify=config_chain_preflight|udp_gso=common_cpp|udp_gro=on	cubic	complete	noisy	inconclusive	throughput_gbps	1	duration	2000		20	5	5.596952	4.710246	5.933018	0.218471	4.539199	4.455551	insufficient_order_stat_support	p50_ci_width_0.2185_gt_0.0300;p80_p20_1.3223_gt_1.1500;block_median_ratio_1.2596_gt_1.1000;drift_-0.0395_gt_0.0300
neqoperf	upload	iouring	loopback	cc=cubic|sans_io=neqo-transport|cpp_networkhub=on|runtime=none|tls_verify=config_chain_preflight|udp_gso=common_cpp|udp_gro=on	cubic	complete	tail_insufficient	publishable	throughput_gbps	1	duration	2000		20	5	4.470694	4.450817	4.500580	0.011131	4.387800	4.347552	insufficient_order_stat_support	
neqoperf	connect	syscall	loopback	cc=cubic|sans_io=neqo-transport|cpp_networkhub=on|runtime=none|tls_verify=config_chain_preflight|udp_gso=common_cpp|udp_gro=on	cubic	complete	noisy	inconclusive	connections_per_second	16	work		8	20	5	246.624718	238.878334	251.309950	0.050407	234.637683	228.248835	insufficient_order_stat_support	p50_ci_width_0.0504_gt_0.0500
neqoperf	connect	iouring	loopback	cc=cubic|sans_io=neqo-transport|cpp_networkhub=on|runtime=none|tls_verify=config_chain_preflight|udp_gso=common_cpp|udp_gro=on	cubic	complete	tail_insufficient	publishable	connections_per_second	16	work		8	20	5	233.983630	228.662089	237.322696	0.037014	223.722040	214.938669	insufficient_order_stat_support	
neqoperf	reqresp	syscall	loopback	cc=cubic|sans_io=neqo-transport|cpp_networkhub=on|runtime=none|tls_verify=config_chain_preflight|udp_gso=common_cpp|udp_gro=on	cubic	complete	tail_insufficient	publishable	requests_per_second	4	duration	2000		20	5	12154.000000	12100.000000	12189.000000	0.007323	12017.050000	11919.760000	insufficient_order_stat_support	
neqoperf	reqresp	iouring	loopback	cc=cubic|sans_io=neqo-transport|cpp_networkhub=on|runtime=none|tls_verify=config_chain_preflight|udp_gso=common_cpp|udp_gro=on	cubic	complete	tail_insufficient	publishable	requests_per_second	4	duration	2000		20	5	12230.000000	12161.750000	12281.500000	0.009791	12094.500000	12029.475000	insufficient_order_stat_support	
neqoperf	stream_churn	syscall	loopback	cc=cubic|sans_io=neqo-transport|cpp_networkhub=on|runtime=none|tls_verify=config_chain_preflight|udp_gso=common_cpp|udp_gro=on	cubic	complete	tail_insufficient	publishable	streams_per_second	4	duration	2000		20	5	12174.500000	12155.750000	12218.500000	0.005154	12100.450000	12081.370000	insufficient_order_stat_support	
neqoperf	stream_churn	iouring	loopback	cc=cubic|sans_io=neqo-transport|cpp_networkhub=on|runtime=none|tls_verify=config_chain_preflight|udp_gso=common_cpp|udp_gro=on	cubic	complete	tail_insufficient	publishable	streams_per_second	4	duration	2000		20	5	12286.250000	12261.500000	12309.750000	0.003927	12177.250000	12079.015000	insufficient_order_stat_support	
neqoperf	multistream_download	syscall	loopback	cc=cubic|sans_io=neqo-transport|cpp_networkhub=on|runtime=none|tls_verify=config_chain_preflight|udp_gso=common_cpp|udp_gro=on	cubic	complete	tail_insufficient	publishable	throughput_gbps	1	duration	2000		20	5	2.777153	2.752512	2.831155	0.028318	2.705326	2.679846	insufficient_order_stat_support	
neqoperf	multistream_download	iouring	loopback	cc=cubic|sans_io=neqo-transport|cpp_networkhub=on|runtime=none|tls_verify=config_chain_preflight|udp_gso=common_cpp|udp_gro=on	cubic	complete	tail_insufficient	publishable	throughput_gbps	1	duration	2000		20	5	2.508194	2.494038	2.511340	0.006898	2.479253	2.469344	insufficient_order_stat_support	
neqoperf	multistream_upload	syscall	loopback	cc=cubic|sans_io=neqo-transport|cpp_networkhub=on|runtime=none|tls_verify=config_chain_preflight|udp_gso=common_cpp|udp_gro=on	cubic	complete	tail_insufficient	publishable	throughput_gbps	2	duration	2000		20	5	3.335520	3.309306	3.358589	0.014775	3.186413	3.151306	insufficient_order_stat_support	
neqoperf	multistream_upload	iouring	loopback	cc=cubic|sans_io=neqo-transport|cpp_networkhub=on|runtime=none|tls_verify=config_chain_preflight|udp_gso=common_cpp|udp_gro=on	cubic	complete	tail_insufficient	publishable	throughput_gbps	2	duration	2000		20	5	3.192913	3.170894	3.225420	0.017077	3.019270	3.005114	insufficient_order_stat_support	
neqoperf	bidi	syscall	loopback	cc=cubic|sans_io=neqo-transport|cpp_networkhub=on|runtime=none|tls_verify=config_chain_preflight|udp_gso=common_cpp|udp_gro=on	cubic	complete	tail_insufficient	publishable	throughput_gbps	1	duration	2000		20	5	3.305636	3.286237	3.328181	0.012688	3.246601	3.238202	insufficient_order_stat_support	
neqoperf	bidi	iouring	loopback	cc=cubic|sans_io=neqo-transport|cpp_networkhub=on|runtime=none|tls_verify=config_chain_preflight|udp_gso=common_cpp|udp_gro=on	cubic	complete	tail_insufficient	publishable	throughput_gbps	1	duration	2000		20	5	3.267888	3.258450	3.305751	0.014475	3.228775	3.215497	insufficient_order_stat_support	
neqoperf	small_payload_pps	syscall	loopback	cc=cubic|sans_io=neqo-transport|cpp_networkhub=on|runtime=none|tls_verify=config_chain_preflight|udp_gso=common_cpp|udp_gro=on	cubic	complete	tail_insufficient	publishable	messages_per_second	4	duration	2000		20	5	12211.500000	12164.250000	12245.500000	0.006654	12088.600000	12050.980000	insufficient_order_stat_support	
neqoperf	small_payload_pps	iouring	loopback	cc=cubic|sans_io=neqo-transport|cpp_networkhub=on|runtime=none|tls_verify=config_chain_preflight|udp_gso=common_cpp|udp_gro=on	cubic	complete	tail_insufficient	publishable	messages_per_second	4	duration	2000		20	5	12237.000000	12203.000000	12267.000000	0.005230	12114.600000	12015.645000	insufficient_order_stat_support	
neqoperf	loss_recovery	syscall	loopback	cc=cubic|sans_io=neqo-transport|cpp_networkhub=on|runtime=none|tls_verify=config_chain_preflight|udp_gso=common_cpp|udp_gro=on	cubic	complete	tail_insufficient	publishable	throughput_gbps	2	duration	5000		20	5	5.860110	5.767409	5.888346	0.020637	5.742005	5.708258	insufficient_order_stat_support	
neqoperf	loss_recovery	iouring	loopback	cc=cubic|sans_io=neqo-transport|cpp_networkhub=on|runtime=none|tls_verify=config_chain_preflight|udp_gso=common_cpp|udp_gro=on	cubic	complete	tail_insufficient	publishable	throughput_gbps	2	duration	5000		20	5	5.715147	5.651312	5.741446	0.015771	5.614005	5.480692	insufficient_order_stat_support	
neqoperf	flow_control	syscall	loopback	cc=cubic|sans_io=neqo-transport|cpp_networkhub=on|runtime=none|tls_verify=config_chain_preflight|udp_gso=common_cpp|udp_gro=on	cubic	complete	tail_insufficient	publishable	throughput_gbps	1	duration	2000		20	5	4.794643	4.759852	4.871596	0.023306	4.713939	4.646063	insufficient_order_stat_support	
neqoperf	flow_control	iouring	loopback	cc=cubic|sans_io=neqo-transport|cpp_networkhub=on|runtime=none|tls_verify=config_chain_preflight|udp_gso=common_cpp|udp_gro=on	cubic	complete	tail_insufficient	publishable	throughput_gbps	2	duration	2000		20	5	5.562979	5.488730	5.581527	0.016681	5.427549	5.150829	insufficient_order_stat_support	
neqoperf	resumed_connect	syscall	loopback	cc=cubic|sans_io=neqo-transport|cpp_networkhub=on|runtime=none|tls_verify=config_chain_preflight|udp_gso=common_cpp|udp_gro=on	cubic	complete	tail_insufficient	publishable	connections_per_second	16	work		2	20	5	14.313711	14.301992	14.334082	0.002242	14.276239	14.190235	insufficient_order_stat_support	
neqoperf	resumed_connect	iouring	loopback	cc=cubic|sans_io=neqo-transport|cpp_networkhub=on|runtime=none|tls_verify=config_chain_preflight|udp_gso=common_cpp|udp_gro=on	cubic	complete	tail_insufficient	publishable	connections_per_second	16	work		2	20	5	14.765299	14.732445	14.801197	0.004656	14.635157	14.549366	insufficient_order_stat_support	
neqoperf	zero_rtt_reqresp	syscall	loopback	cc=cubic|sans_io=neqo-transport|cpp_networkhub=on|runtime=none|tls_verify=config_chain_preflight|udp_gso=common_cpp|udp_gro=on	cubic	complete	tail_insufficient	publishable	requests_per_second	4	duration	2000		20	5	10569.000000	10557.000000	10598.750000	0.003950	10401.700000	10334.830000	insufficient_order_stat_support	
neqoperf	zero_rtt_reqresp	iouring	loopback	cc=cubic|sans_io=neqo-transport|cpp_networkhub=on|runtime=none|tls_verify=config_chain_preflight|udp_gso=common_cpp|udp_gro=on	cubic	complete	tail_insufficient	publishable	requests_per_second	4	duration	2000		20	5	10783.250000	10748.500000	10852.500000	0.009645	10625.600000	10514.900000	insufficient_order_stat_support	
neqoperf	datagram	syscall	loopback	cc=cubic|sans_io=neqo-transport|cpp_networkhub=on|runtime=none|tls_verify=config_chain_preflight|udp_gso=common_cpp|udp_gro=on	cubic	complete	tail_insufficient	publishable	datagrams_per_second	2	duration	2000		20	5	1996134.750000	1977505.500000	2025571.000000	0.024079	1911508.200000	1895729.670000	insufficient_order_stat_support	
neqoperf	datagram	iouring	loopback	cc=cubic|sans_io=neqo-transport|cpp_networkhub=on|runtime=none|tls_verify=config_chain_preflight|udp_gso=common_cpp|udp_gro=on	cubic	complete	tail_insufficient	publishable	datagrams_per_second	2	duration	2000		20	5	1860976.250000	1832561.750000	1886103.500000	0.028771	1810892.300000	1745771.405000	insufficient_order_stat_support	
neqoperf	idle_footprint	syscall	loopback	cc=cubic|sans_io=neqo-transport|cpp_networkhub=on|runtime=none|tls_verify=config_chain_preflight|udp_gso=common_cpp|udp_gro=on	cubic	complete	tail_insufficient	publishable	server_rss_delta_bytes_per_connection	16	work			20	5	347264.000000	347264.000000	350592.000000	0.009583	357196.800000	360606.720000	insufficient_order_stat_support	
neqoperf	idle_footprint	iouring	loopback	cc=cubic|sans_io=neqo-transport|cpp_networkhub=on|runtime=none|tls_verify=config_chain_preflight|udp_gso=common_cpp|udp_gro=on	cubic	complete	tail_insufficient	publishable	server_rss_delta_bytes_per_connection	16	work			20	5	372480.000000	371072.000000	378368.000000	0.019588	383027.200000	384732.160000	insufficient_order_stat_support	
neqoperf	close_reset_cleanup	syscall	loopback	cc=cubic|sans_io=neqo-transport|cpp_networkhub=on|runtime=none|tls_verify=config_chain_preflight|udp_gso=common_cpp|udp_gro=on	cubic	complete	tail_insufficient	publishable	streams_per_second	4	duration	2000		20	5	12233.500000	12204.250000	12236.000000	0.002595	12082.350000	12039.510000	insufficient_order_stat_support	
neqoperf	close_reset_cleanup	iouring	loopback	cc=cubic|sans_io=neqo-transport|cpp_networkhub=on|runtime=none|tls_verify=config_chain_preflight|udp_gso=common_cpp|udp_gro=on	cubic	complete	tail_insufficient	publishable	streams_per_second	4	duration	2000		20	5	12303.750000	12270.500000	12314.500000	0.003576	12170.000000	12145.160000	insufficient_order_stat_support	
lsperf	download	syscall	loopback	cc=cubic|pacing=on|spin=on|ql_bits=2|ecn=off|pmtud=off|send_batch=50|udp_gso=common_cpp|udp_gro=on	cubic	complete	noisy	inconclusive	throughput_gbps	1	duration	2000		20	5	16.445613	15.924135	16.719844	0.048384	15.001706	14.476757	insufficient_order_stat_support	p50_ci_width_0.0484_gt_0.0300;drift_0.0408_gt_0.0300
lsperf	download	iouring	loopback	cc=cubic|pacing=on|spin=on|ql_bits=2|ecn=off|pmtud=off|send_batch=50|udp_gso=common_cpp|udp_gro=on	cubic	complete	noisy	inconclusive	throughput_gbps	1	duration	2000		20	5	15.026128	14.674546	15.376202	0.046696	13.596694	13.302893	insufficient_order_stat_support	p50_ci_width_0.0467_gt_0.0300
lsperf	upload	syscall	loopback	cc=cubic|pacing=on|spin=on|ql_bits=2|ecn=off|pmtud=off|send_batch=50|udp_gso=common_cpp|udp_gro=on	cubic	complete	noisy	inconclusive	throughput_gbps	2	duration	2000		20	5	33.494600	30.659501	33.741562	0.092017	29.499075	28.286031	insufficient_order_stat_support	p50_ci_width_0.0920_gt_0.0300;block_median_ratio_1.1548_gt_1.1000;drift_0.0755_gt_0.0300
lsperf	upload	iouring	loopback	cc=cubic|pacing=on|spin=on|ql_bits=2|ecn=off|pmtud=off|send_batch=50|udp_gso=common_cpp|udp_gro=on	cubic	complete	tail_insufficient	publishable	throughput_gbps	2	duration	2000		20	5	23.576319	23.375757	24.078976	0.029827	22.949992	21.832898	insufficient_order_stat_support	
lsperf	connect	syscall	loopback	cc=cubic|pacing=on|spin=on|ql_bits=2|ecn=off|pmtud=off|send_batch=50|udp_gso=common_cpp|udp_gro=on	cubic	complete	noisy	inconclusive	connections_per_second	16	work		8	20	5	291.758599	285.243571	312.489930	0.093387	274.139470	265.637130	insufficient_order_stat_support	p50_ci_width_0.0934_gt_0.0500;block_median_ratio_1.1209_gt_1.1000
lsperf	connect	iouring	loopback	cc=cubic|pacing=on|spin=on|ql_bits=2|ecn=off|pmtud=off|send_batch=50|udp_gso=common_cpp|udp_gro=on	cubic	complete	tail_insufficient	publishable	connections_per_second	16	work		8	20	5	262.974003	259.706758	265.333403	0.021396	249.035301	241.402702	insufficient_order_stat_support	
lsperf	reqresp	syscall	loopback	cc=cubic|pacing=on|spin=on|ql_bits=2|ecn=off|pmtud=off|send_batch=50|udp_gso=common_cpp|udp_gro=on	cubic	complete	tail_insufficient	publishable	requests_per_second	16	duration	2000		20	5	119404.250000	117874.000000	121154.500000	0.027474	116795.350000	114151.375000	insufficient_order_stat_support	
lsperf	reqresp	iouring	loopback	cc=cubic|pacing=on|spin=on|ql_bits=2|ecn=off|pmtud=off|send_batch=50|udp_gso=common_cpp|udp_gro=on	cubic	complete	tail_insufficient	publishable	requests_per_second	16	duration	2000		20	5	69022.750000	68021.500000	69936.000000	0.027737	67476.800000	67092.635000	insufficient_order_stat_support	
lsperf	stream_churn	syscall	loopback	cc=cubic|pacing=on|spin=on|ql_bits=2|ecn=off|pmtud=off|send_batch=50|udp_gso=common_cpp|udp_gro=on	cubic	complete	tail_insufficient	publishable	streams_per_second	16	duration	2000		20	5	115554.000000	114074.000000	117696.000000	0.031345	109615.600000	108647.200000	insufficient_order_stat_support	
lsperf	stream_churn	iouring	loopback	cc=cubic|pacing=on|spin=on|ql_bits=2|ecn=off|pmtud=off|send_batch=50|udp_gso=common_cpp|udp_gro=on	cubic	complete	tail_insufficient	publishable	streams_per_second	16	duration	2000		20	5	69856.000000	69644.000000	69964.000000	0.004581	69435.600000	69402.840000	insufficient_order_stat_support	
lsperf	multistream_download	syscall	loopback	cc=cubic|pacing=on|spin=on|ql_bits=2|ecn=off|pmtud=off|send_batch=50|udp_gso=common_cpp|udp_gro=on	cubic	complete	tail_insufficient	publishable	throughput_gbps	16	duration	2000		20	5	1.543504	1.543504	1.543504	0.000000	1.543504	1.543504	insufficient_order_stat_support	
lsperf	multistream_download	iouring	loopback	cc=cubic|pacing=on|spin=on|ql_bits=2|ecn=off|pmtud=off|send_batch=50|udp_gso=common_cpp|udp_gro=on	cubic	complete	noisy	inconclusive	throughput_gbps	16	duration	2000		20	5	0.434300	0.396970	0.481713	0.195125	0.271784	0.257783	insufficient_order_stat_support	p50_ci_width_0.1951_gt_0.0300;p80_p20_1.7554_gt_1.1500;block_median_ratio_1.4131_gt_1.1000;drift_0.0974_gt_0.0300
lsperf	multistream_upload	syscall	loopback	cc=cubic|pacing=on|spin=on|ql_bits=2|ecn=off|pmtud=off|send_batch=50|udp_gso=common_cpp|udp_gro=on	cubic	complete	tail_insufficient	publishable	throughput_gbps	16	duration	2000		20	5	1.543504	1.543504	1.543504	0.000000	1.543504	1.543504	insufficient_order_stat_support	
lsperf	multistream_upload	iouring	loopback	cc=cubic|pacing=on|spin=on|ql_bits=2|ecn=off|pmtud=off|send_batch=50|udp_gso=common_cpp|udp_gro=on	cubic	complete	tail_insufficient	publishable	throughput_gbps	16	duration	2000		20	5	1.543504	1.543504	1.543504	0.000000	1.543504	1.543504	insufficient_order_stat_support	
lsperf	bidi	syscall	loopback	cc=cubic|pacing=on|spin=on|ql_bits=2|ecn=off|pmtud=off|send_batch=50|udp_gso=common_cpp|udp_gro=on	cubic	complete	tail_insufficient	publishable	throughput_gbps	16	duration	2000		20	5	2.147484	2.147484	2.147484	0.000000	2.147484	2.147484	insufficient_order_stat_support	
lsperf	bidi	iouring	loopback	cc=cubic|pacing=on|spin=on|ql_bits=2|ecn=off|pmtud=off|send_batch=50|udp_gso=common_cpp|udp_gro=on	cubic	complete	tail_insufficient	publishable	throughput_gbps	8	duration	2000		20	5	1.073742	1.073742	1.073742	0.000000	1.073742	1.073742	insufficient_order_stat_support	
lsperf	small_payload_pps	syscall	loopback	cc=cubic|pacing=on|spin=on|ql_bits=2|ecn=off|pmtud=off|send_batch=50|udp_gso=common_cpp|udp_gro=on	cubic	complete	tail_insufficient	publishable	messages_per_second	16	duration	2000		20	5	121891.000000	121463.000000	122276.000000	0.006670	119451.500000	118643.480000	insufficient_order_stat_support	
lsperf	small_payload_pps	iouring	loopback	cc=cubic|pacing=on|spin=on|ql_bits=2|ecn=off|pmtud=off|send_batch=50|udp_gso=common_cpp|udp_gro=on	cubic	complete	tail_insufficient	publishable	messages_per_second	16	duration	2000		20	5	71088.000000	70992.000000	71492.000000	0.007034	70754.400000	70108.200000	insufficient_order_stat_support	
lsperf	loss_recovery	syscall	loopback	cc=cubic|pacing=on|spin=on|ql_bits=2|ecn=off|pmtud=off|send_batch=50|udp_gso=common_cpp|udp_gro=on	cubic	complete	noisy	inconclusive	throughput_gbps	1	duration	5000		20	5	18.342157	17.479674	18.860536	0.075284	17.079530	16.576545	insufficient_order_stat_support	block_median_ratio_1.1144_gt_1.1000
lsperf	loss_recovery	iouring	loopback	cc=cubic|pacing=on|spin=on|ql_bits=2|ecn=off|pmtud=off|send_batch=50|udp_gso=common_cpp|udp_gro=on	cubic	complete	tail_insufficient	publishable	throughput_gbps	1	duration	5000		20	5	17.354458	17.307203	17.492763	0.010692	16.714999	16.413780	insufficient_order_stat_support	
lsperf	flow_control	syscall	loopback	cc=cubic|pacing=on|spin=on|ql_bits=2|ecn=off|pmtud=off|send_batch=50|udp_gso=common_cpp|udp_gro=on	cubic	complete	noisy	inconclusive	throughput_gbps	1	duration	2000		20	5	13.941133	13.221010	14.225161	0.072028	12.712760	12.599601	insufficient_order_stat_support	p50_ci_width_0.0720_gt_0.0500;block_median_ratio_1.1205_gt_1.1000;drift_0.0554_gt_0.0300
lsperf	flow_control	iouring	loopback	cc=cubic|pacing=on|spin=on|ql_bits=2|ecn=off|pmtud=off|send_batch=50|udp_gso=common_cpp|udp_gro=on	cubic	complete	tail_insufficient	publishable	throughput_gbps	1	duration	2000		20	5	11.731958	11.514276	11.849415	0.028566	11.385983	11.212143	insufficient_order_stat_support	
lsperf	resumed_connect	syscall	loopback	cc=cubic|pacing=on|spin=on|ql_bits=2|ecn=off|pmtud=off|send_batch=50|udp_gso=common_cpp|udp_gro=on	cubic	complete	noisy	inconclusive	connections_per_second	1	work		128	20	5	79.843801	73.637526	80.136829	0.081400	71.650057	68.656122	insufficient_order_stat_support	p50_ci_width_0.0814_gt_0.0500;block_median_ratio_1.1014_gt_1.1000;drift_-0.0645_gt_0.0300
lsperf	resumed_connect	iouring	loopback	cc=cubic|pacing=on|spin=on|ql_bits=2|ecn=off|pmtud=off|send_batch=50|udp_gso=common_cpp|udp_gro=on	cubic	complete	noisy	inconclusive	connections_per_second	2	work		64	20	5	127.959339	121.682647	130.405944	0.068172	119.211464	118.703532	insufficient_order_stat_support	p50_ci_width_0.0682_gt_0.0500
lsperf	zero_rtt_reqresp	syscall	loopback	cc=cubic|pacing=on|spin=on|ql_bits=2|ecn=off|pmtud=off|send_batch=50|udp_gso=common_cpp|udp_gro=on	cubic	complete	tail_insufficient	publishable	requests_per_second	16	duration	2000		20	5	114950.500000	114294.000000	116152.500000	0.016168	113157.800000	111788.360000	insufficient_order_stat_support	
lsperf	zero_rtt_reqresp	iouring	loopback	cc=cubic|pacing=on|spin=on|ql_bits=2|ecn=off|pmtud=off|send_batch=50|udp_gso=common_cpp|udp_gro=on	cubic	complete	tail_insufficient	publishable	requests_per_second	8	duration	2000		20	5	51964.500000	51639.000000	52148.000000	0.009795	51447.800000	51385.115000	insufficient_order_stat_support	
lsperf	datagram	syscall	loopback	cc=cubic|pacing=on|spin=on|ql_bits=2|ecn=off|pmtud=off|send_batch=50|udp_gso=common_cpp|udp_gro=on	cubic	complete	noisy	inconclusive	datagrams_per_second	2	duration	2000		20	5	2233385.250000	2169959.500000	2448903.500000	0.124897	2138613.850000	2119075.435000	insufficient_order_stat_support	p50_ci_width_0.1249_gt_0.0500;p80_p20_1.1519_gt_1.1500;block_median_ratio_1.2066_gt_1.1000
lsperf	datagram	iouring	loopback	cc=cubic|pacing=on|spin=on|ql_bits=2|ecn=off|pmtud=off|send_batch=50|udp_gso=common_cpp|udp_gro=on	cubic	complete	tail_insufficient	publishable	datagrams_per_second	16	duration	2000		20	5	928370.000000	925015.250000	930374.000000	0.005772	920789.000000	911843.405000	insufficient_order_stat_support	
lsperf	idle_footprint	syscall	loopback	cc=cubic|pacing=on|spin=on|ql_bits=2|ecn=off|pmtud=off|send_batch=50|udp_gso=common_cpp|udp_gro=on	cubic	complete	noisy	inconclusive	server_rss_delta_bytes_per_connection	8	work			20	5	79872.000000	78336.000000	87552.000000	0.115385	114176.000000	125373.440000	insufficient_order_stat_support	p50_ci_width_0.1154_gt_0.0500;p80_p20_1.5209_gt_1.1500;block_median_ratio_1.1728_gt_1.1000;drift_0.0704_gt_0.0300
lsperf	idle_footprint	iouring	loopback	cc=cubic|pacing=on|spin=on|ql_bits=2|ecn=off|pmtud=off|send_batch=50|udp_gso=common_cpp|udp_gro=on	cubic	complete	noisy	inconclusive	server_rss_delta_bytes_per_connection	16	work			20	5	87808.000000	83968.000000	88192.000000	0.048105	94617.600000	96000.000000	insufficient_order_stat_support	block_median_ratio_1.1299_gt_1.1000
lsperf	close_reset_cleanup	syscall	loopback	cc=cubic|pacing=on|spin=on|ql_bits=2|ecn=off|pmtud=off|send_batch=50|udp_gso=common_cpp|udp_gro=on	cubic	complete	tail_insufficient	publishable	streams_per_second	16	duration	2000		20	5	115444.000000	113964.000000	116624.000000	0.023041	112335.100000	110762.440000	insufficient_order_stat_support	
lsperf	close_reset_cleanup	iouring	loopback	cc=cubic|pacing=on|spin=on|ql_bits=2|ecn=off|pmtud=off|send_batch=50|udp_gso=common_cpp|udp_gro=on	cubic	complete	tail_insufficient	publishable	streams_per_second	16	duration	2000		20	5	69916.000000	69826.000000	70180.000000	0.005063	69155.600000	68713.880000	insufficient_order_stat_support	
xquicperf	download	syscall	loopback	cc=cubic|pacing=on|sendmmsg=on|cid_len=12|qlog=off|tls_sigalgs=ssl_ctx_wrap|tls_verify=config_chain_preflight|udp_gso=common_cpp|udp_gro=on	cubic	complete	noisy	inconclusive	throughput_gbps	16	duration	2000		20	5	7.233957	7.111787	7.350528	0.033003	6.542332	6.247000	insufficient_order_stat_support	p50_ci_width_0.0330_gt_0.0300
xquicperf	download	iouring	loopback	cc=cubic|pacing=on|sendmmsg=on|cid_len=12|qlog=off|tls_sigalgs=ssl_ctx_wrap|tls_verify=config_chain_preflight|udp_gso=common_cpp|udp_gro=on	cubic	complete	noisy	inconclusive	throughput_gbps	2	duration	2000		20	5	2.036519	1.707707	2.255920	0.269191	1.605311	1.568535	insufficient_order_stat_support	p50_ci_width_0.2692_gt_0.0300;p80_p20_1.4465_gt_1.1500;block_median_ratio_1.3210_gt_1.1000;drift_-0.1146_gt_0.0300
xquicperf	upload	syscall	loopback	cc=cubic|pacing=on|sendmmsg=on|cid_len=12|qlog=off|tls_sigalgs=ssl_ctx_wrap|tls_verify=config_chain_preflight|udp_gso=common_cpp|udp_gro=on	cubic	complete	tail_insufficient	publishable	throughput_gbps	16	duration	2000		20	5	3.952632	3.908255	3.979389	0.017997	3.900929	3.847770	insufficient_order_stat_support	
xquicperf	upload	iouring	loopback	cc=cubic|pacing=on|sendmmsg=on|cid_len=12|qlog=off|tls_sigalgs=ssl_ctx_wrap|tls_verify=config_chain_preflight|udp_gso=common_cpp|udp_gro=on	cubic	complete	tail_insufficient	publishable	throughput_gbps	16	duration	2000		20	5	2.159571	2.142120	2.170597	0.013186	2.046990	1.922293	insufficient_order_stat_support	
xquicperf	connect	syscall	loopback	cc=cubic|pacing=on|sendmmsg=on|cid_len=12|qlog=off|tls_sigalgs=ssl_ctx_wrap|tls_verify=config_chain_preflight|udp_gso=common_cpp|udp_gro=on	cubic	complete	noisy	inconclusive	connections_per_second	16	work		8	20	5	268.911413	263.079135	278.557635	0.057560	262.621493	259.824946	insufficient_order_stat_support	p50_ci_width_0.0576_gt_0.0500
xquicperf	connect	iouring	loopback	cc=cubic|pacing=on|sendmmsg=on|cid_len=12|qlog=off|tls_sigalgs=ssl_ctx_wrap|tls_verify=config_chain_preflight|udp_gso=common_cpp|udp_gro=on	cubic	complete	tail_insufficient	publishable	connections_per_second	16	work		8	20	5	287.356544	281.184223	293.684394	0.043501	275.826597	269.647642	insufficient_order_stat_support	
xquicperf	reqresp	syscall	loopback	cc=cubic|pacing=on|sendmmsg=on|cid_len=12|qlog=off|tls_sigalgs=ssl_ctx_wrap|tls_verify=config_chain_preflight|udp_gso=common_cpp|udp_gro=on	cubic	complete	tail_insufficient	publishable	requests_per_second	16	duration	2000		20	5	20578.000000	20450.750000	20893.250000	0.021504	20087.900000	19928.195000	insufficient_order_stat_support	
xquicperf	reqresp	iouring	loopback	cc=cubic|pacing=on|sendmmsg=on|cid_len=12|qlog=off|tls_sigalgs=ssl_ctx_wrap|tls_verify=config_chain_preflight|udp_gso=common_cpp|udp_gro=on	cubic	complete	tail_insufficient	publishable	requests_per_second	2	duration	2000		20	5	18208.750000	18134.000000	18217.000000	0.004558	17889.050000	17742.215000	insufficient_order_stat_support	
xquicperf	stream_churn	syscall	loopback	cc=cubic|pacing=on|sendmmsg=on|cid_len=12|qlog=off|tls_sigalgs=ssl_ctx_wrap|tls_verify=config_chain_preflight|udp_gso=common_cpp|udp_gro=on	cubic	complete	tail_insufficient	publishable	streams_per_second	16	duration	2000		20	5	20325.000000	20067.250000	20609.250000	0.026667	19839.550000	19787.305000	insufficient_order_stat_support	
xquicperf	stream_churn	iouring	loopback	cc=cubic|pacing=on|sendmmsg=on|cid_len=12|qlog=off|tls_sigalgs=ssl_ctx_wrap|tls_verify=config_chain_preflight|udp_gso=common_cpp|udp_gro=on	cubic	complete	tail_insufficient	publishable	streams_per_second	2	duration	2000		20	5	18125.250000	18041.000000	18200.000000	0.008772	17844.550000	17799.190000	insufficient_order_stat_support	
xquicperf	multistream_download	syscall	loopback	cc=cubic|pacing=on|sendmmsg=on|cid_len=12|qlog=off|tls_sigalgs=ssl_ctx_wrap|tls_verify=config_chain_preflight|udp_gso=common_cpp|udp_gro=on	cubic	complete	tail_insufficient	publishable	throughput_gbps	16	duration	2000		20	5	7.623358	7.599824	7.675279	0.009898	7.472161	7.410933	insufficient_order_stat_support	
xquicperf	multistream_download	iouring	loopback	cc=cubic|pacing=on|sendmmsg=on|cid_len=12|qlog=off|tls_sigalgs=ssl_ctx_wrap|tls_verify=config_chain_preflight|udp_gso=common_cpp|udp_gro=on	cubic	complete	noisy	inconclusive	throughput_gbps	8	duration	2000		20	5	3.860441	3.797433	3.919261	0.031558	3.779689	3.585955	insufficient_order_stat_support	p50_ci_width_0.0316_gt_0.0300
xquicperf	multistream_upload	syscall	loopback	cc=cubic|pacing=on|sendmmsg=on|cid_len=12|qlog=off|tls_sigalgs=ssl_ctx_wrap|tls_verify=config_chain_preflight|udp_gso=common_cpp|udp_gro=on	cubic	complete	tail_insufficient	publishable	throughput_gbps	16	duration	2000		20	5	3.477078	3.466592	3.495953	0.008444	3.424649	3.402378	insufficient_order_stat_support	
xquicperf	multistream_upload	iouring	loopback	cc=cubic|pacing=on|sendmmsg=on|cid_len=12|qlog=off|tls_sigalgs=ssl_ctx_wrap|tls_verify=config_chain_preflight|udp_gso=common_cpp|udp_gro=on	cubic	complete	noisy	inconclusive	throughput_gbps	16	duration	2000		20	5	1.658847	1.635779	1.694499	0.035398	1.621938	1.607215	insufficient_order_stat_support	p50_ci_width_0.0354_gt_0.0300
xquicperf	bidi	syscall	loopback	cc=cubic|pacing=on|sendmmsg=on|cid_len=12|qlog=off|tls_sigalgs=ssl_ctx_wrap|tls_verify=config_chain_preflight|udp_gso=common_cpp|udp_gro=on	cubic	complete	tail_insufficient	publishable	throughput_gbps	4	duration	2000		20	5	4.298809	4.266656	4.310696	0.010245	4.205409	4.148118	insufficient_order_stat_support	
xquicperf	bidi	iouring	loopback	cc=cubic|pacing=on|sendmmsg=on|cid_len=12|qlog=off|tls_sigalgs=ssl_ctx_wrap|tls_verify=config_chain_preflight|udp_gso=common_cpp|udp_gro=on	cubic	complete	tail_insufficient	publishable	throughput_gbps	2	duration	2000		20	5	4.055614	4.019759	4.076538	0.014000	3.984443	3.971188	insufficient_order_stat_support	
xquicperf	small_payload_pps	syscall	loopback	cc=cubic|pacing=on|sendmmsg=on|cid_len=12|qlog=off|tls_sigalgs=ssl_ctx_wrap|tls_verify=config_chain_preflight|udp_gso=common_cpp|udp_gro=on	cubic	complete	tail_insufficient	publishable	messages_per_second	16	duration	2000		20	5	20353.500000	20321.000000	20582.750000	0.012860	19831.450000	19711.975000	insufficient_order_stat_support	
xquicperf	small_payload_pps	iouring	loopback	cc=cubic|pacing=on|sendmmsg=on|cid_len=12|qlog=off|tls_sigalgs=ssl_ctx_wrap|tls_verify=config_chain_preflight|udp_gso=common_cpp|udp_gro=on	cubic	complete	tail_insufficient	publishable	messages_per_second	4	duration	2000		20	5	18941.000000	18520.500000	19113.500000	0.031308	18213.900000	18081.690000	insufficient_order_stat_support	
xquicperf	loss_recovery	syscall	loopback	cc=cubic|pacing=on|sendmmsg=on|cid_len=12|qlog=off|tls_sigalgs=ssl_ctx_wrap|tls_verify=config_chain_preflight|udp_gso=common_cpp|udp_gro=on	cubic	complete	tail_insufficient	publishable	throughput_gbps	16	duration	5000		20	5	2.833832	2.809736	2.885723	0.026814	2.694484	2.652543	insufficient_order_stat_support	
xquicperf	loss_recovery	iouring	loopback	cc=cubic|pacing=on|sendmmsg=on|cid_len=12|qlog=off|tls_sigalgs=ssl_ctx_wrap|tls_verify=config_chain_preflight|udp_gso=common_cpp|udp_gro=on	cubic	complete	noisy	inconclusive	throughput_gbps	2	duration	5000		20	5	2.466657	2.417268	2.563096	0.059120	2.375083	2.274886	insufficient_order_stat_support	drift_0.0327_gt_0.0300
xquicperf	flow_control	syscall	loopback	cc=cubic|pacing=on|sendmmsg=on|cid_len=12|qlog=off|tls_sigalgs=ssl_ctx_wrap|tls_verify=config_chain_preflight|udp_gso=common_cpp|udp_gro=on	cubic	complete	tail_insufficient	publishable	throughput_gbps	8	duration	2000		20	5	5.115550	4.937053	5.184527	0.048377	4.896178	4.720805	insufficient_order_stat_support	
xquicperf	flow_control	iouring	loopback	cc=cubic|pacing=on|sendmmsg=on|cid_len=12|qlog=off|tls_sigalgs=ssl_ctx_wrap|tls_verify=config_chain_preflight|udp_gso=common_cpp|udp_gro=on	cubic	complete	tail_insufficient	publishable	throughput_gbps	8	duration	2000		20	5	2.359084	2.332623	2.373615	0.017376	2.225960	2.076736	insufficient_order_stat_support	
xquicperf	resumed_connect	syscall	loopback	cc=cubic|pacing=on|sendmmsg=on|cid_len=12|qlog=off|tls_sigalgs=ssl_ctx_wrap|tls_verify=config_chain_preflight|udp_gso=common_cpp|udp_gro=on	cubic	complete	noisy	inconclusive	connections_per_second	2	work		64	20	5	444.253408	431.659990	457.474925	0.058109	422.636916	422.014749	insufficient_order_stat_support	p50_ci_width_0.0581_gt_0.0500;drift_-0.0413_gt_0.0300
xquicperf	resumed_connect	iouring	loopback	cc=cubic|pacing=on|sendmmsg=on|cid_len=12|qlog=off|tls_sigalgs=ssl_ctx_wrap|tls_verify=config_chain_preflight|udp_gso=common_cpp|udp_gro=on	cubic	complete	noisy	inconclusive	connections_per_second	2	work		64	20	5	442.054478	433.149203	449.009389	0.035878	405.908146	395.979420	insufficient_order_stat_support	drift_0.0361_gt_0.0300
xquicperf	zero_rtt_reqresp	syscall	loopback	cc=cubic|pacing=on|sendmmsg=on|cid_len=12|qlog=off|tls_sigalgs=ssl_ctx_wrap|tls_verify=config_chain_preflight|udp_gso=common_cpp|udp_gro=on	cubic	complete	tail_insufficient	publishable	requests_per_second	16	duration	2000		20	5	20543.750000	20482.500000	20679.500000	0.009589	20272.350000	20046.495000	insufficient_order_stat_support	
xquicperf	zero_rtt_reqresp	iouring	loopback	cc=cubic|pacing=on|sendmmsg=on|cid_len=12|qlog=off|tls_sigalgs=ssl_ctx_wrap|tls_verify=config_chain_preflight|udp_gso=common_cpp|udp_gro=on	cubic	complete	tail_insufficient	publishable	requests_per_second	2	duration	2000		20	5	18138.750000	18066.250000	18193.000000	0.006988	17835.000000	17746.755000	insufficient_order_stat_support	
xquicperf	datagram	syscall	loopback	cc=cubic|pacing=on|sendmmsg=on|cid_len=12|qlog=off|tls_sigalgs=ssl_ctx_wrap|tls_verify=config_chain_preflight|udp_gso=common_cpp|udp_gro=on	cubic	complete	tail_insufficient	publishable	datagrams_per_second	8	duration	2000		20	5	9984.000000	9930.250000	10039.750000	0.010968	9528.550000	9383.245000	insufficient_order_stat_support	
xquicperf	datagram	iouring	loopback	cc=cubic|pacing=on|sendmmsg=on|cid_len=12|qlog=off|tls_sigalgs=ssl_ctx_wrap|tls_verify=config_chain_preflight|udp_gso=common_cpp|udp_gro=on	cubic	complete	noisy	inconclusive	datagrams_per_second	8	duration	2000		20	5	3451.500000	3357.250000	3622.500000	0.076851	2089.100000	1754.705000	insufficient_order_stat_support	p50_ci_width_0.0769_gt_0.0500;p80_p20_1.4370_gt_1.1500;block_median_ratio_1.3134_gt_1.1000;drift_-0.0398_gt_0.0300
xquicperf	idle_footprint	syscall	loopback	cc=cubic|pacing=on|sendmmsg=on|cid_len=12|qlog=off|tls_sigalgs=ssl_ctx_wrap|tls_verify=config_chain_preflight|udp_gso=common_cpp|udp_gro=on	cubic	complete	noisy	inconclusive	server_rss_delta_bytes_per_connection	16	work			20	5	164352.000000	161664.000000	167296.000000	0.034268	174054.400000	176335.360000	insufficient_order_stat_support	drift_0.0316_gt_0.0300
xquicperf	idle_footprint	iouring	loopback	cc=cubic|pacing=on|sendmmsg=on|cid_len=12|qlog=off|tls_sigalgs=ssl_ctx_wrap|tls_verify=config_chain_preflight|udp_gso=common_cpp|udp_gro=on	cubic	complete	noisy	inconclusive	server_rss_delta_bytes_per_connection	16	work			20	5	135168.000000	131968.000000	141056.000000	0.067235	141593.600000	142238.720000	insufficient_order_stat_support	p50_ci_width_0.0672_gt_0.0500;block_median_ratio_1.1395_gt_1.1000;drift_-0.0358_gt_0.0300
xquicperf	close_reset_cleanup	syscall	loopback	cc=cubic|pacing=on|sendmmsg=on|cid_len=12|qlog=off|tls_sigalgs=ssl_ctx_wrap|tls_verify=config_chain_preflight|udp_gso=common_cpp|udp_gro=on	cubic	complete	tail_insufficient	publishable	streams_per_second	16	duration	2000		20	5	20353.750000	20287.000000	20542.500000	0.012553	20141.000000	19818.350000	insufficient_order_stat_support	
xquicperf	close_reset_cleanup	iouring	loopback	cc=cubic|pacing=on|sendmmsg=on|cid_len=12|qlog=off|tls_sigalgs=ssl_ctx_wrap|tls_verify=config_chain_preflight|udp_gso=common_cpp|udp_gro=on	cubic	complete	tail_insufficient	publishable	streams_per_second	2	duration	2000		20	5	18196.250000	18140.000000	18334.000000	0.010662	17757.250000	17564.110000	insufficient_order_stat_support	
quicheperf	download	syscall	loopback	cc=cubic|migration=off|pmtud=off|max_windows=profile|udp_gso=common_cpp|udp_gro=on	cubic	complete	noisy	inconclusive	throughput_gbps	1	duration	2000		20	5	11.257714	10.965459	11.336331	0.032944	10.226787	9.962844	insufficient_order_stat_support	p50_ci_width_0.0329_gt_0.0300
quicheperf	download	iouring	loopback	cc=cubic|migration=off|pmtud=off|max_windows=profile|udp_gso=common_cpp|udp_gro=on	cubic	complete	noisy	inconclusive	throughput_gbps	1	duration	2000		20	5	9.803676	9.705087	10.149964	0.045379	9.047359	9.012705	insufficient_order_stat_support	p50_ci_width_0.0454_gt_0.0300
quicheperf	upload	syscall	loopback	cc=cubic|migration=off|pmtud=off|max_windows=profile|udp_gso=common_cpp|udp_gro=on	cubic	complete	tail_insufficient	publishable	throughput_gbps	4	duration	2000		20	5	14.794150	14.719327	14.881314	0.010949	14.543231	14.485944	insufficient_order_stat_support	
quicheperf	upload	iouring	loopback	cc=cubic|migration=off|pmtud=off|max_windows=profile|udp_gso=common_cpp|udp_gro=on	cubic	complete	tail_insufficient	publishable	throughput_gbps	2	duration	2000		20	5	13.754891	13.748090	13.933100	0.013450	13.591559	13.336147	insufficient_order_stat_support	
quicheperf	connect	syscall	loopback	cc=cubic|migration=off|pmtud=off|max_windows=profile|udp_gso=common_cpp|udp_gro=on	cubic	complete	tail_insufficient	publishable	connections_per_second	16	work		8	20	5	276.992591	274.953555	277.958093	0.010847	264.859685	255.046222	insufficient_order_stat_support	
quicheperf	connect	iouring	loopback	cc=cubic|migration=off|pmtud=off|max_windows=profile|udp_gso=common_cpp|udp_gro=on	cubic	complete	tail_insufficient	publishable	connections_per_second	16	work		8	20	5	258.442356	258.442356	260.106464	0.006439	247.993306	246.137275	insufficient_order_stat_support	
quicheperf	reqresp	syscall	loopback	cc=cubic|migration=off|pmtud=off|max_windows=profile|udp_gso=common_cpp|udp_gro=on	cubic	complete	tail_insufficient	publishable	requests_per_second	16	duration	2000		20	5	64574.000000	62931.500000	65117.500000	0.033853	62480.000000	62080.715000	insufficient_order_stat_support	
quicheperf	reqresp	iouring	loopback	cc=cubic|migration=off|pmtud=off|max_windows=profile|udp_gso=common_cpp|udp_gro=on	cubic	complete	tail_insufficient	publishable	requests_per_second	16	duration	2000		20	5	50634.250000	49863.500000	51248.250000	0.027348	47602.800000	46700.595000	insufficient_order_stat_support	
quicheperf	stream_churn	syscall	loopback	cc=cubic|migration=off|pmtud=off|max_windows=profile|udp_gso=common_cpp|udp_gro=on	cubic	complete	tail_insufficient	publishable	streams_per_second	16	duration	2000		20	5	74756.000000	73950.500000	75007.500000	0.014139	71260.500000	69964.680000	insufficient_order_stat_support	
quicheperf	stream_churn	iouring	loopback	cc=cubic|migration=off|pmtud=off|max_windows=profile|udp_gso=common_cpp|udp_gro=on	cubic	complete	tail_insufficient	publishable	streams_per_second	16	duration	2000		20	5	53924.000000	53461.750000	54421.000000	0.017789	50014.400000	49181.135000	insufficient_order_stat_support	
quicheperf	multistream_download	syscall	loopback	cc=cubic|migration=off|pmtud=off|max_windows=profile|udp_gso=common_cpp|udp_gro=on	cubic	complete	tail_insufficient	publishable	throughput_gbps	1	duration	2000		20	5	10.990408	10.913105	11.056597	0.013056	10.613052	10.075869	insufficient_order_stat_support	
quicheperf	multistream_download	iouring	loopback	cc=cubic|migration=off|pmtud=off|max_windows=profile|udp_gso=common_cpp|udp_gro=on	cubic	complete	tail_insufficient	publishable	throughput_gbps	1	duration	2000		20	5	11.155995	11.126727	11.269147	0.012766	10.452656	10.198098	insufficient_order_stat_support	
quicheperf	multistream_upload	syscall	loopback	cc=cubic|migration=off|pmtud=off|max_windows=profile|udp_gso=common_cpp|udp_gro=on	cubic	complete	tail_insufficient	publishable	throughput_gbps	2	duration	2000		20	5	15.290884	15.244832	15.304731	0.003917	14.627626	14.328735	insufficient_order_stat_support	
quicheperf	multistream_upload	iouring	loopback	cc=cubic|migration=off|pmtud=off|max_windows=profile|udp_gso=common_cpp|udp_gro=on	cubic	complete	tail_insufficient	publishable	throughput_gbps	2	duration	2000		20	5	13.932797	13.832647	14.018973	0.013373	12.872910	12.714984	insufficient_order_stat_support	
quicheperf	bidi	syscall	loopback	cc=cubic|migration=off|pmtud=off|max_windows=profile|udp_gso=common_cpp|udp_gro=on	cubic	complete	noisy	inconclusive	throughput_gbps	4	duration	2000		20	5	12.661595	12.479573	12.869909	0.030828	11.821057	11.420153	insufficient_order_stat_support	p50_ci_width_0.0308_gt_0.0300
quicheperf	bidi	iouring	loopback	cc=cubic|migration=off|pmtud=off|max_windows=profile|udp_gso=common_cpp|udp_gro=on	cubic	complete	tail_insufficient	publishable	throughput_gbps	4	duration	2000		20	5	11.905773	11.849401	12.006875	0.013227	11.174884	11.138823	insufficient_order_stat_support	
quicheperf	small_payload_pps	syscall	loopback	cc=cubic|migration=off|pmtud=off|max_windows=profile|udp_gso=common_cpp|udp_gro=on	cubic	complete	tail_insufficient	publishable	messages_per_second	16	duration	2000		20	5	73852.250000	72379.000000	75510.000000	0.042395	70781.200000	69397.045000	insufficient_order_stat_support	
quicheperf	small_payload_pps	iouring	loopback	cc=cubic|migration=off|pmtud=off|max_windows=profile|udp_gso=common_cpp|udp_gro=on	cubic	complete	tail_insufficient	publishable	messages_per_second	16	duration	2000		20	5	53078.500000	52660.250000	53388.250000	0.013716	49565.200000	47663.185000	insufficient_order_stat_support	
quicheperf	loss_recovery	syscall	loopback	cc=cubic|migration=off|pmtud=off|max_windows=profile|udp_gso=common_cpp|udp_gro=on	cubic	complete	tail_insufficient	publishable	throughput_gbps	1	duration	5000		20	5	11.689198	11.487498	11.967415	0.041056	11.263823	11.098342	insufficient_order_stat_support	
quicheperf	loss_recovery	iouring	loopback	cc=cubic|migration=off|pmtud=off|max_windows=profile|udp_gso=common_cpp|udp_gro=on	cubic	complete	tail_insufficient	publishable	throughput_gbps	1	duration	5000		20	5	10.877015	10.749359	10.912115	0.014963	10.430454	10.316486	insufficient_order_stat_support	
quicheperf	flow_control	syscall	loopback	cc=cubic|migration=off|pmtud=off|max_windows=profile|udp_gso=common_cpp|udp_gro=on	cubic	complete	tail_insufficient	publishable	throughput_gbps	8	duration	2000		20	5	10.308521	10.225739	10.380340	0.014997	9.689253	9.188047	insufficient_order_stat_support	
quicheperf	flow_control	iouring	loopback	cc=cubic|migration=off|pmtud=off|max_windows=profile|udp_gso=common_cpp|udp_gro=on	cubic	complete	tail_insufficient	publishable	throughput_gbps	2	duration	2000		20	5	9.963935	9.881419	10.067345	0.018660	9.648298	9.297046	insufficient_order_stat_support	
quicheperf	resumed_connect	syscall	loopback	cc=cubic|migration=off|pmtud=off|max_windows=profile|udp_gso=common_cpp|udp_gro=on	cubic	complete	noisy	inconclusive	connections_per_second	2	work		64	20	5	301.344005	294.922840	312.125611	0.057087	291.657168	287.708018	insufficient_order_stat_support	p50_ci_width_0.0571_gt_0.0500
quicheperf	resumed_connect	iouring	loopback	cc=cubic|migration=off|pmtud=off|max_windows=profile|udp_gso=common_cpp|udp_gro=on	cubic	complete	tail_insufficient	publishable	connections_per_second	2	work		64	20	5	305.901563	300.418984	307.971521	0.024689	295.576580	284.228565	insufficient_order_stat_support	
quicheperf	zero_rtt_reqresp	syscall	loopback	cc=cubic|migration=off|pmtud=off|max_windows=profile|udp_gso=common_cpp|udp_gro=on	cubic	complete	tail_insufficient	publishable	requests_per_second	16	duration	2000		20	5	65327.250000	64926.000000	65817.500000	0.013647	62600.450000	61437.155000	insufficient_order_stat_support	
quicheperf	zero_rtt_reqresp	iouring	loopback	cc=cubic|migration=off|pmtud=off|max_windows=profile|udp_gso=common_cpp|udp_gro=on	cubic	complete	tail_insufficient	publishable	requests_per_second	8	duration	2000		20	5	46529.000000	46105.500000	46606.250000	0.010762	45708.200000	44774.405000	insufficient_order_stat_support	
quicheperf	datagram	syscall	loopback	cc=cubic|migration=off|pmtud=off|max_windows=profile|udp_gso=common_cpp|udp_gro=on	cubic	complete	noisy	inconclusive	datagrams_per_second	2	duration	2000		20	5	5141277.500000	4263851.500000	5340576.000000	0.209427	4154823.200000	3737509.040000	insufficient_order_stat_support	p50_ci_width_0.2094_gt_0.0500;p80_p20_1.2636_gt_1.1500;block_median_ratio_1.2884_gt_1.1000
quicheperf	datagram	iouring	loopback	cc=cubic|migration=off|pmtud=off|max_windows=profile|udp_gso=common_cpp|udp_gro=on	cubic	complete	noisy	inconclusive	datagrams_per_second	2	duration	2000		20	5	5206512.500000	5055357.500000	5230766.000000	0.033690	4134915.250000	3981228.325000	insufficient_order_stat_support	p80_p20_1.2990_gt_1.1500;block_median_ratio_1.1454_gt_1.1000;drift_0.0578_gt_0.0300
quicheperf	idle_footprint	syscall	loopback	cc=cubic|migration=off|pmtud=off|max_windows=profile|udp_gso=common_cpp|udp_gro=on	cubic	complete	tail_insufficient	publishable	server_rss_delta_bytes_per_connection	16	work			20	5	125440.000000	124160.000000	128000.000000	0.030612	135193.600000	135838.720000	insufficient_order_stat_support	
quicheperf	idle_footprint	iouring	loopback	cc=cubic|migration=off|pmtud=off|max_windows=profile|udp_gso=common_cpp|udp_gro=on	cubic	complete	noisy	inconclusive	server_rss_delta_bytes_per_connection	16	work			20	5	84864.000000	84224.000000	92672.000000	0.099548	93286.400000	96926.720000	insufficient_order_stat_support	p50_ci_width_0.0995_gt_0.0500;block_median_ratio_1.1256_gt_1.1000;outliers_1
quicheperf	close_reset_cleanup	syscall	loopback	cc=cubic|migration=off|pmtud=off|max_windows=profile|udp_gso=common_cpp|udp_gro=on	cubic	complete	tail_insufficient	publishable	streams_per_second	16	duration	2000		20	5	75079.750000	74557.750000	75675.500000	0.014888	72456.700000	71958.865000	insufficient_order_stat_support	
quicheperf	close_reset_cleanup	iouring	loopback	cc=cubic|migration=off|pmtud=off|max_windows=profile|udp_gso=common_cpp|udp_gro=on	cubic	complete	tail_insufficient	publishable	streams_per_second	16	duration	2000		20	5	52788.000000	52323.000000	53214.750000	0.016893	48907.400000	47511.725000	insufficient_order_stat_support	
picoperf	download	syscall	loopback	cc=cubic|pmtud=off|packet_train=off|bdp_frame=on|bdp_seed=off|seed_now=off|udp_gso=common_cpp_after_impairment|udp_gro=on|mtu=1452|null_verifier=ed25519_sigalgs	cubic	complete	noisy	inconclusive	throughput_gbps	1	duration	2000		20	5	8.906486	8.827499	9.132400	0.034234	8.739561	8.631714	insufficient_order_stat_support	p50_ci_width_0.0342_gt_0.0300
picoperf	download	iouring	loopback	cc=cubic|pmtud=off|packet_train=off|bdp_frame=on|bdp_seed=off|seed_now=off|udp_gso=common_cpp_after_impairment|udp_gro=on|mtu=1452|null_verifier=ed25519_sigalgs	cubic	complete	tail_insufficient	publishable	throughput_gbps	1	duration	2000		20	5	9.690742	9.599148	9.836706	0.024514	9.405859	9.352155	insufficient_order_stat_support	
picoperf	upload	syscall	loopback	cc=cubic|pmtud=off|packet_train=off|bdp_frame=on|bdp_seed=off|seed_now=off|udp_gso=common_cpp_after_impairment|udp_gro=on|mtu=1452|null_verifier=ed25519_sigalgs	cubic	complete	tail_insufficient	publishable	throughput_gbps	2	duration	2000		20	5	15.823322	15.782749	15.848952	0.004184	15.480080	15.343899	insufficient_order_stat_support	
picoperf	upload	iouring	loopback	cc=cubic|pmtud=off|packet_train=off|bdp_frame=on|bdp_seed=off|seed_now=off|udp_gso=common_cpp_after_impairment|udp_gro=on|mtu=1452|null_verifier=ed25519_sigalgs	cubic	complete	tail_insufficient	publishable	throughput_gbps	2	duration	2000		20	5	14.549216	14.432848	14.710930	0.019113	14.227492	14.142371	insufficient_order_stat_support	
picoperf	connect	syscall	loopback	cc=cubic|pmtud=off|packet_train=off|bdp_frame=on|bdp_seed=off|seed_now=off|udp_gso=common_cpp_after_impairment|udp_gro=on|mtu=1452|null_verifier=ed25519_sigalgs	cubic	complete	tail_insufficient	publishable	connections_per_second	16	work		8	20	5	296.534223	290.463905	303.226104	0.043038	280.593423	270.872536	insufficient_order_stat_support	
picoperf	connect	iouring	loopback	cc=cubic|pmtud=off|packet_train=off|bdp_frame=on|bdp_seed=off|seed_now=off|udp_gso=common_cpp_after_impairment|udp_gro=on|mtu=1452|null_verifier=ed25519_sigalgs	cubic	complete	noisy	inconclusive	connections_per_second	16	work		8	20	5	270.184885	264.766841	283.150241	0.068040	261.909702	254.663570	insufficient_order_stat_support	p50_ci_width_0.0680_gt_0.0500
picoperf	reqresp	syscall	loopback	cc=cubic|pmtud=off|packet_train=off|bdp_frame=on|bdp_seed=off|seed_now=off|udp_gso=common_cpp_after_impairment|udp_gro=on|mtu=1452|null_verifier=ed25519_sigalgs	cubic	complete	tail_insufficient	publishable	requests_per_second	16	duration	2000		20	5	59097.500000	58317.000000	59352.500000	0.017522	57357.650000	57182.645000	insufficient_order_stat_support	
picoperf	reqresp	iouring	loopback	cc=cubic|pmtud=off|packet_train=off|bdp_frame=on|bdp_seed=off|seed_now=off|udp_gso=common_cpp_after_impairment|udp_gro=on|mtu=1452|null_verifier=ed25519_sigalgs	cubic	complete	tail_insufficient	publishable	requests_per_second	8	duration	2000		20	5	30699.250000	30281.000000	31148.500000	0.028258	29893.950000	29141.370000	insufficient_order_stat_support	
picoperf	stream_churn	syscall	loopback	cc=cubic|pmtud=off|packet_train=off|bdp_frame=on|bdp_seed=off|seed_now=off|udp_gso=common_cpp_after_impairment|udp_gro=on|mtu=1452|null_verifier=ed25519_sigalgs	cubic	complete	noisy	inconclusive	streams_per_second	16	duration	2000		20	5	48480.000000	47520.000000	51190.000000	0.075701	43890.400000	41331.160000	insufficient_order_stat_support	p50_ci_width_0.0757_gt_0.0500;block_median_ratio_1.1232_gt_1.1000;drift_0.0525_gt_0.0300
picoperf	stream_churn	iouring	loopback	cc=cubic|pmtud=off|packet_train=off|bdp_frame=on|bdp_seed=off|seed_now=off|udp_gso=common_cpp_after_impairment|udp_gro=on|mtu=1452|null_verifier=ed25519_sigalgs	cubic	complete	tail_insufficient	publishable	streams_per_second	16	duration	2000		20	5	45686.000000	45112.000000	45750.000000	0.013965	44723.600000	44605.880000	insufficient_order_stat_support	
picoperf	multistream_download	syscall	loopback	cc=cubic|pmtud=off|packet_train=off|bdp_frame=on|bdp_seed=off|seed_now=off|udp_gso=common_cpp_after_impairment|udp_gro=on|mtu=1452|null_verifier=ed25519_sigalgs	cubic	complete	tail_insufficient	publishable	throughput_gbps	16	duration	2000		20	5	0.546475	0.544303	0.549876	0.010198	0.542012	0.540154	insufficient_order_stat_support	
picoperf	multistream_download	iouring	loopback	cc=cubic|pmtud=off|packet_train=off|bdp_frame=on|bdp_seed=off|seed_now=off|udp_gso=common_cpp_after_impairment|udp_gro=on|mtu=1452|null_verifier=ed25519_sigalgs	cubic	complete	tail_insufficient	publishable	throughput_gbps	16	duration	2000		20	5	0.672515	0.671620	0.673922	0.003424	0.667843	0.661022	insufficient_order_stat_support	
picoperf	multistream_upload	syscall	loopback	cc=cubic|pmtud=off|packet_train=off|bdp_frame=on|bdp_seed=off|seed_now=off|udp_gso=common_cpp_after_impairment|udp_gro=on|mtu=1452|null_verifier=ed25519_sigalgs	cubic	complete	tail_insufficient	publishable	throughput_gbps	16	duration	2000		20	5	0.591317	0.589634	0.592612	0.005037	0.580462	0.580090	insufficient_order_stat_support	
picoperf	multistream_upload	iouring	loopback	cc=cubic|pmtud=off|packet_train=off|bdp_frame=on|bdp_seed=off|seed_now=off|udp_gso=common_cpp_after_impairment|udp_gro=on|mtu=1452|null_verifier=ed25519_sigalgs	cubic	complete	tail_insufficient	publishable	throughput_gbps	16	duration	2000		20	5	0.592580	0.591870	0.593991	0.003578	0.585742	0.583984	insufficient_order_stat_support	
picoperf	bidi	syscall	loopback	cc=cubic|pmtud=off|packet_train=off|bdp_frame=on|bdp_seed=off|seed_now=off|udp_gso=common_cpp_after_impairment|udp_gro=on|mtu=1452|null_verifier=ed25519_sigalgs	cubic	complete	noisy	inconclusive	throughput_gbps	16	duration	2000		20	5	0.223152	0.221122	0.231535	0.046661	0.212452	0.206156	insufficient_order_stat_support	p50_ci_width_0.0467_gt_0.0300;drift_-0.0344_gt_0.0300
picoperf	bidi	iouring	loopback	cc=cubic|pmtud=off|packet_train=off|bdp_frame=on|bdp_seed=off|seed_now=off|udp_gso=common_cpp_after_impairment|udp_gro=on|mtu=1452|null_verifier=ed25519_sigalgs	cubic	complete	noisy	inconclusive	throughput_gbps	16	duration	2000		20	5	0.258150	0.254892	0.258555	0.014191	0.230969	0.225520	insufficient_order_stat_support	p80_p20_1.1787_gt_1.1500;block_median_ratio_1.1017_gt_1.1000;drift_0.0384_gt_0.0300
picoperf	small_payload_pps	syscall	loopback	cc=cubic|pmtud=off|packet_train=off|bdp_frame=on|bdp_seed=off|seed_now=off|udp_gso=common_cpp_after_impairment|udp_gro=on|mtu=1452|null_verifier=ed25519_sigalgs	cubic	complete	tail_insufficient	publishable	messages_per_second	16	duration	2000		20	5	49594.000000	49280.000000	51072.000000	0.036133	47894.400000	46922.760000	insufficient_order_stat_support	
picoperf	small_payload_pps	iouring	loopback	cc=cubic|pmtud=off|packet_train=off|bdp_frame=on|bdp_seed=off|seed_now=off|udp_gso=common_cpp_after_impairment|udp_gro=on|mtu=1452|null_verifier=ed25519_sigalgs	cubic	complete	tail_insufficient	publishable	messages_per_second	16	duration	2000		20	5	45910.000000	45420.000000	46410.000000	0.021564	44847.600000	44231.640000	insufficient_order_stat_support	
picoperf	loss_recovery	syscall	loopback	cc=cubic|pmtud=off|packet_train=off|bdp_frame=on|bdp_seed=off|seed_now=off|udp_gso=common_cpp_after_impairment|udp_gro=on|mtu=1452|null_verifier=ed25519_sigalgs	cubic	complete	tail_insufficient	publishable	throughput_gbps	1	duration	5000		20	5	7.589778	7.444678	7.611442	0.021972	6.989919	6.896274	insufficient_order_stat_support	
picoperf	loss_recovery	iouring	loopback	cc=cubic|pmtud=off|packet_train=off|bdp_frame=on|bdp_seed=off|seed_now=off|udp_gso=common_cpp_after_impairment|udp_gro=on|mtu=1452|null_verifier=ed25519_sigalgs	cubic	complete	tail_insufficient	publishable	throughput_gbps	1	duration	5000		20	5	7.174883	6.897017	7.249373	0.049110	6.782773	6.625622	insufficient_order_stat_support	
picoperf	flow_control	syscall	loopback	cc=cubic|pmtud=off|packet_train=off|bdp_frame=on|bdp_seed=off|seed_now=off|udp_gso=common_cpp_after_impairment|udp_gro=on|mtu=1452|null_verifier=ed25519_sigalgs	cubic	complete	tail_insufficient	publishable	throughput_gbps	1	duration	2000		20	5	9.686089	9.489780	9.771656	0.029101	9.320625	9.205929	insufficient_order_stat_support	
picoperf	flow_control	iouring	loopback	cc=cubic|pmtud=off|packet_train=off|bdp_frame=on|bdp_seed=off|seed_now=off|udp_gso=common_cpp_after_impairment|udp_gro=on|mtu=1452|null_verifier=ed25519_sigalgs	cubic	complete	tail_insufficient	publishable	throughput_gbps	1	duration	2000		20	5	9.579541	9.522621	9.656568	0.013983	9.377359	9.283252	insufficient_order_stat_support	
picoperf	resumed_connect	syscall	loopback	cc=cubic|pmtud=off|packet_train=off|bdp_frame=on|bdp_seed=off|seed_now=off|udp_gso=common_cpp_after_impairment|udp_gro=on|mtu=1452|null_verifier=ed25519_sigalgs	cubic	complete	noisy	inconclusive	connections_per_second	2	work		64	20	5	388.360530	381.655378	403.692352	0.056744	375.012731	363.488175	insufficient_order_stat_support	p50_ci_width_0.0567_gt_0.0500;block_median_ratio_1.1200_gt_1.1000
picoperf	resumed_connect	iouring	loopback	cc=cubic|pmtud=off|packet_train=off|bdp_frame=on|bdp_seed=off|seed_now=off|udp_gso=common_cpp_after_impairment|udp_gro=on|mtu=1452|null_verifier=ed25519_sigalgs	cubic	complete	noisy	inconclusive	connections_per_second	4	work		32	20	5	401.604717	356.104973	418.876919	0.156303	330.038900	325.788981	insufficient_order_stat_support	p50_ci_width_0.1563_gt_0.0500;p80_p20_1.2749_gt_1.1500;block_median_ratio_1.2594_gt_1.1000
picoperf	zero_rtt_reqresp	syscall	loopback	cc=cubic|pmtud=off|packet_train=off|bdp_frame=on|bdp_seed=off|seed_now=off|udp_gso=common_cpp_after_impairment|udp_gro=on|mtu=1452|null_verifier=ed25519_sigalgs	cubic	complete	tail_insufficient	publishable	requests_per_second	16	duration	2000		20	5	56002.750000	55671.500000	56419.000000	0.013348	53626.200000	53171.205000	insufficient_order_stat_support	
picoperf	zero_rtt_reqresp	iouring	loopback	cc=cubic|pmtud=off|packet_train=off|bdp_frame=on|bdp_seed=off|seed_now=off|udp_gso=common_cpp_after_impairment|udp_gro=on|mtu=1452|null_verifier=ed25519_sigalgs	cubic	complete	tail_insufficient	publishable	requests_per_second	8	duration	2000		20	5	30601.750000	30360.500000	30893.000000	0.017401	29702.000000	29510.165000	insufficient_order_stat_support	
picoperf	datagram	syscall	loopback	cc=cubic|pmtud=off|packet_train=off|bdp_frame=on|bdp_seed=off|seed_now=off|udp_gso=common_cpp_after_impairment|udp_gro=on|mtu=1452|null_verifier=ed25519_sigalgs	cubic	complete	noisy	inconclusive	datagrams_per_second	1	duration	2000		20	5	71990.500000	71385.750000	72521.000000	0.015769	68153.250000	65497.710000	insufficient_order_stat_support	drift_-0.0364_gt_0.0300
picoperf	datagram	iouring	loopback	cc=cubic|pmtud=off|packet_train=off|bdp_frame=on|bdp_seed=off|seed_now=off|udp_gso=common_cpp_after_impairment|udp_gro=on|mtu=1452|null_verifier=ed25519_sigalgs	cubic	complete	noisy	inconclusive	datagrams_per_second	1	duration	2000		20	5	91122.500000	89678.000000	94384.500000	0.051650	83556.550000	80252.965000	insufficient_order_stat_support	p50_ci_width_0.0517_gt_0.0500
picoperf	idle_footprint	syscall	loopback	cc=cubic|pmtud=off|packet_train=off|bdp_frame=on|bdp_seed=off|seed_now=off|udp_gso=common_cpp_after_impairment|udp_gro=on|mtu=1452|null_verifier=ed25519_sigalgs	cubic	complete	tail_insufficient	publishable	server_rss_delta_bytes_per_connection	16	work			20	5	135424.000000	134656.000000	135936.000000	0.009452	140800.000000	144348.160000	insufficient_order_stat_support	
picoperf	idle_footprint	iouring	loopback	cc=cubic|pmtud=off|packet_train=off|bdp_frame=on|bdp_seed=off|seed_now=off|udp_gso=common_cpp_after_impairment|udp_gro=on|mtu=1452|null_verifier=ed25519_sigalgs	cubic	complete	tail_insufficient	publishable	server_rss_delta_bytes_per_connection	16	work			20	5	93056.000000	92416.000000	93952.000000	0.016506	105753.600000	107020.800000	insufficient_order_stat_support	
picoperf	close_reset_cleanup	syscall	loopback	cc=cubic|pmtud=off|packet_train=off|bdp_frame=on|bdp_seed=off|seed_now=off|udp_gso=common_cpp_after_impairment|udp_gro=on|mtu=1452|null_verifier=ed25519_sigalgs	cubic	complete	tail_insufficient	publishable	streams_per_second	16	duration	2000		20	5	49276.000000	48144.000000	50416.000000	0.046108	47000.800000	42527.800000	insufficient_order_stat_support	
picoperf	close_reset_cleanup	iouring	loopback	cc=cubic|pmtud=off|packet_train=off|bdp_frame=on|bdp_seed=off|seed_now=off|udp_gso=common_cpp_after_impairment|udp_gro=on|mtu=1452|null_verifier=ed25519_sigalgs	cubic	complete	tail_insufficient	publishable	streams_per_second	16	duration	2000		20	5	45716.000000	45402.000000	46252.000000	0.018593	44743.600000	44055.640000	insufficient_order_stat_support	
quinnperf	download	syscall	loopback	cc=cubic|sans_io=quinn-proto|cpp_networkhub=on|udp_gso=common_cpp|udp_gro=on|runtime=none	cubic	complete	tail_insufficient	publishable	throughput_gbps	2	duration	2000		20	5	6.695362	6.675537	6.766208	0.013542	6.478700	6.392596	insufficient_order_stat_support	
quinnperf	download	iouring	loopback	cc=cubic|sans_io=quinn-proto|cpp_networkhub=on|udp_gso=common_cpp|udp_gro=on|runtime=none	cubic	complete	tail_insufficient	publishable	throughput_gbps	2	duration	2000		20	5	6.870274	6.805263	6.878134	0.010607	6.673084	6.643305	insufficient_order_stat_support	
quinnperf	upload	syscall	loopback	cc=cubic|sans_io=quinn-proto|cpp_networkhub=on|udp_gso=common_cpp|udp_gro=on|runtime=none	cubic	complete	tail_insufficient	publishable	throughput_gbps	1	duration	2000		20	5	3.450073	3.432975	3.469228	0.010508	3.420490	3.389557	insufficient_order_stat_support	
quinnperf	upload	iouring	loopback	cc=cubic|sans_io=quinn-proto|cpp_networkhub=on|udp_gso=common_cpp|udp_gro=on|runtime=none	cubic	complete	tail_insufficient	publishable	throughput_gbps	1	duration	2000		20	5	4.247289	4.246620	4.247727	0.000261	4.198918	4.188969	insufficient_order_stat_support	
quinnperf	connect	syscall	loopback	cc=cubic|sans_io=quinn-proto|cpp_networkhub=on|udp_gso=common_cpp|udp_gro=on|runtime=none	cubic	complete	noisy	inconclusive	connections_per_second	8	work		16	20	5	302.179879	291.779794	307.610354	0.052388	276.959399	274.145063	insufficient_order_stat_support	p50_ci_width_0.0524_gt_0.0500
quinnperf	connect	iouring	loopback	cc=cubic|sans_io=quinn-proto|cpp_networkhub=on|udp_gso=common_cpp|udp_gro=on|runtime=none	cubic	complete	tail_insufficient	publishable	connections_per_second	16	work		8	20	5	274.843466	272.774907	279.935369	0.026053	268.827495	253.717120	insufficient_order_stat_support	
quinnperf	reqresp	syscall	loopback	cc=cubic|sans_io=quinn-proto|cpp_networkhub=on|udp_gso=common_cpp|udp_gro=on|runtime=none	cubic	complete	tail_insufficient	publishable	requests_per_second	2	duration	2000		20	5	51031.250000	51015.250000	51123.000000	0.002111	49881.950000	49711.670000	insufficient_order_stat_support	
quinnperf	reqresp	iouring	loopback	cc=cubic|sans_io=quinn-proto|cpp_networkhub=on|udp_gso=common_cpp|udp_gro=on|runtime=none	cubic	complete	tail_insufficient	publishable	requests_per_second	1	duration	2000		20	5	32764.750000	32764.500000	32765.000000	0.000015	32764.500000	32764.500000	insufficient_order_stat_support	
quinnperf	stream_churn	syscall	loopback	cc=cubic|sans_io=quinn-proto|cpp_networkhub=on|udp_gso=common_cpp|udp_gro=on|runtime=none	cubic	complete	tail_insufficient	publishable	streams_per_second	2	duration	2000		20	5	52025.500000	50758.250000	52964.000000	0.042397	50412.800000	49684.520000	insufficient_order_stat_support	
quinnperf	stream_churn	iouring	loopback	cc=cubic|sans_io=quinn-proto|cpp_networkhub=on|udp_gso=common_cpp|udp_gro=on|runtime=none	cubic	complete	tail_insufficient	publishable	streams_per_second	1	duration	2000		20	5	32765.000000	32764.500000	32765.500000	0.000031	32764.500000	32764.500000	insufficient_order_stat_support	
quinnperf	multistream_download	syscall	loopback	cc=cubic|sans_io=quinn-proto|cpp_networkhub=on|udp_gso=common_cpp|udp_gro=on|runtime=none	cubic	complete	tail_insufficient	publishable	throughput_gbps	2	duration	2000		20	5	6.438752	6.349860	6.484584	0.020924	6.332031	6.306445	insufficient_order_stat_support	
quinnperf	multistream_download	iouring	loopback	cc=cubic|sans_io=quinn-proto|cpp_networkhub=on|udp_gso=common_cpp|udp_gro=on|runtime=none	cubic	complete	tail_insufficient	publishable	throughput_gbps	2	duration	2000		20	5	6.669714	6.594307	6.688136	0.014068	6.516757	6.462927	insufficient_order_stat_support	
quinnperf	multistream_upload	syscall	loopback	cc=cubic|sans_io=quinn-proto|cpp_networkhub=on|udp_gso=common_cpp|udp_gro=on|runtime=none	cubic	complete	tail_insufficient	publishable	throughput_gbps	16	duration	2000		20	5	1.534066	1.530921	1.539310	0.005468	1.524630	1.523780	insufficient_order_stat_support	
quinnperf	multistream_upload	iouring	loopback	cc=cubic|sans_io=quinn-proto|cpp_networkhub=on|udp_gso=common_cpp|udp_gro=on|runtime=none	cubic	complete	tail_insufficient	publishable	throughput_gbps	16	duration	2000		20	5	1.533018	1.530921	1.537737	0.004446	1.526622	1.525678	insufficient_order_stat_support	
quinnperf	bidi	syscall	loopback	cc=cubic|sans_io=quinn-proto|cpp_networkhub=on|udp_gso=common_cpp|udp_gro=on|runtime=none	cubic	complete	tail_insufficient	publishable	throughput_gbps	1	duration	2000		20	5	4.612374	4.595700	4.641002	0.009822	4.520614	4.473992	insufficient_order_stat_support	
quinnperf	bidi	iouring	loopback	cc=cubic|sans_io=quinn-proto|cpp_networkhub=on|udp_gso=common_cpp|udp_gro=on|runtime=none	cubic	complete	tail_insufficient	publishable	throughput_gbps	1	duration	2000		20	5	5.316893	5.273132	5.352980	0.015018	5.246163	5.154747	insufficient_order_stat_support	
quinnperf	small_payload_pps	syscall	loopback	cc=cubic|sans_io=quinn-proto|cpp_networkhub=on|udp_gso=common_cpp|udp_gro=on|runtime=none	cubic	complete	tail_insufficient	publishable	messages_per_second	2	duration	2000		20	5	52510.750000	52159.500000	52917.750000	0.014440	51623.700000	50964.720000	insufficient_order_stat_support	
quinnperf	small_payload_pps	iouring	loopback	cc=cubic|sans_io=quinn-proto|cpp_networkhub=on|udp_gso=common_cpp|udp_gro=on|runtime=none	cubic	complete	tail_insufficient	publishable	messages_per_second	1	duration	2000		20	5	32764.750000	32764.500000	32765.000000	0.000015	32764.500000	32764.500000	insufficient_order_stat_support	
quinnperf	loss_recovery	syscall	loopback	cc=cubic|sans_io=quinn-proto|cpp_networkhub=on|udp_gso=common_cpp|udp_gro=on|runtime=none	cubic	complete	tail_insufficient	publishable	throughput_gbps	2	duration	5000		20	5	6.525654	6.508407	6.591781	0.012776	6.367265	6.279321	insufficient_order_stat_support	
quinnperf	loss_recovery	iouring	loopback	cc=cubic|sans_io=quinn-proto|cpp_networkhub=on|udp_gso=common_cpp|udp_gro=on|runtime=none	cubic	complete	tail_insufficient	publishable	throughput_gbps	4	duration	5000		20	5	6.543605	6.523967	6.613998	0.013759	6.460864	6.441590	insufficient_order_stat_support	
quinnperf	flow_control	syscall	loopback	cc=cubic|sans_io=quinn-proto|cpp_networkhub=on|udp_gso=common_cpp|udp_gro=on|runtime=none	cubic	complete	tail_insufficient	publishable	throughput_gbps	2	duration	2000		20	5	5.212619	5.176372	5.273921	0.018714	5.115556	5.029921	insufficient_order_stat_support	
quinnperf	flow_control	iouring	loopback	cc=cubic|sans_io=quinn-proto|cpp_networkhub=on|udp_gso=common_cpp|udp_gro=on|runtime=none	cubic	complete	tail_insufficient	publishable	throughput_gbps	2	duration	2000		20	5	5.326770	5.319942	5.335265	0.002877	5.270913	5.262891	insufficient_order_stat_support	
quinnperf	resumed_connect	syscall	loopback	cc=cubic|sans_io=quinn-proto|cpp_networkhub=on|udp_gso=common_cpp|udp_gro=on|runtime=none	cubic	complete	tail_insufficient	publishable	connections_per_second	16	work		2	20	5	14.413419	14.360031	14.455702	0.006638	14.309945	14.285591	insufficient_order_stat_support	
quinnperf	resumed_connect	iouring	loopback	cc=cubic|sans_io=quinn-proto|cpp_networkhub=on|udp_gso=common_cpp|udp_gro=on|runtime=none	cubic	complete	tail_insufficient	publishable	connections_per_second	16	work		2	20	5	14.937794	14.891604	14.946916	0.003703	14.818833	14.798484	insufficient_order_stat_support	
quinnperf	zero_rtt_reqresp	syscall	loopback	cc=cubic|sans_io=quinn-proto|cpp_networkhub=on|udp_gso=common_cpp|udp_gro=on|runtime=none	cubic	complete	tail_insufficient	publishable	requests_per_second	1	duration	2000		20	5	32765.000000	32764.500000	32765.000000	0.000015	32764.500000	32764.500000	insufficient_order_stat_support	
quinnperf	zero_rtt_reqresp	iouring	loopback	cc=cubic|sans_io=quinn-proto|cpp_networkhub=on|udp_gso=common_cpp|udp_gro=on|runtime=none	cubic	complete	tail_insufficient	publishable	requests_per_second	1	duration	2000		20	5	32764.750000	32764.500000	32765.000000	0.000015	32764.500000	32764.500000	insufficient_order_stat_support	
quinnperf	datagram	syscall	loopback	cc=cubic|sans_io=quinn-proto|cpp_networkhub=on|udp_gso=common_cpp|udp_gro=on|runtime=none	cubic	complete	tail_insufficient	publishable	datagrams_per_second	4	duration	2000		20	5	3504773.000000	3493875.750000	3531873.250000	0.010842	3476106.300000	3468649.620000	insufficient_order_stat_support	
quinnperf	datagram	iouring	loopback	cc=cubic|sans_io=quinn-proto|cpp_networkhub=on|udp_gso=common_cpp|udp_gro=on|runtime=none	cubic	complete	tail_insufficient	publishable	datagrams_per_second	4	duration	2000		20	5	3296997.250000	3264728.500000	3364181.500000	0.030165	3207451.300000	3054184.990000	insufficient_order_stat_support	
quinnperf	idle_footprint	syscall	loopback	cc=cubic|sans_io=quinn-proto|cpp_networkhub=on|udp_gso=common_cpp|udp_gro=on|runtime=none	cubic	complete	noisy	inconclusive	server_rss_delta_bytes_per_connection	16	work			20	5	80896.000000	72064.000000	82688.000000	0.131329	86528.000000	90467.840000	insufficient_order_stat_support	p50_ci_width_0.1313_gt_0.0500;p80_p20_1.1823_gt_1.1500;block_median_ratio_1.2241_gt_1.1000;drift_0.0741_gt_0.0300
quinnperf	idle_footprint	iouring	loopback	cc=cubic|sans_io=quinn-proto|cpp_networkhub=on|udp_gso=common_cpp|udp_gro=on|runtime=none	cubic	complete	noisy	inconclusive	server_rss_delta_bytes_per_connection	16	work			20	5	90496.000000	84224.000000	98816.000000	0.161245	100377.600000	101437.440000	insufficient_order_stat_support	p50_ci_width_0.1612_gt_0.0500;p80_p20_1.1949_gt_1.1500;block_median_ratio_1.1829_gt_1.1000
quinnperf	close_reset_cleanup	syscall	loopback	cc=cubic|sans_io=quinn-proto|cpp_networkhub=on|udp_gso=common_cpp|udp_gro=on|runtime=none	cubic	complete	tail_insufficient	publishable	streams_per_second	2	duration	2000		20	5	51519.000000	50930.000000	52418.000000	0.028883	50232.700000	49928.950000	insufficient_order_stat_support	
quinnperf	close_reset_cleanup	iouring	loopback	cc=cubic|sans_io=quinn-proto|cpp_networkhub=on|udp_gso=common_cpp|udp_gro=on|runtime=none	cubic	complete	tail_insufficient	publishable	streams_per_second	2	duration	2000		20	5	54645.250000	52807.500000	55314.500000	0.045878	52577.550000	52232.490000	insufficient_order_stat_support	
noqperf	download	syscall	loopback	cc=cubic|sans_io=noq-proto|cpp_networkhub=on|udp_gso=common_cpp|udp_gro=on|runtime=none	cubic	complete	tail_insufficient	publishable	throughput_gbps	2	duration	2000		20	5	5.386795	5.345708	5.410367	0.012003	5.254018	5.239883	insufficient_order_stat_support	
noqperf	download	iouring	loopback	cc=cubic|sans_io=noq-proto|cpp_networkhub=on|udp_gso=common_cpp|udp_gro=on|runtime=none	cubic	complete	tail_insufficient	publishable	throughput_gbps	2	duration	2000		20	5	5.498447	5.492773	5.513962	0.003854	5.451288	5.409274	insufficient_order_stat_support	
noqperf	upload	syscall	loopback	cc=cubic|sans_io=noq-proto|cpp_networkhub=on|udp_gso=common_cpp|udp_gro=on|runtime=none	cubic	complete	tail_insufficient	publishable	throughput_gbps	1	duration	2000		20	5	2.862236	2.862236	2.866321	0.001427	2.828317	2.792605	insufficient_order_stat_support	
noqperf	upload	iouring	loopback	cc=cubic|sans_io=noq-proto|cpp_networkhub=on|udp_gso=common_cpp|udp_gro=on|runtime=none	cubic	complete	tail_insufficient	publishable	throughput_gbps	1	duration	2000		20	5	3.423858	3.422830	3.433040	0.002982	3.390146	3.339424	insufficient_order_stat_support	
noqperf	connect	syscall	loopback	cc=cubic|sans_io=noq-proto|cpp_networkhub=on|udp_gso=common_cpp|udp_gro=on|runtime=none	cubic	complete	noisy	inconclusive	connections_per_second	8	work		16	20	5	305.874992	302.661366	306.455811	0.012405	283.544102	262.462943	insufficient_order_stat_support	drift_-0.0538_gt_0.0300
noqperf	connect	iouring	loopback	cc=cubic|sans_io=noq-proto|cpp_networkhub=on|udp_gso=common_cpp|udp_gro=on|runtime=none	cubic	complete	noisy	inconclusive	connections_per_second	16	work		8	20	5	276.724679	267.618277	281.786335	0.051199	260.511024	255.612159	insufficient_order_stat_support	p50_ci_width_0.0512_gt_0.0500;drift_0.0426_gt_0.0300
noqperf	reqresp	syscall	loopback	cc=cubic|sans_io=noq-proto|cpp_networkhub=on|udp_gso=common_cpp|udp_gro=on|runtime=none	cubic	complete	tail_insufficient	publishable	requests_per_second	1	duration	2000		20	5	32764.500000	32764.500000	32764.500000	0.000000	32764.500000	32764.500000	insufficient_order_stat_support	
noqperf	reqresp	iouring	loopback	cc=cubic|sans_io=noq-proto|cpp_networkhub=on|udp_gso=common_cpp|udp_gro=on|runtime=none	cubic	complete	tail_insufficient	publishable	requests_per_second	1	duration	2000		20	5	32765.000000	32764.500000	32765.000000	0.000015	32764.500000	32764.500000	insufficient_order_stat_support	
noqperf	stream_churn	syscall	loopback	cc=cubic|sans_io=noq-proto|cpp_networkhub=on|udp_gso=common_cpp|udp_gro=on|runtime=none	cubic	complete	tail_insufficient	publishable	streams_per_second	2	duration	2000		20	5	44055.500000	43924.000000	44103.000000	0.004063	42808.450000	42737.890000	insufficient_order_stat_support	
noqperf	stream_churn	iouring	loopback	cc=cubic|sans_io=noq-proto|cpp_networkhub=on|udp_gso=common_cpp|udp_gro=on|runtime=none	cubic	complete	tail_insufficient	publishable	streams_per_second	1	duration	2000		20	5	32765.000000	32764.500000	32765.000000	0.000015	32764.500000	32764.500000	insufficient_order_stat_support	
noqperf	multistream_download	syscall	loopback	cc=cubic|sans_io=noq-proto|cpp_networkhub=on|udp_gso=common_cpp|udp_gro=on|runtime=none	cubic	complete	tail_insufficient	publishable	throughput_gbps	2	duration	2000		20	5	5.299551	5.226050	5.319930	0.017715	5.172574	5.163763	insufficient_order_stat_support	
noqperf	multistream_download	iouring	loopback	cc=cubic|sans_io=noq-proto|cpp_networkhub=on|udp_gso=common_cpp|udp_gro=on|runtime=none	cubic	complete	tail_insufficient	publishable	throughput_gbps	2	duration	2000		20	5	5.368531	5.329301	5.401505	0.013449	5.286578	5.271628	insufficient_order_stat_support	
noqperf	multistream_upload	syscall	loopback	cc=cubic|sans_io=noq-proto|cpp_networkhub=on|udp_gso=common_cpp|udp_gro=on|runtime=none	cubic	complete	tail_insufficient	publishable	throughput_gbps	8	duration	2000		20	5	0.767558	0.761266	0.771752	0.013662	0.758750	0.753276	insufficient_order_stat_support	
noqperf	multistream_upload	iouring	loopback	cc=cubic|sans_io=noq-proto|cpp_networkhub=on|udp_gso=common_cpp|udp_gro=on|runtime=none	cubic	complete	tail_insufficient	publishable	throughput_gbps	8	duration	2000		20	5	0.767558	0.767558	0.767558	0.000000	0.757806	0.749030	insufficient_order_stat_support	
noqperf	bidi	syscall	loopback	cc=cubic|sans_io=noq-proto|cpp_networkhub=on|udp_gso=common_cpp|udp_gro=on|runtime=none	cubic	complete	tail_insufficient	publishable	throughput_gbps	1	duration	2000		20	5	3.856375	3.837994	3.893363	0.014358	3.742712	3.703613	insufficient_order_stat_support	
noqperf	bidi	iouring	loopback	cc=cubic|sans_io=noq-proto|cpp_networkhub=on|udp_gso=common_cpp|udp_gro=on|runtime=none	cubic	complete	tail_insufficient	publishable	throughput_gbps	1	duration	2000		20	5	4.385600	4.291297	4.387766	0.021997	4.273511	4.214703	insufficient_order_stat_support	
noqperf	small_payload_pps	syscall	loopback	cc=cubic|sans_io=noq-proto|cpp_networkhub=on|udp_gso=common_cpp|udp_gro=on|runtime=none	cubic	complete	tail_insufficient	publishable	messages_per_second	2	duration	2000		20	5	44582.750000	44263.750000	45192.000000	0.020821	43484.050000	43249.690000	insufficient_order_stat_support	
noqperf	small_payload_pps	iouring	loopback	cc=cubic|sans_io=noq-proto|cpp_networkhub=on|udp_gso=common_cpp|udp_gro=on|runtime=none	cubic	complete	tail_insufficient	publishable	messages_per_second	1	duration	2000		20	5	32765.000000	32764.750000	32765.250000	0.000015	32764.500000	32764.500000	insufficient_order_stat_support	
noqperf	loss_recovery	syscall	loopback	cc=cubic|sans_io=noq-proto|cpp_networkhub=on|udp_gso=common_cpp|udp_gro=on|runtime=none	cubic	complete	tail_insufficient	publishable	throughput_gbps	2	duration	5000		20	5	5.102222	5.085224	5.106462	0.004163	5.031483	5.020877	insufficient_order_stat_support	
noqperf	loss_recovery	iouring	loopback	cc=cubic|sans_io=noq-proto|cpp_networkhub=on|udp_gso=common_cpp|udp_gro=on|runtime=none	cubic	complete	tail_insufficient	publishable	throughput_gbps	2	duration	5000		20	5	4.967051	4.959479	4.972971	0.002716	4.939889	4.897363	insufficient_order_stat_support	
noqperf	flow_control	syscall	loopback	cc=cubic|sans_io=noq-proto|cpp_networkhub=on|udp_gso=common_cpp|udp_gro=on|runtime=none	cubic	complete	tail_insufficient	publishable	throughput_gbps	2	duration	2000		20	5	4.225389	4.194485	4.256488	0.014674	4.156878	4.124253	insufficient_order_stat_support	
noqperf	flow_control	iouring	loopback	cc=cubic|sans_io=noq-proto|cpp_networkhub=on|udp_gso=common_cpp|udp_gro=on|runtime=none	cubic	complete	tail_insufficient	publishable	throughput_gbps	2	duration	2000		20	5	4.319797	4.298362	4.378222	0.018487	4.270710	4.220794	insufficient_order_stat_support	
noqperf	resumed_connect	syscall	loopback	cc=cubic|sans_io=noq-proto|cpp_networkhub=on|udp_gso=common_cpp|udp_gro=on|runtime=none	cubic	complete	tail_insufficient	publishable	connections_per_second	16	work		2	20	5	14.431365	14.414941	14.471425	0.003914	14.394767	14.296903	insufficient_order_stat_support	
noqperf	resumed_connect	iouring	loopback	cc=cubic|sans_io=noq-proto|cpp_networkhub=on|udp_gso=common_cpp|udp_gro=on|runtime=none	cubic	complete	tail_insufficient	publishable	connections_per_second	16	work		2	20	5	14.966822	14.914633	15.010525	0.006407	14.877989	14.807238	insufficient_order_stat_support	
noqperf	zero_rtt_reqresp	syscall	loopback	cc=cubic|sans_io=noq-proto|cpp_networkhub=on|udp_gso=common_cpp|udp_gro=on|runtime=none	cubic	complete	tail_insufficient	publishable	requests_per_second	1	duration	2000		20	5	32764.750000	32764.500000	32765.000000	0.000015	32764.500000	32764.500000	insufficient_order_stat_support	
noqperf	zero_rtt_reqresp	iouring	loopback	cc=cubic|sans_io=noq-proto|cpp_networkhub=on|udp_gso=common_cpp|udp_gro=on|runtime=none	cubic	complete	tail_insufficient	publishable	requests_per_second	1	duration	2000		20	5	32764.500000	32764.500000	32764.750000	0.000008	32764.500000	32764.500000	insufficient_order_stat_support	
noqperf	datagram	syscall	loopback	cc=cubic|sans_io=noq-proto|cpp_networkhub=on|udp_gso=common_cpp|udp_gro=on|runtime=none	cubic	complete	tail_insufficient	publishable	datagrams_per_second	4	duration	2000		20	5	2772331.000000	2764472.000000	2779425.000000	0.005394	2734675.500000	2720516.070000	insufficient_order_stat_support	
noqperf	datagram	iouring	loopback	cc=cubic|sans_io=noq-proto|cpp_networkhub=on|udp_gso=common_cpp|udp_gro=on|runtime=none	cubic	complete	tail_insufficient	publishable	datagrams_per_second	4	duration	2000		20	5	2642925.500000	2599772.500000	2660031.750000	0.022800	2563678.450000	2523965.635000	insufficient_order_stat_support	
noqperf	idle_footprint	syscall	loopback	cc=cubic|sans_io=noq-proto|cpp_networkhub=on|udp_gso=common_cpp|udp_gro=on|runtime=none	cubic	complete	noisy	inconclusive	server_rss_delta_bytes_per_connection	16	work			20	5	113920.000000	112896.000000	121856.000000	0.078652	130918.400000	132876.800000	insufficient_order_stat_support	p50_ci_width_0.0787_gt_0.0500;block_median_ratio_1.1410_gt_1.1000
noqperf	idle_footprint	iouring	loopback	cc=cubic|sans_io=noq-proto|cpp_networkhub=on|udp_gso=common_cpp|udp_gro=on|runtime=none	cubic	complete	noisy	inconclusive	server_rss_delta_bytes_per_connection	16	work			20	5	141696.000000	135936.000000	145280.000000	0.065944	152166.400000	154124.800000	insufficient_order_stat_support	p50_ci_width_0.0659_gt_0.0500;drift_0.0554_gt_0.0300
noqperf	close_reset_cleanup	syscall	loopback	cc=cubic|sans_io=noq-proto|cpp_networkhub=on|udp_gso=common_cpp|udp_gro=on|runtime=none	cubic	complete	tail_insufficient	publishable	streams_per_second	2	duration	2000		20	5	43988.250000	43763.000000	44379.000000	0.014004	43370.350000	42950.905000	insufficient_order_stat_support	
noqperf	close_reset_cleanup	iouring	loopback	cc=cubic|sans_io=noq-proto|cpp_networkhub=on|udp_gso=common_cpp|udp_gro=on|runtime=none	cubic	complete	tail_insufficient	publishable	streams_per_second	1	duration	2000		20	5	32764.500000	32764.500000	32765.000000	0.000015	32764.500000	32764.500000	insufficient_order_stat_support	
tquicperf	download	syscall	loopback	cc=cubic|pacing=on|pmtud=off|send_batch=150|max_conns=server_connections|tls_sigalgs=explicit|udp_gso=common_cpp|udp_gro=on	cubic	complete	tail_insufficient	publishable	throughput_gbps	1	duration	2000		20	5	8.599656	8.534728	8.756929	0.025838	8.421730	8.378620	insufficient_order_stat_support	
tquicperf	download	iouring	loopback	cc=cubic|pacing=on|pmtud=off|send_batch=150|max_conns=server_connections|tls_sigalgs=explicit|udp_gso=common_cpp|udp_gro=on	cubic	complete	noisy	inconclusive	throughput_gbps	1	duration	2000		20	5	8.871873	8.661126	9.090872	0.048439	8.349207	8.010520	insufficient_order_stat_support	p50_ci_width_0.0484_gt_0.0300
tquicperf	upload	syscall	loopback	cc=cubic|pacing=on|pmtud=off|send_batch=150|max_conns=server_connections|tls_sigalgs=explicit|udp_gso=common_cpp|udp_gro=on	cubic	complete	tail_insufficient	publishable	throughput_gbps	16	duration	2000		20	5	14.251444	14.113956	14.403446	0.020313	14.026603	13.871887	insufficient_order_stat_support	
tquicperf	upload	iouring	loopback	cc=cubic|pacing=on|pmtud=off|send_batch=150|max_conns=server_connections|tls_sigalgs=explicit|udp_gso=common_cpp|udp_gro=on	cubic	complete	noisy	inconclusive	throughput_gbps	4	duration	2000		20	5	12.096529	12.093841	12.098478	0.000383	11.960718	11.851959	insufficient_order_stat_support	outliers_9
tquicperf	connect	syscall	loopback	cc=cubic|pacing=on|pmtud=off|send_batch=150|max_conns=server_connections|tls_sigalgs=explicit|udp_gso=common_cpp|udp_gro=on	cubic	complete	tail_insufficient	publishable	connections_per_second	16	work		8	20	5	300.440243	295.741520	303.038015	0.024286	281.594986	280.706581	insufficient_order_stat_support	
tquicperf	connect	iouring	loopback	cc=cubic|pacing=on|pmtud=off|send_batch=150|max_conns=server_connections|tls_sigalgs=explicit|udp_gso=common_cpp|udp_gro=on	cubic	complete	tail_insufficient	publishable	connections_per_second	16	work		8	20	5	274.999622	272.654096	276.981848	0.015737	270.273637	261.775633	insufficient_order_stat_support	
tquicperf	reqresp	syscall	loopback	cc=cubic|pacing=on|pmtud=off|send_batch=150|max_conns=server_connections|tls_sigalgs=explicit|udp_gso=common_cpp|udp_gro=on	cubic	complete	tail_insufficient	publishable	requests_per_second	16	duration	2000		20	5	155043.250000	154589.750000	156092.000000	0.009689	152706.550000	152640.445000	insufficient_order_stat_support	
tquicperf	reqresp	iouring	loopback	cc=cubic|pacing=on|pmtud=off|send_batch=150|max_conns=server_connections|tls_sigalgs=explicit|udp_gso=common_cpp|udp_gro=on	cubic	complete	tail_insufficient	publishable	requests_per_second	16	duration	2000		20	5	153124.000000	152921.750000	153382.750000	0.003011	151605.600000	149234.460000	insufficient_order_stat_support	
tquicperf	stream_churn	syscall	loopback	cc=cubic|pacing=on|pmtud=off|send_batch=150|max_conns=server_connections|tls_sigalgs=explicit|udp_gso=common_cpp|udp_gro=on	cubic	complete	tail_insufficient	publishable	streams_per_second	16	duration	2000		20	5	178272.000000	177570.000000	179464.000000	0.010624	175498.000000	174451.480000	insufficient_order_stat_support	
tquicperf	stream_churn	iouring	loopback	cc=cubic|pacing=on|pmtud=off|send_batch=150|max_conns=server_connections|tls_sigalgs=explicit|udp_gso=common_cpp|udp_gro=on	cubic	complete	tail_insufficient	publishable	streams_per_second	16	duration	2000		20	5	176678.000000	175702.250000	177986.000000	0.012926	173001.200000	172607.360000	insufficient_order_stat_support	
tquicperf	multistream_download	syscall	loopback	cc=cubic|pacing=on|pmtud=off|send_batch=150|max_conns=server_connections|tls_sigalgs=explicit|udp_gso=common_cpp|udp_gro=on	cubic	complete	noisy	inconclusive	throughput_gbps	2	duration	2000		20	5	10.049245	9.808006	10.225691	0.041564	9.381189	8.770556	insufficient_order_stat_support	p50_ci_width_0.0416_gt_0.0300
tquicperf	multistream_download	iouring	loopback	cc=cubic|pacing=on|pmtud=off|send_batch=150|max_conns=server_connections|tls_sigalgs=explicit|udp_gso=common_cpp|udp_gro=on	cubic	complete	noisy	inconclusive	throughput_gbps	1	duration	2000		20	5	8.555343	8.258861	8.800959	0.063364	8.202381	8.179928	insufficient_order_stat_support	p50_ci_width_0.0634_gt_0.0300
tquicperf	multistream_upload	syscall	loopback	cc=cubic|pacing=on|pmtud=off|send_batch=150|max_conns=server_connections|tls_sigalgs=explicit|udp_gso=common_cpp|udp_gro=on	cubic	complete	tail_insufficient	publishable	throughput_gbps	2	duration	2000		20	5	14.157874	14.076084	14.210302	0.009480	13.240998	13.233826	insufficient_order_stat_support	
tquicperf	multistream_upload	iouring	loopback	cc=cubic|pacing=on|pmtud=off|send_batch=150|max_conns=server_connections|tls_sigalgs=explicit|udp_gso=common_cpp|udp_gro=on	cubic	complete	tail_insufficient	publishable	throughput_gbps	2	duration	2000		20	5	12.769559	12.706644	12.807308	0.007883	12.470505	12.060176	insufficient_order_stat_support	
tquicperf	bidi	syscall	loopback	cc=cubic|pacing=on|pmtud=off|send_batch=150|max_conns=server_connections|tls_sigalgs=explicit|udp_gso=common_cpp|udp_gro=on	cubic	complete	tail_insufficient	publishable	throughput_gbps	4	duration	2000		20	5	11.223257	11.186209	11.400118	0.019059	10.869958	10.477372	insufficient_order_stat_support	
tquicperf	bidi	iouring	loopback	cc=cubic|pacing=on|pmtud=off|send_batch=150|max_conns=server_connections|tls_sigalgs=explicit|udp_gso=common_cpp|udp_gro=on	cubic	complete	tail_insufficient	publishable	throughput_gbps	4	duration	2000		20	5	10.280824	10.252402	10.351542	0.009643	9.834385	9.823060	insufficient_order_stat_support	
tquicperf	small_payload_pps	syscall	loopback	cc=cubic|pacing=on|pmtud=off|send_batch=150|max_conns=server_connections|tls_sigalgs=explicit|udp_gso=common_cpp|udp_gro=on	cubic	complete	tail_insufficient	publishable	messages_per_second	16	duration	2000		20	5	176604.000000	175778.000000	178252.000000	0.014009	172126.400000	171082.760000	insufficient_order_stat_support	
tquicperf	small_payload_pps	iouring	loopback	cc=cubic|pacing=on|pmtud=off|send_batch=150|max_conns=server_connections|tls_sigalgs=explicit|udp_gso=common_cpp|udp_gro=on	cubic	complete	tail_insufficient	publishable	messages_per_second	16	duration	2000		20	5	174458.500000	174124.000000	175082.000000	0.005491	169260.900000	168849.240000	insufficient_order_stat_support	
tquicperf	loss_recovery	syscall	loopback	cc=cubic|pacing=on|pmtud=off|send_batch=150|max_conns=server_connections|tls_sigalgs=explicit|udp_gso=common_cpp|udp_gro=on	cubic	complete	tail_insufficient	publishable	throughput_gbps	2	duration	5000		20	5	8.979878	8.919639	9.136350	0.024133	8.857012	8.798956	insufficient_order_stat_support	
tquicperf	loss_recovery	iouring	loopback	cc=cubic|pacing=on|pmtud=off|send_batch=150|max_conns=server_connections|tls_sigalgs=explicit|udp_gso=common_cpp|udp_gro=on	cubic	complete	tail_insufficient	publishable	throughput_gbps	2	duration	5000		20	5	8.791515	8.736829	8.914043	0.020157	8.627203	8.526719	insufficient_order_stat_support	
tquicperf	flow_control	syscall	loopback	cc=cubic|pacing=on|pmtud=off|send_batch=150|max_conns=server_connections|tls_sigalgs=explicit|udp_gso=common_cpp|udp_gro=on	cubic	complete	tail_insufficient	publishable	throughput_gbps	16	duration	2000		20	5	7.942835	7.913199	8.064395	0.019036	7.646547	7.401690	insufficient_order_stat_support	
tquicperf	flow_control	iouring	loopback	cc=cubic|pacing=on|pmtud=off|send_batch=150|max_conns=server_connections|tls_sigalgs=explicit|udp_gso=common_cpp|udp_gro=on	cubic	complete	tail_insufficient	publishable	throughput_gbps	16	duration	2000		20	5	8.102019	8.041287	8.110732	0.008571	7.698897	7.620310	insufficient_order_stat_support	
tquicperf	resumed_connect	syscall	loopback	cc=cubic|pacing=on|pmtud=off|send_batch=150|max_conns=server_connections|tls_sigalgs=explicit|udp_gso=common_cpp|udp_gro=on	cubic	complete	tail_insufficient	publishable	connections_per_second	16	work		8	20	5	215.799802	212.166775	218.659422	0.030086	210.215374	207.772807	insufficient_order_stat_support	
tquicperf	resumed_connect	iouring	loopback	cc=cubic|pacing=on|pmtud=off|send_batch=150|max_conns=server_connections|tls_sigalgs=explicit|udp_gso=common_cpp|udp_gro=on	cubic	complete	noisy	inconclusive	connections_per_second	8	work		16	20	5	182.469992	174.414240	184.576944	0.055695	172.758989	169.292804	insufficient_order_stat_support	p50_ci_width_0.0557_gt_0.0500;drift_-0.0478_gt_0.0300
tquicperf	zero_rtt_reqresp	syscall	loopback	cc=cubic|pacing=on|pmtud=off|send_batch=150|max_conns=server_connections|tls_sigalgs=explicit|udp_gso=common_cpp|udp_gro=on	cubic	complete	tail_insufficient	publishable	requests_per_second	16	duration	2000		20	5	154448.000000	153446.000000	155044.750000	0.010351	151728.150000	150309.705000	insufficient_order_stat_support	
tquicperf	zero_rtt_reqresp	iouring	loopback	cc=cubic|pacing=on|pmtud=off|send_batch=150|max_conns=server_connections|tls_sigalgs=explicit|udp_gso=common_cpp|udp_gro=on	cubic	complete	tail_insufficient	publishable	requests_per_second	16	duration	2000		20	5	152698.000000	151977.500000	154381.000000	0.015740	150103.950000	149197.245000	insufficient_order_stat_support	
tquicperf	datagram	syscall	loopback	cc=cubic|pacing=on|pmtud=off|send_batch=150|max_conns=server_connections|tls_sigalgs=explicit|udp_gso=common_cpp|udp_gro=on	cubic	complete	tail_insufficient	publishable	datagrams_per_second	2	duration	2000		20	5	887032.250000	882741.750000	888803.000000	0.006833	833949.500000	812362.325000	insufficient_order_stat_support	
tquicperf	datagram	iouring	loopback	cc=cubic|pacing=on|pmtud=off|send_batch=150|max_conns=server_connections|tls_sigalgs=explicit|udp_gso=common_cpp|udp_gro=on	cubic	complete	tail_insufficient	publishable	datagrams_per_second	2	duration	2000		20	5	839445.500000	831998.250000	849091.500000	0.020363	811718.750000	774656.165000	insufficient_order_stat_support	
tquicperf	idle_footprint	syscall	loopback	cc=cubic|pacing=on|pmtud=off|send_batch=150|max_conns=server_connections|tls_sigalgs=explicit|udp_gso=common_cpp|udp_gro=on	cubic	complete	noisy	inconclusive	server_rss_delta_bytes_per_connection	16	work			20	5	146560.000000	145664.000000	148736.000000	0.020961	161203.200000	164474.880000	insufficient_order_stat_support	block_median_ratio_1.1073_gt_1.1000
tquicperf	idle_footprint	iouring	loopback	cc=cubic|pacing=on|pmtud=off|send_batch=150|max_conns=server_connections|tls_sigalgs=explicit|udp_gso=common_cpp|udp_gro=on	cubic	complete	noisy	inconclusive	server_rss_delta_bytes_per_connection	16	work			20	5	115072.000000	112128.000000	115840.000000	0.032258	120755.200000	125685.760000	insufficient_order_stat_support	drift_-0.0378_gt_0.0300
tquicperf	close_reset_cleanup	syscall	loopback	cc=cubic|pacing=on|pmtud=off|send_batch=150|max_conns=server_connections|tls_sigalgs=explicit|udp_gso=common_cpp|udp_gro=on	cubic	complete	tail_insufficient	publishable	streams_per_second	16	duration	2000		20	5	178364.000000	177908.000000	180940.000000	0.016999	176090.000000	175037.360000	insufficient_order_stat_support	
tquicperf	close_reset_cleanup	iouring	loopback	cc=cubic|pacing=on|pmtud=off|send_batch=150|max_conns=server_connections|tls_sigalgs=explicit|udp_gso=common_cpp|udp_gro=on	cubic	complete	tail_insufficient	publishable	streams_per_second	16	duration	2000		20	5	177026.000000	175472.000000	178664.000000	0.018031	173336.000000	172229.720000	insufficient_order_stat_support	
quiczigperf	download	syscall	loopback	cc=cubic|bbr=unsupported|packet_api=quic-zig-connection|cpp_networkhub=on|udp_gso=common_cpp|udp_gro=on|runtime=none|pmtud=off|pacing=library_default|send_backpressure=stream_window|flow_window=profile_request|server_send_rr=on	cubic	complete	noisy	inconclusive	throughput_gbps	1	duration	2000		20	5	10.375135	10.139730	10.531653	0.037775	9.976676	9.944590	insufficient_order_stat_support	p50_ci_width_0.0378_gt_0.0300
quiczigperf	download	iouring	loopback	cc=cubic|bbr=unsupported|packet_api=quic-zig-connection|cpp_networkhub=on|udp_gso=common_cpp|udp_gro=on|runtime=none|pmtud=off|pacing=library_default|send_backpressure=stream_window|flow_window=profile_request|server_send_rr=on	cubic	complete	tail_insufficient	publishable	throughput_gbps	1	duration	2000		20	5	10.462691	10.450108	10.499391	0.004710	10.237457	10.018137	insufficient_order_stat_support	
quiczigperf	upload	syscall	loopback	cc=cubic|bbr=unsupported|packet_api=quic-zig-connection|cpp_networkhub=on|udp_gso=common_cpp|udp_gro=on|runtime=none|pmtud=off|pacing=library_default|send_backpressure=stream_window|flow_window=profile_request|server_send_rr=on	cubic	complete	tail_insufficient	publishable	throughput_gbps	1	duration	2000		20	5	10.642417	10.604651	10.736370	0.012377	10.289457	10.110559	insufficient_order_stat_support	
quiczigperf	upload	iouring	loopback	cc=cubic|bbr=unsupported|packet_api=quic-zig-connection|cpp_networkhub=on|udp_gso=common_cpp|udp_gro=on|runtime=none|pmtud=off|pacing=library_default|send_backpressure=stream_window|flow_window=profile_request|server_send_rr=on	cubic	complete	tail_insufficient	publishable	throughput_gbps	1	duration	2000		20	5	10.639901	10.563355	10.735321	0.016162	10.360855	9.950697	insufficient_order_stat_support	
quiczigperf	connect	syscall	loopback	cc=cubic|bbr=unsupported|packet_api=quic-zig-connection|cpp_networkhub=on|udp_gso=common_cpp|udp_gro=on|runtime=none|pmtud=off|pacing=library_default|send_backpressure=stream_window|flow_window=profile_request|server_send_rr=on	cubic	complete	tail_insufficient	publishable	connections_per_second	8	work		16	20	5	286.083448	279.875498	286.083448	0.021700	265.024785	249.259545	insufficient_order_stat_support	
quiczigperf	connect	iouring	loopback	cc=cubic|bbr=unsupported|packet_api=quic-zig-connection|cpp_networkhub=on|udp_gso=common_cpp|udp_gro=on|runtime=none|pmtud=off|pacing=library_default|send_backpressure=stream_window|flow_window=profile_request|server_send_rr=on	cubic	complete	tail_insufficient	publishable	connections_per_second	16	work		8	20	5	266.934016	263.528233	269.840933	0.023649	254.842411	248.726416	insufficient_order_stat_support	
quiczigperf	reqresp	syscall	loopback	cc=cubic|bbr=unsupported|packet_api=quic-zig-connection|cpp_networkhub=on|udp_gso=common_cpp|udp_gro=on|runtime=none|pmtud=off|pacing=library_default|send_backpressure=stream_window|flow_window=profile_request|server_send_rr=on	cubic	complete	tail_insufficient	publishable	requests_per_second	4	duration	2000		20	5	3704.000000	3698.750000	3719.000000	0.005467	3663.450000	3648.825000	insufficient_order_stat_support	
quiczigperf	reqresp	iouring	loopback	cc=cubic|bbr=unsupported|packet_api=quic-zig-connection|cpp_networkhub=on|udp_gso=common_cpp|udp_gro=on|runtime=none|pmtud=off|pacing=library_default|send_backpressure=stream_window|flow_window=profile_request|server_send_rr=on	cubic	complete	tail_insufficient	publishable	requests_per_second	4	duration	2000		20	5	3715.500000	3712.500000	3720.250000	0.002086	3698.500000	3696.475000	insufficient_order_stat_support	
quiczigperf	stream_churn	syscall	loopback	cc=cubic|bbr=unsupported|packet_api=quic-zig-connection|cpp_networkhub=on|udp_gso=common_cpp|udp_gro=on|runtime=none|pmtud=off|pacing=library_default|send_backpressure=stream_window|flow_window=profile_request|server_send_rr=on	cubic	complete	tail_insufficient	publishable	streams_per_second	4	duration	2000		20	5	3869.000000	3857.500000	3887.250000	0.007689	3820.250000	3782.765000	insufficient_order_stat_support	
quiczigperf	stream_churn	iouring	loopback	cc=cubic|bbr=unsupported|packet_api=quic-zig-connection|cpp_networkhub=on|udp_gso=common_cpp|udp_gro=on|runtime=none|pmtud=off|pacing=library_default|send_backpressure=stream_window|flow_window=profile_request|server_send_rr=on	cubic	complete	tail_insufficient	publishable	streams_per_second	4	duration	2000		20	5	3894.250000	3867.750000	3904.000000	0.009309	3848.550000	3827.895000	insufficient_order_stat_support	
quiczigperf	multistream_download	syscall	loopback	cc=cubic|bbr=unsupported|packet_api=quic-zig-connection|cpp_networkhub=on|udp_gso=common_cpp|udp_gro=on|runtime=none|pmtud=off|pacing=library_default|send_backpressure=stream_window|flow_window=profile_request|server_send_rr=on	cubic	complete	tail_insufficient	publishable	throughput_gbps	1	duration	2000		20	5	3.166176	3.129999	3.175613	0.014406	3.117101	3.085393	insufficient_order_stat_support	
quiczigperf	multistream_download	iouring	loopback	cc=cubic|bbr=unsupported|packet_api=quic-zig-connection|cpp_networkhub=on|udp_gso=common_cpp|udp_gro=on|runtime=none|pmtud=off|pacing=library_default|send_backpressure=stream_window|flow_window=profile_request|server_send_rr=on	cubic	complete	tail_insufficient	publishable	throughput_gbps	1	duration	2000		20	5	3.167224	3.152019	3.170370	0.005794	3.124651	3.118611	insufficient_order_stat_support	
quiczigperf	multistream_upload	syscall	loopback	cc=cubic|bbr=unsupported|packet_api=quic-zig-connection|cpp_networkhub=on|udp_gso=common_cpp|udp_gro=on|runtime=none|pmtud=off|pacing=library_default|send_backpressure=stream_window|flow_window=profile_request|server_send_rr=on	cubic	complete	tail_insufficient	publishable	throughput_gbps	4	duration	2000		20	5	9.392095	9.348579	9.418310	0.007424	9.328657	9.297608	insufficient_order_stat_support	
quiczigperf	multistream_upload	iouring	loopback	cc=cubic|bbr=unsupported|packet_api=quic-zig-connection|cpp_networkhub=on|udp_gso=common_cpp|udp_gro=on|runtime=none|pmtud=off|pacing=library_default|send_backpressure=stream_window|flow_window=profile_request|server_send_rr=on	cubic	complete	tail_insufficient	publishable	throughput_gbps	4	duration	2000		20	5	8.976335	8.906605	8.996258	0.009988	8.874308	8.830237	insufficient_order_stat_support	
quiczigperf	bidi	syscall	loopback	cc=cubic|bbr=unsupported|packet_api=quic-zig-connection|cpp_networkhub=on|udp_gso=common_cpp|udp_gro=on|runtime=none|pmtud=off|pacing=library_default|send_backpressure=stream_window|flow_window=profile_request|server_send_rr=on	cubic	complete	tail_insufficient	publishable	throughput_gbps	1	duration	2000		20	5	5.286396	5.239734	5.306843	0.012695	5.201204	5.150614	insufficient_order_stat_support	
quiczigperf	bidi	iouring	loopback	cc=cubic|bbr=unsupported|packet_api=quic-zig-connection|cpp_networkhub=on|udp_gso=common_cpp|udp_gro=on|runtime=none|pmtud=off|pacing=library_default|send_backpressure=stream_window|flow_window=profile_request|server_send_rr=on	cubic	complete	tail_insufficient	publishable	throughput_gbps	1	duration	2000		20	5	5.274862	5.257650	5.311262	0.010164	5.224972	5.173066	insufficient_order_stat_support	
quiczigperf	small_payload_pps	syscall	loopback	cc=cubic|bbr=unsupported|packet_api=quic-zig-connection|cpp_networkhub=on|udp_gso=common_cpp|udp_gro=on|runtime=none|pmtud=off|pacing=library_default|send_backpressure=stream_window|flow_window=profile_request|server_send_rr=on	cubic	complete	tail_insufficient	publishable	messages_per_second	8	duration	2000		20	5	3936.000000	3931.500000	3962.000000	0.007749	3903.600000	3881.370000	insufficient_order_stat_support	
quiczigperf	small_payload_pps	iouring	loopback	cc=cubic|bbr=unsupported|packet_api=quic-zig-connection|cpp_networkhub=on|udp_gso=common_cpp|udp_gro=on|runtime=none|pmtud=off|pacing=library_default|send_backpressure=stream_window|flow_window=profile_request|server_send_rr=on	cubic	complete	tail_insufficient	publishable	messages_per_second	8	duration	2000		20	5	3938.000000	3936.000000	3962.750000	0.006793	3931.150000	3906.850000	insufficient_order_stat_support	
quiczigperf	loss_recovery	syscall	loopback	cc=cubic|bbr=unsupported|packet_api=quic-zig-connection|cpp_networkhub=on|udp_gso=common_cpp|udp_gro=on|runtime=none|pmtud=off|pacing=library_default|send_backpressure=stream_window|flow_window=profile_request|server_send_rr=on	cubic	complete	noisy	inconclusive	throughput_gbps	1	duration	5000		20	5	9.393958	8.797989	9.909551	0.118327	8.367640	8.262901	insufficient_order_stat_support	p50_ci_width_0.1183_gt_0.0800;p80_p20_1.1745_gt_1.1500;block_median_ratio_1.1499_gt_1.1000;drift_-0.0501_gt_0.0300
quiczigperf	loss_recovery	iouring	loopback	cc=cubic|bbr=unsupported|packet_api=quic-zig-connection|cpp_networkhub=on|udp_gso=common_cpp|udp_gro=on|runtime=none|pmtud=off|pacing=library_default|send_backpressure=stream_window|flow_window=profile_request|server_send_rr=on	cubic	complete	tail_insufficient	publishable	throughput_gbps	1	duration	5000		20	5	9.628566	9.453554	9.758188	0.031639	9.433700	9.154927	insufficient_order_stat_support	
quiczigperf	flow_control	syscall	loopback	cc=cubic|bbr=unsupported|packet_api=quic-zig-connection|cpp_networkhub=on|udp_gso=common_cpp|udp_gro=on|runtime=none|pmtud=off|pacing=library_default|send_backpressure=stream_window|flow_window=profile_request|server_send_rr=on	cubic	complete	tail_insufficient	publishable	throughput_gbps	2	duration	2000		20	5	8.470081	8.373008	8.635894	0.031037	8.155843	8.100967	insufficient_order_stat_support	
quiczigperf	flow_control	iouring	loopback	cc=cubic|bbr=unsupported|packet_api=quic-zig-connection|cpp_networkhub=on|udp_gso=common_cpp|udp_gro=on|runtime=none|pmtud=off|pacing=library_default|send_backpressure=stream_window|flow_window=profile_request|server_send_rr=on	cubic	complete	tail_insufficient	publishable	throughput_gbps	2	duration	2000		20	5	8.434462	8.359397	8.674730	0.037386	8.237277	8.174953	insufficient_order_stat_support	
quiczigperf	resumed_connect	syscall	loopback	cc=cubic|bbr=unsupported|packet_api=quic-zig-connection|cpp_networkhub=on|udp_gso=common_cpp|udp_gro=on|runtime=none|pmtud=off|pacing=library_default|send_backpressure=stream_window|flow_window=profile_request|server_send_rr=on	cubic	complete	tail_insufficient	publishable	connections_per_second	16	work		2	20	5	14.110829	14.021666	14.284508	0.018627	13.969395	13.784002	insufficient_order_stat_support	
quiczigperf	resumed_connect	iouring	loopback	cc=cubic|bbr=unsupported|packet_api=quic-zig-connection|cpp_networkhub=on|udp_gso=common_cpp|udp_gro=on|runtime=none|pmtud=off|pacing=library_default|send_backpressure=stream_window|flow_window=profile_request|server_send_rr=on	cubic	complete	tail_insufficient	publishable	connections_per_second	16	work		2	20	5	14.581590	14.492413	14.852339	0.024684	14.425841	14.089199	insufficient_order_stat_support	
quiczigperf	zero_rtt_reqresp	syscall	loopback	cc=cubic|bbr=unsupported|packet_api=quic-zig-connection|cpp_networkhub=on|udp_gso=common_cpp|udp_gro=on|runtime=none|pmtud=off|pacing=library_default|send_backpressure=stream_window|flow_window=profile_request|server_send_rr=on	cubic	complete	tail_insufficient	publishable	requests_per_second	4	duration	2000		20	5	3663.750000	3653.500000	3671.500000	0.004913	3636.100000	3618.730000	insufficient_order_stat_support	
quiczigperf	zero_rtt_reqresp	iouring	loopback	cc=cubic|bbr=unsupported|packet_api=quic-zig-connection|cpp_networkhub=on|udp_gso=common_cpp|udp_gro=on|runtime=none|pmtud=off|pacing=library_default|send_backpressure=stream_window|flow_window=profile_request|server_send_rr=on	cubic	complete	tail_insufficient	publishable	requests_per_second	4	duration	2000		20	5	3666.500000	3652.500000	3676.000000	0.006409	3647.600000	3643.595000	insufficient_order_stat_support	
quiczigperf	datagram	syscall	loopback	cc=cubic|bbr=unsupported|packet_api=quic-zig-connection|cpp_networkhub=on|udp_gso=common_cpp|udp_gro=on|runtime=none|pmtud=off|pacing=library_default|send_backpressure=stream_window|flow_window=profile_request|server_send_rr=on	cubic	complete	tail_insufficient	publishable	datagrams_per_second	2	duration	2000		20	5	3553603.000000	3475111.000000	3633353.500000	0.044530	3418734.150000	3403750.230000	insufficient_order_stat_support	
quiczigperf	datagram	iouring	loopback	cc=cubic|bbr=unsupported|packet_api=quic-zig-connection|cpp_networkhub=on|udp_gso=common_cpp|udp_gro=on|runtime=none|pmtud=off|pacing=library_default|send_backpressure=stream_window|flow_window=profile_request|server_send_rr=on	cubic	complete	tail_insufficient	publishable	datagrams_per_second	2	duration	2000		20	5	3459619.750000	3454390.500000	3486540.000000	0.009293	3367573.050000	3339850.575000	insufficient_order_stat_support	
quiczigperf	idle_footprint	syscall	loopback	cc=cubic|bbr=unsupported|packet_api=quic-zig-connection|cpp_networkhub=on|udp_gso=common_cpp|udp_gro=on|runtime=none|pmtud=off|pacing=library_default|send_backpressure=stream_window|flow_window=profile_request|server_send_rr=on	cubic	complete	noisy	inconclusive	server_rss_delta_bytes_per_connection	16	work			20	5	464384.000000	461312.000000	464640.000000	0.007166	464665.600000	464896.000000	insufficient_order_stat_support	outliers_6
quiczigperf	idle_footprint	iouring	loopback	cc=cubic|bbr=unsupported|packet_api=quic-zig-connection|cpp_networkhub=on|udp_gso=common_cpp|udp_gro=on|runtime=none|pmtud=off|pacing=library_default|send_backpressure=stream_window|flow_window=profile_request|server_send_rr=on	cubic	complete	noisy	inconclusive	server_rss_delta_bytes_per_connection	16	work			20	5	470144.000000	451456.000000	470784.000000	0.041111	472064.000000	472064.000000	insufficient_order_stat_support	drift_0.0309_gt_0.0300
quiczigperf	close_reset_cleanup	syscall	loopback	cc=cubic|bbr=unsupported|packet_api=quic-zig-connection|cpp_networkhub=on|udp_gso=common_cpp|udp_gro=on|runtime=none|pmtud=off|pacing=library_default|send_backpressure=stream_window|flow_window=profile_request|server_send_rr=on	cubic	complete	tail_insufficient	publishable	streams_per_second	4	duration	2000		20	5	3835.000000	3827.500000	3874.500000	0.012256	3794.150000	3786.095000	insufficient_order_stat_support	
quiczigperf	close_reset_cleanup	iouring	loopback	cc=cubic|bbr=unsupported|packet_api=quic-zig-connection|cpp_networkhub=on|udp_gso=common_cpp|udp_gro=on|runtime=none|pmtud=off|pacing=library_default|send_backpressure=stream_window|flow_window=profile_request|server_send_rr=on	cubic	complete	tail_insufficient	publishable	streams_per_second	8	duration	2000		20	5	3936.000000	3936.000000	3945.000000	0.002287	3928.000000	3924.760000	insufficient_order_stat_support	
mvfstperf	download	syscall	loopback	cc=cubic|cpp_networkhub=on|socket=quic_async_udp_adapter|folly_eventbase=manual|udp_gso=common_cpp|udp_gro=on|runtime=none|pmtud=off|pacing=on	cubic	complete	tail_insufficient	publishable	throughput_gbps	1	duration	2000		20	5	7.482661	7.384413	7.520706	0.018214	6.852759	6.795569	insufficient_order_stat_support	
mvfstperf	download	iouring	loopback	cc=cubic|cpp_networkhub=on|socket=quic_async_udp_adapter|folly_eventbase=manual|udp_gso=common_cpp|udp_gro=on|runtime=none|pmtud=off|pacing=on	cubic	complete	tail_insufficient	publishable	throughput_gbps	2	duration	2000		20	5	7.586037	7.535158	7.657819	0.016169	6.849298	6.735466	insufficient_order_stat_support	
mvfstperf	upload	syscall	loopback	cc=cubic|cpp_networkhub=on|socket=quic_async_udp_adapter|folly_eventbase=manual|udp_gso=common_cpp|udp_gro=on|runtime=none|pmtud=off|pacing=on	cubic	complete	tail_insufficient	publishable	throughput_gbps	8	duration	2000		20	5	8.247589	8.217685	8.269209	0.006247	8.115492	8.087827	insufficient_order_stat_support	
mvfstperf	upload	iouring	loopback	cc=cubic|cpp_networkhub=on|socket=quic_async_udp_adapter|folly_eventbase=manual|udp_gso=common_cpp|udp_gro=on|runtime=none|pmtud=off|pacing=on	cubic	complete	noisy	inconclusive	throughput_gbps	8	duration	2000		20	5	7.770770	7.633270	7.889455	0.032968	6.831885	6.326801	insufficient_order_stat_support	p50_ci_width_0.0330_gt_0.0300;p80_p20_1.1566_gt_1.1500
mvfstperf	connect	syscall	loopback	cc=cubic|cpp_networkhub=on|socket=quic_async_udp_adapter|folly_eventbase=manual|udp_gso=common_cpp|udp_gro=on|runtime=none|pmtud=off|pacing=on	cubic	complete	tail_insufficient	publishable	connections_per_second	16	work		8	20	5	261.264648	254.764925	263.415835	0.033112	242.791992	241.022794	insufficient_order_stat_support	
mvfstperf	connect	iouring	loopback	cc=cubic|cpp_networkhub=on|socket=quic_async_udp_adapter|folly_eventbase=manual|udp_gso=common_cpp|udp_gro=on|runtime=none|pmtud=off|pacing=on	cubic	complete	noisy	inconclusive	connections_per_second	16	work		8	20	5	254.387263	244.896998	254.814931	0.038988	241.868505	238.530125	insufficient_order_stat_support	drift_0.0364_gt_0.0300
mvfstperf	reqresp	syscall	loopback	cc=cubic|cpp_networkhub=on|socket=quic_async_udp_adapter|folly_eventbase=manual|udp_gso=common_cpp|udp_gro=on|runtime=none|pmtud=off|pacing=on	cubic	complete	tail_insufficient	publishable	requests_per_second	16	duration	2000		20	5	11070.250000	10967.500000	11097.750000	0.011766	10944.000000	10840.320000	insufficient_order_stat_support	
mvfstperf	reqresp	iouring	loopback	cc=cubic|cpp_networkhub=on|socket=quic_async_udp_adapter|folly_eventbase=manual|udp_gso=common_cpp|udp_gro=on|runtime=none|pmtud=off|pacing=on	cubic	complete	tail_insufficient	publishable	requests_per_second	16	duration	2000		20	5	10708.750000	10624.000000	10799.500000	0.016388	9855.650000	9850.880000	insufficient_order_stat_support	
mvfstperf	stream_churn	syscall	loopback	cc=cubic|cpp_networkhub=on|socket=quic_async_udp_adapter|folly_eventbase=manual|udp_gso=common_cpp|udp_gro=on|runtime=none|pmtud=off|pacing=on	cubic	complete	tail_insufficient	publishable	streams_per_second	16	duration	2000		20	5	11067.000000	11008.000000	11088.000000	0.007229	10895.300000	10768.220000	insufficient_order_stat_support	
mvfstperf	stream_churn	iouring	loopback	cc=cubic|cpp_networkhub=on|socket=quic_async_udp_adapter|folly_eventbase=manual|udp_gso=common_cpp|udp_gro=on|runtime=none|pmtud=off|pacing=on	cubic	complete	noisy	inconclusive	streams_per_second	16	duration	2000		20	5	10824.750000	10286.750000	10880.000000	0.054805	9920.000000	9816.320000	insufficient_order_stat_support	p50_ci_width_0.0548_gt_0.0500;drift_0.0454_gt_0.0300
mvfstperf	multistream_download	syscall	loopback	cc=cubic|cpp_networkhub=on|socket=quic_async_udp_adapter|folly_eventbase=manual|udp_gso=common_cpp|udp_gro=on|runtime=none|pmtud=off|pacing=on	cubic	complete	tail_insufficient	publishable	throughput_gbps	4	duration	2000		20	5	6.120225	6.091048	6.131422	0.006597	6.005665	5.795538	insufficient_order_stat_support	
mvfstperf	multistream_download	iouring	loopback	cc=cubic|cpp_networkhub=on|socket=quic_async_udp_adapter|folly_eventbase=manual|udp_gso=common_cpp|udp_gro=on|runtime=none|pmtud=off|pacing=on	cubic	complete	tail_insufficient	publishable	throughput_gbps	16	duration	2000		20	5	5.956594	5.880505	5.999353	0.019952	5.859155	5.797936	insufficient_order_stat_support	
mvfstperf	multistream_upload	syscall	loopback	cc=cubic|cpp_networkhub=on|socket=quic_async_udp_adapter|folly_eventbase=manual|udp_gso=common_cpp|udp_gro=on|runtime=none|pmtud=off|pacing=on	cubic	complete	tail_insufficient	publishable	throughput_gbps	16	duration	2000		20	5	7.879000	7.858028	7.902069	0.005590	7.769529	7.513498	insufficient_order_stat_support	
mvfstperf	multistream_upload	iouring	loopback	cc=cubic|cpp_networkhub=on|socket=quic_async_udp_adapter|folly_eventbase=manual|udp_gso=common_cpp|udp_gro=on|runtime=none|pmtud=off|pacing=on	cubic	complete	tail_insufficient	publishable	throughput_gbps	16	duration	2000		20	5	6.927417	6.878659	6.947340	0.009914	6.844265	6.823126	insufficient_order_stat_support	
mvfstperf	bidi	syscall	loopback	cc=cubic|cpp_networkhub=on|socket=quic_async_udp_adapter|folly_eventbase=manual|udp_gso=common_cpp|udp_gro=on|runtime=none|pmtud=off|pacing=on	cubic	complete	tail_insufficient	publishable	throughput_gbps	4	duration	2000		20	5	7.406184	7.346323	7.432444	0.011628	7.293494	7.250476	insufficient_order_stat_support	
mvfstperf	bidi	iouring	loopback	cc=cubic|cpp_networkhub=on|socket=quic_async_udp_adapter|folly_eventbase=manual|udp_gso=common_cpp|udp_gro=on|runtime=none|pmtud=off|pacing=on	cubic	complete	tail_insufficient	publishable	throughput_gbps	4	duration	2000		20	5	7.191818	7.165968	7.214294	0.006720	7.093658	7.042311	insufficient_order_stat_support	
mvfstperf	small_payload_pps	syscall	loopback	cc=cubic|cpp_networkhub=on|socket=quic_async_udp_adapter|folly_eventbase=manual|udp_gso=common_cpp|udp_gro=on|runtime=none|pmtud=off|pacing=on	cubic	complete	tail_insufficient	publishable	messages_per_second	16	duration	2000		20	5	11136.000000	10979.500000	11205.000000	0.020250	10878.950000	10836.290000	insufficient_order_stat_support	
mvfstperf	small_payload_pps	iouring	loopback	cc=cubic|cpp_networkhub=on|socket=quic_async_udp_adapter|folly_eventbase=manual|udp_gso=common_cpp|udp_gro=on|runtime=none|pmtud=off|pacing=on	cubic	complete	tail_insufficient	publishable	messages_per_second	16	duration	2000		20	5	10656.000000	10368.000000	10840.000000	0.044294	9974.800000	9759.160000	insufficient_order_stat_support	
mvfstperf	loss_recovery	syscall	loopback	cc=cubic|cpp_networkhub=on|socket=quic_async_udp_adapter|folly_eventbase=manual|udp_gso=common_cpp|udp_gro=on|runtime=none|pmtud=off|pacing=on	cubic	complete	tail_insufficient	publishable	throughput_gbps	16	duration	5000		20	5	7.425966	7.356535	7.581282	0.030265	7.190903	7.077180	insufficient_order_stat_support	
mvfstperf	loss_recovery	iouring	loopback	cc=cubic|cpp_networkhub=on|socket=quic_async_udp_adapter|folly_eventbase=manual|udp_gso=common_cpp|udp_gro=on|runtime=none|pmtud=off|pacing=on	cubic	complete	tail_insufficient	publishable	throughput_gbps	16	duration	5000		20	5	7.502546	7.453200	7.532426	0.010560	7.274382	7.064860	insufficient_order_stat_support	
mvfstperf	flow_control	syscall	loopback	cc=cubic|cpp_networkhub=on|socket=quic_async_udp_adapter|folly_eventbase=manual|udp_gso=common_cpp|udp_gro=on|runtime=none|pmtud=off|pacing=on	cubic	complete	tail_insufficient	publishable	throughput_gbps	2	duration	2000		20	5	6.659187	6.578121	6.701678	0.018554	6.015487	5.874874	insufficient_order_stat_support	
mvfstperf	flow_control	iouring	loopback	cc=cubic|cpp_networkhub=on|socket=quic_async_udp_adapter|folly_eventbase=manual|udp_gso=common_cpp|udp_gro=on|runtime=none|pmtud=off|pacing=on	cubic	complete	tail_insufficient	publishable	throughput_gbps	4	duration	2000		20	5	6.652826	6.594458	6.720717	0.018978	6.022670	5.971402	insufficient_order_stat_support	
mvfstperf	resumed_connect	syscall	loopback	cc=cubic|cpp_networkhub=on|socket=quic_async_udp_adapter|folly_eventbase=manual|udp_gso=common_cpp|udp_gro=on|runtime=none|pmtud=off|pacing=on	cubic	complete	noisy	inconclusive	connections_per_second	4	work		32	20	5	289.168104	265.343968	310.817464	0.157256	259.251586	248.098066	insufficient_order_stat_support	p50_ci_width_0.1573_gt_0.0500;p80_p20_1.1664_gt_1.1500;block_median_ratio_1.2270_gt_1.1000;drift_-0.0666_gt_0.0300
mvfstperf	resumed_connect	iouring	loopback	cc=cubic|cpp_networkhub=on|socket=quic_async_udp_adapter|folly_eventbase=manual|udp_gso=common_cpp|udp_gro=on|runtime=none|pmtud=off|pacing=on	cubic	complete	tail_insufficient	publishable	connections_per_second	2	work		64	20	5	264.268143	260.707337	267.331047	0.025064	254.987368	253.917717	insufficient_order_stat_support	
mvfstperf	zero_rtt_reqresp	syscall	loopback	cc=cubic|cpp_networkhub=on|socket=quic_async_udp_adapter|folly_eventbase=manual|udp_gso=common_cpp|udp_gro=on|runtime=none|pmtud=off|pacing=on	cubic	complete	tail_insufficient	publishable	requests_per_second	16	duration	2000		20	5	10880.000000	10877.750000	10885.250000	0.000689	10694.600000	10585.610000	insufficient_order_stat_support	
mvfstperf	zero_rtt_reqresp	iouring	loopback	cc=cubic|cpp_networkhub=on|socket=quic_async_udp_adapter|folly_eventbase=manual|udp_gso=common_cpp|udp_gro=on|runtime=none|pmtud=off|pacing=on	cubic	complete	tail_insufficient	publishable	requests_per_second	16	duration	2000		20	5	10527.000000	10498.000000	10529.250000	0.002969	10129.700000	9626.600000	insufficient_order_stat_support	
mvfstperf	datagram	syscall	loopback	cc=cubic|cpp_networkhub=on|socket=quic_async_udp_adapter|folly_eventbase=manual|udp_gso=common_cpp|udp_gro=on|runtime=none|pmtud=off|pacing=on	cubic	complete	noisy	inconclusive	datagrams_per_second	16	duration	2000		20	5	74796.500000	71161.750000	77107.750000	0.079496	61151.150000	51604.940000	insufficient_order_stat_support	p50_ci_width_0.0795_gt_0.0500;p80_p20_1.2396_gt_1.1500;drift_0.0909_gt_0.0300
mvfstperf	datagram	iouring	loopback	cc=cubic|cpp_networkhub=on|socket=quic_async_udp_adapter|folly_eventbase=manual|udp_gso=common_cpp|udp_gro=on|runtime=none|pmtud=off|pacing=on	cubic	complete	noisy	inconclusive	datagrams_per_second	1	duration	2000		20	5	379325.750000	378570.500000	381891.000000	0.008754	328096.500000	18504.735000	insufficient_order_stat_support	outliers_2
mvfstperf	idle_footprint	syscall	loopback	cc=cubic|cpp_networkhub=on|socket=quic_async_udp_adapter|folly_eventbase=manual|udp_gso=common_cpp|udp_gro=on|runtime=none|pmtud=off|pacing=on	cubic	complete	tail_insufficient	publishable	server_rss_delta_bytes_per_connection	16	work			20	5	278528.000000	275712.000000	285184.000000	0.034007	288051.200000	289134.080000	insufficient_order_stat_support	
mvfstperf	idle_footprint	iouring	loopback	cc=cubic|cpp_networkhub=on|socket=quic_async_udp_adapter|folly_eventbase=manual|udp_gso=common_cpp|udp_gro=on|runtime=none|pmtud=off|pacing=on	cubic	complete	tail_insufficient	publishable	server_rss_delta_bytes_per_connection	16	work			20	5	235520.000000	234112.000000	239872.000000	0.024457	245862.400000	248028.160000	insufficient_order_stat_support	
mvfstperf	close_reset_cleanup	syscall	loopback	cc=cubic|cpp_networkhub=on|socket=quic_async_udp_adapter|folly_eventbase=manual|udp_gso=common_cpp|udp_gro=on|runtime=none|pmtud=off|pacing=on	cubic	complete	tail_insufficient	publishable	streams_per_second	16	duration	2000		20	5	11022.000000	11008.000000	11072.000000	0.005807	10944.000000	10840.320000	insufficient_order_stat_support	
mvfstperf	close_reset_cleanup	iouring	loopback	cc=cubic|cpp_networkhub=on|socket=quic_async_udp_adapter|folly_eventbase=manual|udp_gso=common_cpp|udp_gro=on|runtime=none|pmtud=off|pacing=on	cubic	complete	tail_insufficient	publishable	streams_per_second	16	duration	2000		20	5	10798.250000	10473.750000	10944.000000	0.043549	10099.200000	9880.320000	insufficient_order_stat_support	
ngtcp2perf	download	syscall	loopback	cc=cubic|udp_payload_shaping=off|pmtud=off|max_tx_payload=1452|udp_gso=common_cpp|udp_gro=on	cubic	complete	noisy	inconclusive	throughput_gbps	1	duration	2000		20	5	18.227434	17.413756	18.820913	0.077200	16.844955	16.296638	insufficient_order_stat_support	p50_ci_width_0.0772_gt_0.0300;block_median_ratio_1.1218_gt_1.1000;drift_0.0444_gt_0.0300
ngtcp2perf	download	iouring	loopback	cc=cubic|udp_payload_shaping=off|pmtud=off|max_tx_payload=1452|udp_gso=common_cpp|udp_gro=on	cubic	complete	noisy	inconclusive	throughput_gbps	4	duration	2000		20	5	16.719807	16.354756	16.980649	0.037434	16.023303	15.807672	insufficient_order_stat_support	p50_ci_width_0.0374_gt_0.0300
ngtcp2perf	upload	syscall	loopback	cc=cubic|udp_payload_shaping=off|pmtud=off|max_tx_payload=1452|udp_gso=common_cpp|udp_gro=on	cubic	complete	tail_insufficient	publishable	throughput_gbps	2	duration	2000		20	5	31.047352	30.509954	31.154459	0.020759	27.761202	27.220813	insufficient_order_stat_support	
ngtcp2perf	upload	iouring	loopback	cc=cubic|udp_payload_shaping=off|pmtud=off|max_tx_payload=1452|udp_gso=common_cpp|udp_gro=on	cubic	complete	tail_insufficient	publishable	throughput_gbps	2	duration	2000		20	5	22.269845	22.042885	22.316019	0.012265	20.210064	19.955098	insufficient_order_stat_support	
ngtcp2perf	connect	syscall	loopback	cc=cubic|udp_payload_shaping=off|pmtud=off|max_tx_payload=1452|udp_gso=common_cpp|udp_gro=on	cubic	complete	tail_insufficient	publishable	connections_per_second	16	work		8	20	5	112.772161	112.495919	114.307739	0.016066	111.507638	108.625817	insufficient_order_stat_support	
ngtcp2perf	connect	iouring	loopback	cc=cubic|udp_payload_shaping=off|pmtud=off|max_tx_payload=1452|udp_gso=common_cpp|udp_gro=on	cubic	complete	noisy	inconclusive	connections_per_second	16	work		8	20	5	115.897967	111.389530	119.079215	0.066349	110.075749	106.059865	insufficient_order_stat_support	p50_ci_width_0.0663_gt_0.0500;drift_-0.0454_gt_0.0300
ngtcp2perf	reqresp	syscall	loopback	cc=cubic|udp_payload_shaping=off|pmtud=off|max_tx_payload=1452|udp_gso=common_cpp|udp_gro=on	cubic	complete	tail_insufficient	publishable	requests_per_second	16	duration	2000		20	5	51386.000000	50672.500000	52555.000000	0.036634	50134.800000	49229.220000	insufficient_order_stat_support	
ngtcp2perf	reqresp	iouring	loopback	cc=cubic|udp_payload_shaping=off|pmtud=off|max_tx_payload=1452|udp_gso=common_cpp|udp_gro=on	cubic	complete	tail_insufficient	publishable	requests_per_second	16	duration	2000		20	5	44244.500000	44011.000000	44586.000000	0.012996	43102.550000	42546.260000	insufficient_order_stat_support	
ngtcp2perf	stream_churn	syscall	loopback	cc=cubic|udp_payload_shaping=off|pmtud=off|max_tx_payload=1452|udp_gso=common_cpp|udp_gro=on	cubic	complete	tail_insufficient	publishable	streams_per_second	16	duration	2000		20	5	52478.250000	52158.000000	53048.000000	0.016959	50793.200000	50258.690000	insufficient_order_stat_support	
ngtcp2perf	stream_churn	iouring	loopback	cc=cubic|udp_payload_shaping=off|pmtud=off|max_tx_payload=1452|udp_gso=common_cpp|udp_gro=on	cubic	complete	tail_insufficient	publishable	streams_per_second	16	duration	2000		20	5	42407.250000	42271.500000	42655.750000	0.009061	41823.300000	41008.395000	insufficient_order_stat_support	
ngtcp2perf	multistream_download	syscall	loopback	cc=cubic|udp_payload_shaping=off|pmtud=off|max_tx_payload=1452|udp_gso=common_cpp|udp_gro=on	cubic	complete	noisy	inconclusive	throughput_gbps	1	duration	2000		20	5	16.459255	16.208107	16.728337	0.031607	15.730946	15.645561	insufficient_order_stat_support	p50_ci_width_0.0316_gt_0.0300
ngtcp2perf	multistream_download	iouring	loopback	cc=cubic|udp_payload_shaping=off|pmtud=off|max_tx_payload=1452|udp_gso=common_cpp|udp_gro=on	cubic	complete	tail_insufficient	publishable	throughput_gbps	4	duration	2000		20	5	16.581695	16.453040	16.746833	0.017718	15.733874	15.309832	insufficient_order_stat_support	
ngtcp2perf	multistream_upload	syscall	loopback	cc=cubic|udp_payload_shaping=off|pmtud=off|max_tx_payload=1452|udp_gso=common_cpp|udp_gro=on	cubic	complete	tail_insufficient	publishable	throughput_gbps	4	duration	2000		20	5	24.815739	24.688039	25.035587	0.014005	23.325685	23.125661	insufficient_order_stat_support	
ngtcp2perf	multistream_upload	iouring	loopback	cc=cubic|udp_payload_shaping=off|pmtud=off|max_tx_payload=1452|udp_gso=common_cpp|udp_gro=on	cubic	complete	tail_insufficient	publishable	throughput_gbps	2	duration	2000		20	5	18.761039	18.607577	18.780655	0.009225	18.368515	18.225947	insufficient_order_stat_support	
ngtcp2perf	bidi	syscall	loopback	cc=cubic|udp_payload_shaping=off|pmtud=off|max_tx_payload=1452|udp_gso=common_cpp|udp_gro=on	cubic	complete	tail_insufficient	publishable	throughput_gbps	4	duration	2000		20	5	20.503228	20.354352	20.761858	0.019875	19.430063	18.393667	insufficient_order_stat_support	
ngtcp2perf	bidi	iouring	loopback	cc=cubic|udp_payload_shaping=off|pmtud=off|max_tx_payload=1452|udp_gso=common_cpp|udp_gro=on	cubic	complete	tail_insufficient	publishable	throughput_gbps	4	duration	2000		20	5	18.633702	18.579065	18.943213	0.019542	17.931960	17.768645	insufficient_order_stat_support	
ngtcp2perf	small_payload_pps	syscall	loopback	cc=cubic|udp_payload_shaping=off|pmtud=off|max_tx_payload=1452|udp_gso=common_cpp|udp_gro=on	cubic	complete	tail_insufficient	publishable	messages_per_second	16	duration	2000		20	5	52724.250000	52542.250000	53282.000000	0.014031	51915.600000	50390.640000	insufficient_order_stat_support	
ngtcp2perf	small_payload_pps	iouring	loopback	cc=cubic|udp_payload_shaping=off|pmtud=off|max_tx_payload=1452|udp_gso=common_cpp|udp_gro=on	cubic	complete	tail_insufficient	publishable	messages_per_second	16	duration	2000		20	5	42998.000000	42743.250000	43266.750000	0.012175	41952.700000	41631.895000	insufficient_order_stat_support	
ngtcp2perf	loss_recovery	syscall	loopback	cc=cubic|udp_payload_shaping=off|pmtud=off|max_tx_payload=1452|udp_gso=common_cpp|udp_gro=on	cubic	complete	tail_insufficient	publishable	throughput_gbps	2	duration	5000		20	5	17.378521	17.126065	17.561864	0.025077	16.687061	16.447522	insufficient_order_stat_support	
ngtcp2perf	loss_recovery	iouring	loopback	cc=cubic|udp_payload_shaping=off|pmtud=off|max_tx_payload=1452|udp_gso=common_cpp|udp_gro=on	cubic	complete	tail_insufficient	publishable	throughput_gbps	8	duration	5000		20	5	16.691094	16.610277	16.793551	0.010980	16.208007	15.880944	insufficient_order_stat_support	
ngtcp2perf	flow_control	syscall	loopback	cc=cubic|udp_payload_shaping=off|pmtud=off|max_tx_payload=1452|udp_gso=common_cpp|udp_gro=on	cubic	complete	tail_insufficient	publishable	throughput_gbps	4	duration	2000		20	5	15.600013	15.389316	15.749984	0.023120	14.319036	13.983757	insufficient_order_stat_support	
ngtcp2perf	flow_control	iouring	loopback	cc=cubic|udp_payload_shaping=off|pmtud=off|max_tx_payload=1452|udp_gso=common_cpp|udp_gro=on	cubic	complete	tail_insufficient	publishable	throughput_gbps	8	duration	2000		20	5	14.794552	14.760108	14.835775	0.005115	14.109063	13.662592	insufficient_order_stat_support	
ngtcp2perf	resumed_connect	syscall	loopback	cc=cubic|udp_payload_shaping=off|pmtud=off|max_tx_payload=1452|udp_gso=common_cpp|udp_gro=on	cubic	complete	tail_insufficient	publishable	connections_per_second	16	work		8	20	5	112.242537	111.628646	112.606183	0.008709	108.783168	108.402727	insufficient_order_stat_support	
ngtcp2perf	resumed_connect	iouring	loopback	cc=cubic|udp_payload_shaping=off|pmtud=off|max_tx_payload=1452|udp_gso=common_cpp|udp_gro=on	cubic	complete	tail_insufficient	publishable	connections_per_second	16	work		8	20	5	113.838521	112.860092	114.607242	0.015348	108.830682	107.675026	insufficient_order_stat_support	
ngtcp2perf	zero_rtt_reqresp	syscall	loopback	cc=cubic|udp_payload_shaping=off|pmtud=off|max_tx_payload=1452|udp_gso=common_cpp|udp_gro=on	cubic	complete	tail_insufficient	publishable	requests_per_second	16	duration	2000		20	5	45569.250000	45349.500000	45640.250000	0.006380	44301.150000	43771.320000	insufficient_order_stat_support	
ngtcp2perf	zero_rtt_reqresp	iouring	loopback	cc=cubic|udp_payload_shaping=off|pmtud=off|max_tx_payload=1452|udp_gso=common_cpp|udp_gro=on	cubic	complete	tail_insufficient	publishable	requests_per_second	16	duration	2000		20	5	41830.750000	41701.500000	41939.000000	0.005678	40053.050000	39995.630000	insufficient_order_stat_support	
ngtcp2perf	datagram	syscall	loopback	cc=cubic|udp_payload_shaping=off|pmtud=off|max_tx_payload=1452|udp_gso=common_cpp|udp_gro=on	cubic	complete	tail_insufficient	publishable	datagrams_per_second	4	duration	2000		20	5	1498893.250000	1483381.750000	1508890.250000	0.017018	1345201.700000	1316809.265000	insufficient_order_stat_support	
ngtcp2perf	datagram	iouring	loopback	cc=cubic|udp_payload_shaping=off|pmtud=off|max_tx_payload=1452|udp_gso=common_cpp|udp_gro=on	cubic	complete	noisy	inconclusive	datagrams_per_second	1	duration	2000		20	5	1369468.250000	1334440.750000	1408435.750000	0.054032	1315466.350000	1288234.240000	insufficient_order_stat_support	p50_ci_width_0.0540_gt_0.0500;drift_-0.0363_gt_0.0300
ngtcp2perf	idle_footprint	syscall	loopback	cc=cubic|udp_payload_shaping=off|pmtud=off|max_tx_payload=1452|udp_gso=common_cpp|udp_gro=on	cubic	complete	noisy	inconclusive	server_rss_delta_bytes_per_connection	16	work			20	5	110336.000000	105600.000000	113408.000000	0.070766	120883.200000	121966.080000	insufficient_order_stat_support	p50_ci_width_0.0708_gt_0.0500;block_median_ratio_1.1171_gt_1.1000
ngtcp2perf	idle_footprint	iouring	loopback	cc=cubic|udp_payload_shaping=off|pmtud=off|max_tx_payload=1452|udp_gso=common_cpp|udp_gro=on	cubic	complete	tail_insufficient	publishable	server_rss_delta_bytes_per_connection	16	work			20	5	76544.000000	75520.000000	78080.000000	0.033445	86092.800000	88028.160000	insufficient_order_stat_support	
ngtcp2perf	close_reset_cleanup	syscall	loopback	cc=cubic|udp_payload_shaping=off|pmtud=off|max_tx_payload=1452|udp_gso=common_cpp|udp_gro=on	cubic	complete	tail_insufficient	publishable	streams_per_second	16	duration	2000		20	5	52912.000000	52524.000000	53302.000000	0.014704	50078.450000	49895.615000	insufficient_order_stat_support	
ngtcp2perf	close_reset_cleanup	iouring	loopback	cc=cubic|udp_payload_shaping=off|pmtud=off|max_tx_payload=1452|udp_gso=common_cpp|udp_gro=on	cubic	complete	tail_insufficient	publishable	streams_per_second	16	duration	2000		20	5	42285.000000	42175.750000	42374.000000	0.004688	41115.850000	40862.275000	insufficient_order_stat_support	
