binary	scenario	network	path_profile	client_threads	metric	mode	duration_ms	work_units	samples	blocks	p50	p50_ci95_low	p50_ci95_high	p50_ci95_relative_width	p20	p80	p20_p80_ratio	p90	p99	p99_status	block_median_ratio	drift_relative	outlier_count	measurement_status	audit_status	publication_status	reason
s2nperf	download	syscall	loopback	2	throughput_gbps	duration	2000		20	5	5.683281	5.647630	5.752750	0.018496	5.613237	5.817709	1.036427	5.364305	1.896046	insufficient_order_stat_support	1.025307	0.002210	2	complete	noisy	inconclusive	outliers_2
s2nperf	download	iouring	loopback	1	throughput_gbps	duration	2000		20	5	5.624134	5.605809	5.643978	0.006787	5.592751	5.666350	1.013160	5.587153	5.566338	insufficient_order_stat_support	1.006809	0.003445	0	complete	tail_insufficient	publishable	
s2nperf	upload	syscall	loopback	2	throughput_gbps	duration	2000		20	5	6.797656	6.717440	6.849298	0.019398	6.628469	6.850924	1.033561	6.494618	6.474611	insufficient_order_stat_support	1.037002	0.019734	0	complete	tail_insufficient	publishable	
s2nperf	upload	iouring	loopback	2	throughput_gbps	duration	2000		20	5	6.363939	6.137053	6.398148	0.041027	6.096735	6.445597	1.057221	6.056706	5.854986	insufficient_order_stat_support	1.050482	-0.017204	0	complete	noisy	inconclusive	p50_ci_width_0.0410_gt_0.0300
s2nperf	connect	syscall	loopback	16	connections_per_second	work		8	20	5	295.299626	293.162292	300.299629	0.024170	289.159390	308.243069	1.065997	275.595018	269.370401	insufficient_order_stat_support	1.053892	0.015733	0	complete	tail_insufficient	publishable	
s2nperf	connect	iouring	loopback	16	connections_per_second	work		8	20	5	271.288505	267.280817	274.502805	0.026621	261.562503	279.829324	1.069837	260.147786	249.439362	insufficient_order_stat_support	1.027020	-0.018665	0	complete	tail_insufficient	publishable	
s2nperf	reqresp	syscall	loopback	4	requests_per_second	duration	2000		20	5	39098.250000	39018.750000	39316.750000	0.007622	38891.200000	39733.700000	1.021663	38666.350000	38424.115000	insufficient_order_stat_support	1.010680	0.001642	0	complete	tail_insufficient	publishable	
s2nperf	reqresp	iouring	loopback	4	requests_per_second	duration	2000		20	5	40973.750000	40619.000000	41087.250000	0.011428	40429.000000	41386.800000	1.023691	40224.650000	39912.485000	insufficient_order_stat_support	1.017015	0.006969	0	complete	tail_insufficient	publishable	
s2nperf	stream_churn	syscall	loopback	4	streams_per_second	duration	2000		20	5	38983.500000	38776.500000	39225.500000	0.011518	38752.500000	39356.100000	1.015576	38610.800000	38245.220000	insufficient_order_stat_support	1.015579	-0.004084	0	complete	tail_insufficient	publishable	
s2nperf	stream_churn	iouring	loopback	4	streams_per_second	duration	2000		20	5	41534.500000	40937.500000	41682.000000	0.017925	40852.100000	41871.200000	1.024946	40537.650000	40307.745000	insufficient_order_stat_support	1.021846	-0.005373	0	complete	tail_insufficient	publishable	
s2nperf	multistream_download	syscall	loopback	16	throughput_gbps	duration	2000		20	5	1.073742	1.073742	1.073742	0.000000	1.073742	1.073742	1.000000	1.073742	1.073742	insufficient_order_stat_support	1.000000	0.000000	0	complete	tail_insufficient	publishable	
s2nperf	multistream_download	iouring	loopback	16	throughput_gbps	duration	2000		20	5	1.073742	1.073742	1.073742	0.000000	1.073742	1.073742	1.000000	1.073742	1.073742	insufficient_order_stat_support	1.000000	0.000000	0	complete	tail_insufficient	publishable	
s2nperf	multistream_upload	syscall	loopback	16	throughput_gbps	duration	2000		20	5	1.379926	1.317011	1.399849	0.060031	1.309042	1.401737	1.070811	1.283142	1.216987	insufficient_order_stat_support	1.074699	0.046946	0	complete	noisy	inconclusive	p50_ci_width_0.0600_gt_0.0300;drift_0.0469_gt_0.0300
s2nperf	multistream_upload	iouring	loopback	16	throughput_gbps	duration	2000		20	5	1.330643	1.285554	1.390412	0.078803	1.276746	1.416626	1.109560	1.274754	1.254936	insufficient_order_stat_support	1.101882	0.069721	0	complete	noisy	inconclusive	p50_ci_width_0.0788_gt_0.0300;block_median_ratio_1.1019_gt_1.1000;drift_0.0697_gt_0.0300
s2nperf	bidi	syscall	loopback	16	throughput_gbps	duration	2000		20	5	2.147484	2.147484	2.147484	0.000000	2.147484	2.147484	1.000000	2.147484	2.147484	insufficient_order_stat_support	1.000000	0.000000	0	complete	tail_insufficient	publishable	
s2nperf	bidi	iouring	loopback	16	throughput_gbps	duration	2000		20	5	2.147484	2.147484	2.147484	0.000000	2.147484	2.147484	1.000000	2.147484	2.147484	insufficient_order_stat_support	1.000000	0.000000	0	complete	tail_insufficient	publishable	
s2nperf	small_payload_pps	syscall	loopback	4	messages_per_second	duration	2000		20	5	39527.250000	39023.000000	39725.500000	0.017773	39051.000000	39783.000000	1.018745	38878.300000	38414.170000	insufficient_order_stat_support	1.027703	-0.004854	0	complete	tail_insufficient	publishable	
s2nperf	small_payload_pps	iouring	loopback	4	messages_per_second	duration	2000		20	5	41379.750000	41341.750000	41469.000000	0.003075	40622.500000	41952.500000	1.032740	40015.800000	39766.455000	insufficient_order_stat_support	1.013989	-0.000410	0	complete	tail_insufficient	publishable	
s2nperf	loss_recovery	syscall	loopback	2	throughput_gbps	duration	5000		20	5	5.574098	5.546660	5.836820	0.052055	5.328713	5.971277	1.120585	5.281165	3.166362	insufficient_order_stat_support	1.103977	-0.060090	0	complete	noisy	inconclusive	block_median_ratio_1.1040_gt_1.1000;drift_-0.0601_gt_0.0300
s2nperf	loss_recovery	iouring	loopback	2	throughput_gbps	duration	5000		20	5	6.032927	5.918690	6.177808	0.042951	5.649878	6.254764	1.107062	5.596301	3.065682	insufficient_order_stat_support	1.083380	0.042981	0	complete	noisy	inconclusive	drift_0.0430_gt_0.0300
s2nperf	flow_control	syscall	loopback	2	throughput_gbps	duration	2000		20	5	4.887017	4.852021	4.908777	0.011614	4.776945	5.023202	1.051551	4.705404	4.647769	insufficient_order_stat_support	1.030176	-0.020541	0	complete	tail_insufficient	publishable	
s2nperf	flow_control	iouring	loopback	2	throughput_gbps	duration	2000		20	5	4.950458	4.903534	5.019009	0.023326	4.864134	5.019533	1.031948	4.856966	4.778479	insufficient_order_stat_support	1.026798	-0.014281	0	complete	tail_insufficient	publishable	
s2nperf	resumed_connect	syscall	loopback	16	connections_per_second	work		2	20	5	14.434214	14.407631	14.450591	0.002976	14.401292	14.475959	1.005185	14.318729	14.257521	insufficient_order_stat_support	1.005129	-0.002493	0	complete	tail_insufficient	publishable	
s2nperf	resumed_connect	iouring	loopback	16	connections_per_second	work		2	20	5	14.934934	14.921945	14.939078	0.001147	14.826051	14.969216	1.009656	14.804647	14.771511	insufficient_order_stat_support	1.004438	0.000714	0	complete	tail_insufficient	publishable	
s2nperf	zero_rtt_reqresp	syscall	loopback	4	requests_per_second	duration	2000		20	5	41651.500000	41525.500000	41975.000000	0.010792	41437.900000	41981.000000	1.013106	41335.350000	41136.270000	insufficient_order_stat_support	1.015241	-0.009269	0	complete	tail_insufficient	publishable	
s2nperf	zero_rtt_reqresp	iouring	loopback	4	requests_per_second	duration	2000		20	5	43378.500000	43093.000000	43592.000000	0.011503	42890.900000	43950.400000	1.024702	42177.800000	41905.055000	insufficient_order_stat_support	1.022026	0.001421	0	complete	tail_insufficient	publishable	
s2nperf	datagram	syscall	loopback	4	datagrams_per_second	duration	2000		20	5	2381133.250000	2332185.500000	2560241.250000	0.095776	2304811.200000	2659877.300000	1.154054	2249303.500000	2099796.265000	insufficient_order_stat_support	1.208281	-0.011481	0	complete	noisy	inconclusive	p50_ci_width_0.0958_gt_0.0500;p80_p20_1.1541_gt_1.1500;block_median_ratio_1.2083_gt_1.1000
s2nperf	datagram	iouring	loopback	8	datagrams_per_second	duration	2000		20	5	2654584.000000	2610404.000000	2772127.500000	0.060922	2315069.600000	2776338.600000	1.199246	2294118.000000	2209037.445000	insufficient_order_stat_support	1.132326	-0.026716	0	complete	noisy	inconclusive	p50_ci_width_0.0609_gt_0.0500;p80_p20_1.1992_gt_1.1500;block_median_ratio_1.1323_gt_1.1000
s2nperf	idle_footprint	syscall	loopback	16	server_rss_delta_bytes_per_connection	work			20	5	255360.000000	242560.000000	266240.000000	0.092732	238028.800000	268953.600000	1.129920	277606.400000	283550.720000	insufficient_order_stat_support	1.173673	0.054103	0	complete	noisy	inconclusive	p50_ci_width_0.0927_gt_0.0500;block_median_ratio_1.1737_gt_1.1000;drift_0.0541_gt_0.0300
s2nperf	idle_footprint	iouring	loopback	16	server_rss_delta_bytes_per_connection	work			20	5	267008.000000	254464.000000	284928.000000	0.114094	253132.800000	294041.600000	1.161610	295987.200000	313889.280000	insufficient_order_stat_support	1.143652	-0.070784	0	complete	noisy	inconclusive	p50_ci_width_0.1141_gt_0.0500;p80_p20_1.1616_gt_1.1500;block_median_ratio_1.1437_gt_1.1000;drift_-0.0708_gt_0.0300
s2nperf	close_reset_cleanup	syscall	loopback	4	streams_per_second	duration	2000		20	5	39452.500000	39310.000000	39830.500000	0.013193	39045.500000	39836.200000	1.020251	38780.600000	38065.235000	insufficient_order_stat_support	1.016331	-0.001990	0	complete	tail_insufficient	publishable	
s2nperf	close_reset_cleanup	iouring	loopback	4	streams_per_second	duration	2000		20	5	41611.750000	41375.000000	41647.500000	0.006549	40846.100000	41994.200000	1.028108	40455.500000	39448.805000	insufficient_order_stat_support	1.022387	-0.006716	0	complete	tail_insufficient	publishable	
neqoperf	download	syscall	loopback	1	throughput_gbps	duration	2000		20	5	4.373999	4.330540	4.449433	0.027182	4.302976	4.499382	1.045644	4.264276	4.244290	insufficient_order_stat_support	1.238884	0.010949	3	complete	noisy	inconclusive	block_median_ratio_1.2389_gt_1.1000;outliers_3
neqoperf	download	iouring	loopback	1	throughput_gbps	duration	2000		20	5	4.392406	4.379336	4.421234	0.009539	4.345629	4.481502	1.031267	4.332502	4.262454	insufficient_order_stat_support	1.018984	0.002672	0	complete	tail_insufficient	publishable	
neqoperf	upload	syscall	loopback	1	throughput_gbps	duration	2000		20	5	5.596952	4.710246	5.933018	0.218471	4.585481	6.063495	1.322325	4.539199	4.455551	insufficient_order_stat_support	1.259598	-0.039492	0	complete	noisy	inconclusive	p50_ci_width_0.2185_gt_0.0300;p80_p20_1.3223_gt_1.1500;block_median_ratio_1.2596_gt_1.1000;drift_-0.0395_gt_0.0300
neqoperf	upload	iouring	loopback	1	throughput_gbps	duration	2000		20	5	4.470694	4.450817	4.500580	0.011131	4.397163	4.539567	1.032385	4.387800	4.347552	insufficient_order_stat_support	1.016459	0.003842	0	complete	tail_insufficient	publishable	
neqoperf	connect	syscall	loopback	16	connections_per_second	work		8	20	5	246.624718	238.878334	251.309950	0.050407	238.372141	256.009541	1.073991	234.637683	228.248835	insufficient_order_stat_support	1.094594	0.024984	0	complete	noisy	inconclusive	p50_ci_width_0.0504_gt_0.0500
neqoperf	connect	iouring	loopback	16	connections_per_second	work		8	20	5	233.983630	228.662089	237.322696	0.037014	227.038777	244.353908	1.076265	223.722040	214.938669	insufficient_order_stat_support	1.049670	0.005830	0	complete	tail_insufficient	publishable	
neqoperf	reqresp	syscall	loopback	4	requests_per_second	duration	2000		20	5	12154.000000	12100.000000	12189.000000	0.007323	12075.600000	12247.700000	1.014252	12017.050000	11919.760000	insufficient_order_stat_support	1.008388	0.002681	0	complete	tail_insufficient	publishable	
neqoperf	reqresp	iouring	loopback	4	requests_per_second	duration	2000		20	5	12230.000000	12161.750000	12281.500000	0.009791	12139.400000	12297.200000	1.012999	12094.500000	12029.475000	insufficient_order_stat_support	1.010549	-0.005138	0	complete	tail_insufficient	publishable	
neqoperf	stream_churn	syscall	loopback	4	streams_per_second	duration	2000		20	5	12174.500000	12155.750000	12218.500000	0.005154	12115.000000	12259.300000	1.011911	12100.450000	12081.370000	insufficient_order_stat_support	1.005162	0.000134	0	complete	tail_insufficient	publishable	
neqoperf	stream_churn	iouring	loopback	4	streams_per_second	duration	2000		20	5	12286.250000	12261.500000	12309.750000	0.003927	12206.100000	12349.000000	1.011707	12177.250000	12079.015000	insufficient_order_stat_support	1.006831	-0.002347	0	complete	tail_insufficient	publishable	
neqoperf	multistream_download	syscall	loopback	1	throughput_gbps	duration	2000		20	5	2.777153	2.752512	2.831155	0.028318	2.746640	2.847303	1.036650	2.705326	2.679846	insufficient_order_stat_support	1.046659	0.027588	0	complete	tail_insufficient	publishable	
neqoperf	multistream_download	iouring	loopback	1	throughput_gbps	duration	2000		20	5	2.508194	2.494038	2.511340	0.006898	2.490997	2.539231	1.019363	2.479253	2.469344	insufficient_order_stat_support	1.010316	-0.004902	0	complete	tail_insufficient	publishable	
neqoperf	multistream_upload	syscall	loopback	2	throughput_gbps	duration	2000		20	5	3.335520	3.309306	3.358589	0.014775	3.274493	3.388998	1.034969	3.186413	3.151306	insufficient_order_stat_support	1.038573	-0.011384	0	complete	tail_insufficient	publishable	
neqoperf	multistream_upload	iouring	loopback	2	throughput_gbps	duration	2000		20	5	3.192913	3.170894	3.225420	0.017077	3.093718	3.243875	1.048536	3.019270	3.005114	insufficient_order_stat_support	1.039993	-0.009979	0	complete	tail_insufficient	publishable	
neqoperf	bidi	syscall	loopback	1	throughput_gbps	duration	2000		20	5	3.305636	3.286237	3.328181	0.012688	3.266524	3.336988	1.021572	3.246601	3.238202	insufficient_order_stat_support	1.021666	0.000477	0	complete	tail_insufficient	publishable	
neqoperf	bidi	iouring	loopback	1	throughput_gbps	duration	2000		20	5	3.267888	3.258450	3.305751	0.014475	3.231501	3.305368	1.022858	3.228775	3.215497	insufficient_order_stat_support	1.018751	0.000482	0	complete	tail_insufficient	publishable	
neqoperf	small_payload_pps	syscall	loopback	4	messages_per_second	duration	2000		20	5	12211.500000	12164.250000	12245.500000	0.006654	12103.100000	12253.700000	1.012443	12088.600000	12050.980000	insufficient_order_stat_support	1.008731	0.006467	0	complete	tail_insufficient	publishable	
neqoperf	small_payload_pps	iouring	loopback	4	messages_per_second	duration	2000		20	5	12237.000000	12203.000000	12267.000000	0.005230	12153.600000	12322.400000	1.013889	12114.600000	12015.645000	insufficient_order_stat_support	1.007614	-0.002129	0	complete	tail_insufficient	publishable	
neqoperf	loss_recovery	syscall	loopback	2	throughput_gbps	duration	5000		20	5	5.860110	5.767409	5.888346	0.020637	5.762310	5.897992	1.023547	5.742005	5.708258	insufficient_order_stat_support	1.022960	-0.003578	0	complete	tail_insufficient	publishable	
neqoperf	loss_recovery	iouring	loopback	2	throughput_gbps	duration	5000		20	5	5.715147	5.651312	5.741446	0.015771	5.642803	5.739089	1.017064	5.614005	5.480692	insufficient_order_stat_support	1.020679	0.002365	0	complete	tail_insufficient	publishable	
neqoperf	flow_control	syscall	loopback	1	throughput_gbps	duration	2000		20	5	4.794643	4.759852	4.871596	0.023306	4.755485	4.953066	1.041548	4.713939	4.646063	insufficient_order_stat_support	1.026319	-0.005607	0	complete	tail_insufficient	publishable	
neqoperf	flow_control	iouring	loopback	2	throughput_gbps	duration	2000		20	5	5.562979	5.488730	5.581527	0.016681	5.477413	5.611299	1.024443	5.427549	5.150829	insufficient_order_stat_support	1.023732	-0.010074	0	complete	tail_insufficient	publishable	
neqoperf	resumed_connect	syscall	loopback	16	connections_per_second	work		2	20	5	14.313711	14.301992	14.334082	0.002242	14.282497	14.344522	1.004343	14.276239	14.190235	insufficient_order_stat_support	1.003053	-0.001007	0	complete	tail_insufficient	publishable	
neqoperf	resumed_connect	iouring	loopback	16	connections_per_second	work		2	20	5	14.765299	14.732445	14.801197	0.004656	14.690616	14.859218	1.011477	14.635157	14.549366	insufficient_order_stat_support	1.008381	-0.002259	0	complete	tail_insufficient	publishable	
neqoperf	zero_rtt_reqresp	syscall	loopback	4	requests_per_second	duration	2000		20	5	10569.000000	10557.000000	10598.750000	0.003950	10473.200000	10672.900000	1.019068	10401.700000	10334.830000	insufficient_order_stat_support	1.009549	0.002235	0	complete	tail_insufficient	publishable	
neqoperf	zero_rtt_reqresp	iouring	loopback	4	requests_per_second	duration	2000		20	5	10783.250000	10748.500000	10852.500000	0.009645	10713.300000	10886.200000	1.016139	10625.600000	10514.900000	insufficient_order_stat_support	1.012167	-0.000139	0	complete	tail_insufficient	publishable	
neqoperf	datagram	syscall	loopback	2	datagrams_per_second	duration	2000		20	5	1996134.750000	1977505.500000	2025571.000000	0.024079	1946886.900000	2019286.800000	1.037188	1911508.200000	1895729.670000	insufficient_order_stat_support	1.038601	-0.011247	0	complete	tail_insufficient	publishable	
neqoperf	datagram	iouring	loopback	2	datagrams_per_second	duration	2000		20	5	1860976.250000	1832561.750000	1886103.500000	0.028771	1825404.600000	1894864.400000	1.038052	1810892.300000	1745771.405000	insufficient_order_stat_support	1.039659	-0.016259	0	complete	tail_insufficient	publishable	
neqoperf	idle_footprint	syscall	loopback	16	server_rss_delta_bytes_per_connection	work			20	5	347264.000000	347264.000000	350592.000000	0.009583	339097.600000	355891.200000	1.049524	357196.800000	360606.720000	insufficient_order_stat_support	1.012182	-0.009861	0	complete	tail_insufficient	publishable	
neqoperf	idle_footprint	iouring	loopback	16	server_rss_delta_bytes_per_connection	work			20	5	372480.000000	371072.000000	378368.000000	0.019588	370073.600000	378777.600000	1.023520	383027.200000	384732.160000	insufficient_order_stat_support	1.023473	0.020359	0	complete	tail_insufficient	publishable	
neqoperf	close_reset_cleanup	syscall	loopback	4	streams_per_second	duration	2000		20	5	12233.500000	12204.250000	12236.000000	0.002595	12158.200000	12275.700000	1.009664	12082.350000	12039.510000	insufficient_order_stat_support	1.005788	0.000974	0	complete	tail_insufficient	publishable	
neqoperf	close_reset_cleanup	iouring	loopback	4	streams_per_second	duration	2000		20	5	12303.750000	12270.500000	12314.500000	0.003576	12205.000000	12392.200000	1.015338	12170.000000	12145.160000	insufficient_order_stat_support	1.007999	0.004244	0	complete	tail_insufficient	publishable	
lsperf	download	syscall	loopback	1	throughput_gbps	duration	2000		20	5	16.445613	15.924135	16.719844	0.048384	15.288908	16.899120	1.105319	15.001706	14.476757	insufficient_order_stat_support	1.094324	0.040820	0	complete	noisy	inconclusive	p50_ci_width_0.0484_gt_0.0300;drift_0.0408_gt_0.0300
lsperf	download	iouring	loopback	1	throughput_gbps	duration	2000		20	5	15.026128	14.674546	15.376202	0.046696	14.493306	15.361705	1.059917	13.596694	13.302893	insufficient_order_stat_support	1.055372	-0.000395	0	complete	noisy	inconclusive	p50_ci_width_0.0467_gt_0.0300
lsperf	upload	syscall	loopback	2	throughput_gbps	duration	2000		20	5	33.494600	30.659501	33.741562	0.092017	30.213596	34.222997	1.132702	29.499075	28.286031	insufficient_order_stat_support	1.154797	0.075487	0	complete	noisy	inconclusive	p50_ci_width_0.0920_gt_0.0300;block_median_ratio_1.1548_gt_1.1000;drift_0.0755_gt_0.0300
lsperf	upload	iouring	loopback	2	throughput_gbps	duration	2000		20	5	23.576319	23.375757	24.078976	0.029827	23.270376	24.415609	1.049214	22.949992	21.832898	insufficient_order_stat_support	1.052118	-0.024126	0	complete	tail_insufficient	publishable	
lsperf	connect	syscall	loopback	16	connections_per_second	work		8	20	5	291.758599	285.243571	312.489930	0.093387	284.385303	315.494059	1.109389	274.139470	265.637130	insufficient_order_stat_support	1.120935	-0.026400	0	complete	noisy	inconclusive	p50_ci_width_0.0934_gt_0.0500;block_median_ratio_1.1209_gt_1.1000
lsperf	connect	iouring	loopback	16	connections_per_second	work		8	20	5	262.974003	259.706758	265.333403	0.021396	253.457508	269.247279	1.062298	249.035301	241.402702	insufficient_order_stat_support	1.030623	-0.016312	0	complete	tail_insufficient	publishable	
lsperf	reqresp	syscall	loopback	16	requests_per_second	duration	2000		20	5	119404.250000	117874.000000	121154.500000	0.027474	117531.300000	121196.800000	1.031187	116795.350000	114151.375000	insufficient_order_stat_support	1.036253	-0.002429	0	complete	tail_insufficient	publishable	
lsperf	reqresp	iouring	loopback	16	requests_per_second	duration	2000		20	5	69022.750000	68021.500000	69936.000000	0.027737	67911.000000	70182.800000	1.033453	67476.800000	67092.635000	insufficient_order_stat_support	1.034351	0.007656	0	complete	tail_insufficient	publishable	
lsperf	stream_churn	syscall	loopback	16	streams_per_second	duration	2000		20	5	115554.000000	114074.000000	117696.000000	0.031345	112083.600000	117852.000000	1.051465	109615.600000	108647.200000	insufficient_order_stat_support	1.044693	0.029450	0	complete	tail_insufficient	publishable	
lsperf	stream_churn	iouring	loopback	16	streams_per_second	duration	2000		20	5	69856.000000	69644.000000	69964.000000	0.004581	69564.800000	70104.800000	1.007763	69435.600000	69402.840000	insufficient_order_stat_support	1.008303	-0.004218	0	complete	tail_insufficient	publishable	
lsperf	multistream_download	syscall	loopback	16	throughput_gbps	duration	2000		20	5	1.543504	1.543504	1.543504	0.000000	1.543504	1.543504	1.000000	1.543504	1.543504	insufficient_order_stat_support	1.000000	0.000000	0	complete	tail_insufficient	publishable	
lsperf	multistream_download	iouring	loopback	16	throughput_gbps	duration	2000		20	5	0.434300	0.396970	0.481713	0.195125	0.296246	0.520040	1.755431	0.271784	0.257783	insufficient_order_stat_support	1.413142	0.097399	0	complete	noisy	inconclusive	p50_ci_width_0.1951_gt_0.0300;p80_p20_1.7554_gt_1.1500;block_median_ratio_1.4131_gt_1.1000;drift_0.0974_gt_0.0300
lsperf	multistream_upload	syscall	loopback	16	throughput_gbps	duration	2000		20	5	1.543504	1.543504	1.543504	0.000000	1.543504	1.543504	1.000000	1.543504	1.543504	insufficient_order_stat_support	1.000000	0.000000	0	complete	tail_insufficient	publishable	
lsperf	multistream_upload	iouring	loopback	16	throughput_gbps	duration	2000		20	5	1.543504	1.543504	1.543504	0.000000	1.543504	1.543504	1.000000	1.543504	1.543504	insufficient_order_stat_support	1.000000	0.000000	0	complete	tail_insufficient	publishable	
lsperf	bidi	syscall	loopback	16	throughput_gbps	duration	2000		20	5	2.147484	2.147484	2.147484	0.000000	2.147484	2.147484	1.000000	2.147484	2.147484	insufficient_order_stat_support	1.000000	0.000000	0	complete	tail_insufficient	publishable	
lsperf	bidi	iouring	loopback	8	throughput_gbps	duration	2000		20	5	1.073742	1.073742	1.073742	0.000000	1.073742	1.073742	1.000000	1.073742	1.073742	insufficient_order_stat_support	1.000000	0.000000	0	complete	tail_insufficient	publishable	
lsperf	small_payload_pps	syscall	loopback	16	messages_per_second	duration	2000		20	5	121891.000000	121463.000000	122276.000000	0.006670	120297.600000	123028.000000	1.022697	119451.500000	118643.480000	insufficient_order_stat_support	1.009758	-0.003847	0	complete	tail_insufficient	publishable	
lsperf	small_payload_pps	iouring	loopback	16	messages_per_second	duration	2000		20	5	71088.000000	70992.000000	71492.000000	0.007034	70805.600000	71583.200000	1.010982	70754.400000	70108.200000	insufficient_order_stat_support	1.010099	-0.005682	0	complete	tail_insufficient	publishable	
lsperf	loss_recovery	syscall	loopback	1	throughput_gbps	duration	5000		20	5	18.342157	17.479674	18.860536	0.075284	17.269308	19.448639	1.126197	17.079530	16.576545	insufficient_order_stat_support	1.114411	-0.000278	0	complete	noisy	inconclusive	block_median_ratio_1.1144_gt_1.1000
lsperf	loss_recovery	iouring	loopback	1	throughput_gbps	duration	5000		20	5	17.354458	17.307203	17.492763	0.010692	16.839482	17.654764	1.048415	16.714999	16.413780	insufficient_order_stat_support	1.017059	-0.005624	0	complete	tail_insufficient	publishable	
lsperf	flow_control	syscall	loopback	1	throughput_gbps	duration	2000		20	5	13.941133	13.221010	14.225161	0.072028	13.140659	14.605837	1.111500	12.712760	12.599601	insufficient_order_stat_support	1.120502	0.055351	0	complete	noisy	inconclusive	p50_ci_width_0.0720_gt_0.0500;block_median_ratio_1.1205_gt_1.1000;drift_0.0554_gt_0.0300
lsperf	flow_control	iouring	loopback	1	throughput_gbps	duration	2000		20	5	11.731958	11.514276	11.849415	0.028566	11.472186	11.923203	1.039314	11.385983	11.212143	insufficient_order_stat_support	1.037013	0.006206	0	complete	tail_insufficient	publishable	
lsperf	resumed_connect	syscall	loopback	1	connections_per_second	work		128	20	5	79.843801	73.637526	80.136829	0.081400	72.719566	81.091001	1.115119	71.650057	68.656122	insufficient_order_stat_support	1.101429	-0.064463	0	complete	noisy	inconclusive	p50_ci_width_0.0814_gt_0.0500;block_median_ratio_1.1014_gt_1.1000;drift_-0.0645_gt_0.0300
lsperf	resumed_connect	iouring	loopback	2	connections_per_second	work		64	20	5	127.959339	121.682647	130.405944	0.068172	120.867525	132.113116	1.093041	119.211464	118.703532	insufficient_order_stat_support	1.084993	0.015776	0	complete	noisy	inconclusive	p50_ci_width_0.0682_gt_0.0500
lsperf	zero_rtt_reqresp	syscall	loopback	16	requests_per_second	duration	2000		20	5	114950.500000	114294.000000	116152.500000	0.016168	113427.200000	116246.700000	1.024857	113157.800000	111788.360000	insufficient_order_stat_support	1.024714	-0.011742	0	complete	tail_insufficient	publishable	
lsperf	zero_rtt_reqresp	iouring	loopback	8	requests_per_second	duration	2000		20	5	51964.500000	51639.000000	52148.000000	0.009795	51504.900000	52193.300000	1.013366	51447.800000	51385.115000	insufficient_order_stat_support	1.010517	-0.008506	0	complete	tail_insufficient	publishable	
lsperf	datagram	syscall	loopback	2	datagrams_per_second	duration	2000		20	5	2233385.250000	2169959.500000	2448903.500000	0.124897	2154795.500000	2482190.800000	1.151938	2138613.850000	2119075.435000	insufficient_order_stat_support	1.206583	0.009617	0	complete	noisy	inconclusive	p50_ci_width_0.1249_gt_0.0500;p80_p20_1.1519_gt_1.1500;block_median_ratio_1.2066_gt_1.1000
lsperf	datagram	iouring	loopback	16	datagrams_per_second	duration	2000		20	5	928370.000000	925015.250000	930374.000000	0.005772	923140.700000	938871.900000	1.017041	920789.000000	911843.405000	insufficient_order_stat_support	1.007032	0.002947	0	complete	tail_insufficient	publishable	
lsperf	idle_footprint	syscall	loopback	8	server_rss_delta_bytes_per_connection	work			20	5	79872.000000	78336.000000	87552.000000	0.115385	68608.000000	104345.600000	1.520896	114176.000000	125373.440000	insufficient_order_stat_support	1.172757	0.070423	0	complete	noisy	inconclusive	p50_ci_width_0.1154_gt_0.0500;p80_p20_1.5209_gt_1.1500;block_median_ratio_1.1728_gt_1.1000;drift_0.0704_gt_0.0300
lsperf	idle_footprint	iouring	loopback	16	server_rss_delta_bytes_per_connection	work			20	5	87808.000000	83968.000000	88192.000000	0.048105	81356.800000	90982.400000	1.118313	94617.600000	96000.000000	insufficient_order_stat_support	1.129870	0.003642	0	complete	noisy	inconclusive	block_median_ratio_1.1299_gt_1.1000
lsperf	close_reset_cleanup	syscall	loopback	16	streams_per_second	duration	2000		20	5	115444.000000	113964.000000	116624.000000	0.023041	112547.800000	116914.400000	1.038798	112335.100000	110762.440000	insufficient_order_stat_support	1.036557	0.025300	0	complete	tail_insufficient	publishable	
lsperf	close_reset_cleanup	iouring	loopback	16	streams_per_second	duration	2000		20	5	69916.000000	69826.000000	70180.000000	0.005063	69322.400000	70338.800000	1.014662	69155.600000	68713.880000	insufficient_order_stat_support	1.010143	-0.000568	0	complete	tail_insufficient	publishable	
xquicperf	download	syscall	loopback	16	throughput_gbps	duration	2000		20	5	7.233957	7.111787	7.350528	0.033003	6.721124	7.593482	1.129793	6.542332	6.247000	insufficient_order_stat_support	1.073485	-0.002966	0	complete	noisy	inconclusive	p50_ci_width_0.0330_gt_0.0300
xquicperf	download	iouring	loopback	2	throughput_gbps	duration	2000		20	5	2.036519	1.707707	2.255920	0.269191	1.655616	2.394811	1.446477	1.605311	1.568535	insufficient_order_stat_support	1.321023	-0.114616	0	complete	noisy	inconclusive	p50_ci_width_0.2692_gt_0.0300;p80_p20_1.4465_gt_1.1500;block_median_ratio_1.3210_gt_1.1000;drift_-0.1146_gt_0.0300
xquicperf	upload	syscall	loopback	16	throughput_gbps	duration	2000		20	5	3.952632	3.908255	3.979389	0.017997	3.907149	4.063055	1.039903	3.900929	3.847770	insufficient_order_stat_support	1.028763	0.023832	0	complete	tail_insufficient	publishable	
xquicperf	upload	iouring	loopback	16	throughput_gbps	duration	2000		20	5	2.159571	2.142120	2.170597	0.013186	2.103896	2.238653	1.064051	2.046990	1.922293	insufficient_order_stat_support	1.070140	0.003835	0	complete	tail_insufficient	publishable	
xquicperf	connect	syscall	loopback	16	connections_per_second	work		8	20	5	268.911413	263.079135	278.557635	0.057560	263.015395	279.903476	1.064209	262.621493	259.824946	insufficient_order_stat_support	1.063699	-0.015461	0	complete	noisy	inconclusive	p50_ci_width_0.0576_gt_0.0500
xquicperf	connect	iouring	loopback	16	connections_per_second	work		8	20	5	287.356544	281.184223	293.684394	0.043501	281.722653	301.893035	1.071597	275.826597	269.647642	insufficient_order_stat_support	1.074876	-0.012569	0	complete	tail_insufficient	publishable	
xquicperf	reqresp	syscall	loopback	16	requests_per_second	duration	2000		20	5	20578.000000	20450.750000	20893.250000	0.021504	20173.800000	20956.400000	1.038793	20087.900000	19928.195000	insufficient_order_stat_support	1.031191	-0.007391	0	complete	tail_insufficient	publishable	
xquicperf	reqresp	iouring	loopback	2	requests_per_second	duration	2000		20	5	18208.750000	18134.000000	18217.000000	0.004558	17960.800000	18321.400000	1.020077	17889.050000	17742.215000	insufficient_order_stat_support	1.009189	-0.005783	0	complete	tail_insufficient	publishable	
xquicperf	stream_churn	syscall	loopback	16	streams_per_second	duration	2000		20	5	20325.000000	20067.250000	20609.250000	0.026667	20039.600000	20611.300000	1.028529	19839.550000	19787.305000	insufficient_order_stat_support	1.049653	-0.015988	0	complete	tail_insufficient	publishable	
xquicperf	stream_churn	iouring	loopback	2	streams_per_second	duration	2000		20	5	18125.250000	18041.000000	18200.000000	0.008772	17934.700000	18288.100000	1.019705	17844.550000	17799.190000	insufficient_order_stat_support	1.012308	0.001376	0	complete	tail_insufficient	publishable	
xquicperf	multistream_download	syscall	loopback	16	throughput_gbps	duration	2000		20	5	7.623358	7.599824	7.675279	0.009898	7.534792	7.697457	1.021589	7.472161	7.410933	insufficient_order_stat_support	1.017538	0.002063	0	complete	tail_insufficient	publishable	
xquicperf	multistream_download	iouring	loopback	8	throughput_gbps	duration	2000		20	5	3.860441	3.797433	3.919261	0.031558	3.794565	3.989389	1.051343	3.779689	3.585955	insufficient_order_stat_support	1.042707	0.020034	0	complete	noisy	inconclusive	p50_ci_width_0.0316_gt_0.0300
xquicperf	multistream_upload	syscall	loopback	16	throughput_gbps	duration	2000		20	5	3.477078	3.466592	3.495953	0.008444	3.446879	3.519021	1.020930	3.424649	3.402378	insufficient_order_stat_support	1.010896	-0.004945	0	complete	tail_insufficient	publishable	
xquicperf	multistream_upload	iouring	loopback	16	throughput_gbps	duration	2000		20	5	1.658847	1.635779	1.694499	0.035398	1.630745	1.700371	1.042696	1.621938	1.607215	insufficient_order_stat_support	1.051414	0.028681	0	complete	noisy	inconclusive	p50_ci_width_0.0354_gt_0.0300
xquicperf	bidi	syscall	loopback	4	throughput_gbps	duration	2000		20	5	4.298809	4.266656	4.310696	0.010245	4.220350	4.368723	1.035157	4.205409	4.148118	insufficient_order_stat_support	1.021501	0.004862	0	complete	tail_insufficient	publishable	
xquicperf	bidi	iouring	loopback	2	throughput_gbps	duration	2000		20	5	4.055614	4.019759	4.076538	0.014000	4.000610	4.082025	1.020351	3.984443	3.971188	insufficient_order_stat_support	1.019667	0.010510	0	complete	tail_insufficient	publishable	
xquicperf	small_payload_pps	syscall	loopback	16	messages_per_second	duration	2000		20	5	20353.500000	20321.000000	20582.750000	0.012860	20081.300000	20728.300000	1.032219	19831.450000	19711.975000	insufficient_order_stat_support	1.023871	0.005516	0	complete	tail_insufficient	publishable	
xquicperf	small_payload_pps	iouring	loopback	4	messages_per_second	duration	2000		20	5	18941.000000	18520.500000	19113.500000	0.031308	18497.500000	19234.600000	1.039849	18213.900000	18081.690000	insufficient_order_stat_support	1.035844	-0.006423	0	complete	tail_insufficient	publishable	
xquicperf	loss_recovery	syscall	loopback	16	throughput_gbps	duration	5000		20	5	2.833832	2.809736	2.885723	0.026814	2.730221	2.961764	1.084807	2.694484	2.652543	insufficient_order_stat_support	1.043688	-0.002981	0	complete	tail_insufficient	publishable	
xquicperf	loss_recovery	iouring	loopback	2	throughput_gbps	duration	5000		20	5	2.466657	2.417268	2.563096	0.059120	2.412171	2.571277	1.065959	2.375083	2.274886	insufficient_order_stat_support	1.088056	0.032661	0	complete	noisy	inconclusive	drift_0.0327_gt_0.0300
xquicperf	flow_control	syscall	loopback	8	throughput_gbps	duration	2000		20	5	5.115550	4.937053	5.184527	0.048377	4.928746	5.269790	1.069195	4.896178	4.720805	insufficient_order_stat_support	1.053804	-0.020330	0	complete	tail_insufficient	publishable	
xquicperf	flow_control	iouring	loopback	8	throughput_gbps	duration	2000		20	5	2.359084	2.332623	2.373615	0.017376	2.310698	2.408269	1.042226	2.225960	2.076736	insufficient_order_stat_support	1.038500	0.013163	0	complete	tail_insufficient	publishable	
xquicperf	resumed_connect	syscall	loopback	2	connections_per_second	work		64	20	5	444.253408	431.659990	457.474925	0.058109	430.791121	463.902580	1.076862	422.636916	422.014749	insufficient_order_stat_support	1.089138	-0.041348	0	complete	noisy	inconclusive	p50_ci_width_0.0581_gt_0.0500;drift_-0.0413_gt_0.0300
xquicperf	resumed_connect	iouring	loopback	2	connections_per_second	work		64	20	5	442.054478	433.149203	449.009389	0.035878	418.811169	455.283938	1.087086	405.908146	395.979420	insufficient_order_stat_support	1.070384	0.036084	0	complete	noisy	inconclusive	drift_0.0361_gt_0.0300
xquicperf	zero_rtt_reqresp	syscall	loopback	16	requests_per_second	duration	2000		20	5	20543.750000	20482.500000	20679.500000	0.009589	20368.000000	20858.700000	1.024092	20272.350000	20046.495000	insufficient_order_stat_support	1.017756	-0.001497	0	complete	tail_insufficient	publishable	
xquicperf	zero_rtt_reqresp	iouring	loopback	2	requests_per_second	duration	2000		20	5	18138.750000	18066.250000	18193.000000	0.006988	17887.200000	18349.400000	1.025840	17835.000000	17746.755000	insufficient_order_stat_support	1.014029	0.000228	0	complete	tail_insufficient	publishable	
xquicperf	datagram	syscall	loopback	8	datagrams_per_second	duration	2000		20	5	9984.000000	9930.250000	10039.750000	0.010968	9659.800000	10337.000000	1.070105	9528.550000	9383.245000	insufficient_order_stat_support	1.026432	0.011355	0	complete	tail_insufficient	publishable	
xquicperf	datagram	iouring	loopback	8	datagrams_per_second	duration	2000		20	5	3451.500000	3357.250000	3622.500000	0.076851	2642.700000	3797.600000	1.437015	2089.100000	1754.705000	insufficient_order_stat_support	1.313425	-0.039802	0	complete	noisy	inconclusive	p50_ci_width_0.0769_gt_0.0500;p80_p20_1.4370_gt_1.1500;block_median_ratio_1.3134_gt_1.1000;drift_-0.0398_gt_0.0300
xquicperf	idle_footprint	syscall	loopback	16	server_rss_delta_bytes_per_connection	work			20	5	164352.000000	161664.000000	167296.000000	0.034268	151705.600000	173209.600000	1.141748	174054.400000	176335.360000	insufficient_order_stat_support	1.092020	0.031587	0	complete	noisy	inconclusive	drift_0.0316_gt_0.0300
xquicperf	idle_footprint	iouring	loopback	16	server_rss_delta_bytes_per_connection	work			20	5	135168.000000	131968.000000	141056.000000	0.067235	132659.200000	141107.200000	1.063682	141593.600000	142238.720000	insufficient_order_stat_support	1.139463	-0.035846	0	complete	noisy	inconclusive	p50_ci_width_0.0672_gt_0.0500;block_median_ratio_1.1395_gt_1.1000;drift_-0.0358_gt_0.0300
xquicperf	close_reset_cleanup	syscall	loopback	16	streams_per_second	duration	2000		20	5	20353.750000	20287.000000	20542.500000	0.012553	20208.500000	20741.700000	1.026385	20141.000000	19818.350000	insufficient_order_stat_support	1.015897	-0.013278	0	complete	tail_insufficient	publishable	
xquicperf	close_reset_cleanup	iouring	loopback	2	streams_per_second	duration	2000		20	5	18196.250000	18140.000000	18334.000000	0.010662	18029.200000	18367.100000	1.018742	17757.250000	17564.110000	insufficient_order_stat_support	1.013185	-0.000864	0	complete	tail_insufficient	publishable	
quicheperf	download	syscall	loopback	1	throughput_gbps	duration	2000		20	5	11.257714	10.965459	11.336331	0.032944	10.821717	11.590611	1.071051	10.226787	9.962844	insufficient_order_stat_support	1.061613	-0.014403	0	complete	noisy	inconclusive	p50_ci_width_0.0329_gt_0.0300
quicheperf	download	iouring	loopback	1	throughput_gbps	duration	2000		20	5	9.803676	9.705087	10.149964	0.045379	9.300532	10.148361	1.091159	9.047359	9.012705	insufficient_order_stat_support	1.085100	-0.016980	0	complete	noisy	inconclusive	p50_ci_width_0.0454_gt_0.0300
quicheperf	upload	syscall	loopback	4	throughput_gbps	duration	2000		20	5	14.794150	14.719327	14.881314	0.010949	14.589092	14.959423	1.025384	14.543231	14.485944	insufficient_order_stat_support	1.016996	-0.012087	0	complete	tail_insufficient	publishable	
quicheperf	upload	iouring	loopback	2	throughput_gbps	duration	2000		20	5	13.754891	13.748090	13.933100	0.013450	13.616051	14.062405	1.032781	13.591559	13.336147	insufficient_order_stat_support	1.022477	-0.010333	0	complete	tail_insufficient	publishable	
quicheperf	connect	syscall	loopback	16	connections_per_second	work		8	20	5	276.992591	274.953555	277.958093	0.010847	268.602293	285.970587	1.064662	264.859685	255.046222	insufficient_order_stat_support	1.047408	-0.017022	0	complete	tail_insufficient	publishable	
quicheperf	connect	iouring	loopback	16	connections_per_second	work		8	20	5	258.442356	258.442356	260.106464	0.006439	249.902810	271.754804	1.087442	247.993306	246.137275	insufficient_order_stat_support	1.024466	-0.010317	0	complete	tail_insufficient	publishable	
quicheperf	reqresp	syscall	loopback	16	requests_per_second	duration	2000		20	5	64574.000000	62931.500000	65117.500000	0.033853	62888.600000	65714.400000	1.044933	62480.000000	62080.715000	insufficient_order_stat_support	1.044380	-0.000208	0	complete	tail_insufficient	publishable	
quicheperf	reqresp	iouring	loopback	16	requests_per_second	duration	2000		20	5	50634.250000	49863.500000	51248.250000	0.027348	47959.000000	51522.600000	1.074305	47602.800000	46700.595000	insufficient_order_stat_support	1.038732	-0.002621	0	complete	tail_insufficient	publishable	
quicheperf	stream_churn	syscall	loopback	16	streams_per_second	duration	2000		20	5	74756.000000	73950.500000	75007.500000	0.014139	72808.000000	75680.800000	1.039457	71260.500000	69964.680000	insufficient_order_stat_support	1.017519	-0.013216	0	complete	tail_insufficient	publishable	
quicheperf	stream_churn	iouring	loopback	16	streams_per_second	duration	2000		20	5	53924.000000	53461.750000	54421.000000	0.017789	51628.400000	55074.600000	1.066750	50014.400000	49181.135000	insufficient_order_stat_support	1.021875	-0.014415	0	complete	tail_insufficient	publishable	
quicheperf	multistream_download	syscall	loopback	1	throughput_gbps	duration	2000		20	5	10.990408	10.913105	11.056597	0.013056	10.744113	11.163171	1.039003	10.613052	10.075869	insufficient_order_stat_support	1.013149	-0.004894	0	complete	tail_insufficient	publishable	
quicheperf	multistream_download	iouring	loopback	1	throughput_gbps	duration	2000		20	5	11.155995	11.126727	11.269147	0.012766	10.780286	11.376606	1.055316	10.452656	10.198098	insufficient_order_stat_support	1.029223	-0.012071	0	complete	tail_insufficient	publishable	
quicheperf	multistream_upload	syscall	loopback	2	throughput_gbps	duration	2000		20	5	15.290884	15.244832	15.304731	0.003917	14.991282	15.414214	1.028212	14.627626	14.328735	insufficient_order_stat_support	1.005077	0.001731	0	complete	tail_insufficient	publishable	
quicheperf	multistream_upload	iouring	loopback	2	throughput_gbps	duration	2000		20	5	13.932797	13.832647	14.018973	0.013373	13.625616	14.034087	1.029978	12.872910	12.714984	insufficient_order_stat_support	1.023155	-0.006780	0	complete	tail_insufficient	publishable	
quicheperf	bidi	syscall	loopback	4	throughput_gbps	duration	2000		20	5	12.661595	12.479573	12.869909	0.030828	12.154254	12.941548	1.064775	11.821057	11.420153	insufficient_order_stat_support	1.033605	-0.012665	0	complete	noisy	inconclusive	p50_ci_width_0.0308_gt_0.0300
quicheperf	bidi	iouring	loopback	4	throughput_gbps	duration	2000		20	5	11.905773	11.849401	12.006875	0.013227	11.490940	12.013449	1.045471	11.174884	11.138823	insufficient_order_stat_support	1.027367	0.000691	0	complete	tail_insufficient	publishable	
quicheperf	small_payload_pps	syscall	loopback	16	messages_per_second	duration	2000		20	5	73852.250000	72379.000000	75510.000000	0.042395	71828.900000	75536.600000	1.051618	70781.200000	69397.045000	insufficient_order_stat_support	1.052124	-0.023658	0	complete	tail_insufficient	publishable	
quicheperf	small_payload_pps	iouring	loopback	16	messages_per_second	duration	2000		20	5	53078.500000	52660.250000	53388.250000	0.013716	51838.300000	54811.700000	1.057359	49565.200000	47663.185000	insufficient_order_stat_support	1.035081	-0.008642	0	complete	tail_insufficient	publishable	
quicheperf	loss_recovery	syscall	loopback	1	throughput_gbps	duration	5000		20	5	11.689198	11.487498	11.967415	0.041056	11.430065	11.986488	1.048681	11.263823	11.098342	insufficient_order_stat_support	1.069996	0.017121	0	complete	tail_insufficient	publishable	
quicheperf	loss_recovery	iouring	loopback	1	throughput_gbps	duration	5000		20	5	10.877015	10.749359	10.912115	0.014963	10.541331	11.119553	1.054853	10.430454	10.316486	insufficient_order_stat_support	1.034317	-0.006507	0	complete	tail_insufficient	publishable	
quicheperf	flow_control	syscall	loopback	8	throughput_gbps	duration	2000		20	5	10.308521	10.225739	10.380340	0.014997	9.917779	10.514116	1.060128	9.689253	9.188047	insufficient_order_stat_support	1.036678	0.000905	0	complete	tail_insufficient	publishable	
quicheperf	flow_control	iouring	loopback	2	throughput_gbps	duration	2000		20	5	9.963935	9.881419	10.067345	0.018660	9.775416	10.206519	1.044101	9.648298	9.297046	insufficient_order_stat_support	1.023334	0.010951	0	complete	tail_insufficient	publishable	
quicheperf	resumed_connect	syscall	loopback	2	connections_per_second	work		64	20	5	301.344005	294.922840	312.125611	0.057087	294.369976	310.947807	1.056316	291.657168	287.708018	insufficient_order_stat_support	1.069381	0.001408	0	complete	noisy	inconclusive	p50_ci_width_0.0571_gt_0.0500
quicheperf	resumed_connect	iouring	loopback	2	connections_per_second	work		64	20	5	305.901563	300.418984	307.971521	0.024689	299.787150	313.168990	1.044638	295.576580	284.228565	insufficient_order_stat_support	1.044989	-0.029341	0	complete	tail_insufficient	publishable	
quicheperf	zero_rtt_reqresp	syscall	loopback	16	requests_per_second	duration	2000		20	5	65327.250000	64926.000000	65817.500000	0.013647	63758.600000	66587.500000	1.044369	62600.450000	61437.155000	insufficient_order_stat_support	1.025039	0.003642	0	complete	tail_insufficient	publishable	
quicheperf	zero_rtt_reqresp	iouring	loopback	8	requests_per_second	duration	2000		20	5	46529.000000	46105.500000	46606.250000	0.010762	45852.600000	46979.500000	1.024577	45708.200000	44774.405000	insufficient_order_stat_support	1.016580	-0.002444	0	complete	tail_insufficient	publishable	
quicheperf	datagram	syscall	loopback	2	datagrams_per_second	duration	2000		20	5	5141277.500000	4263851.500000	5340576.000000	0.209427	4255772.800000	5377509.600000	1.263580	4154823.200000	3737509.040000	insufficient_order_stat_support	1.288405	-0.001144	0	complete	noisy	inconclusive	p50_ci_width_0.2094_gt_0.0500;p80_p20_1.2636_gt_1.1500;block_median_ratio_1.2884_gt_1.1000
quicheperf	datagram	iouring	loopback	2	datagrams_per_second	duration	2000		20	5	5206512.500000	5055357.500000	5230766.000000	0.033690	4274278.100000	5552094.400000	1.298955	4134915.250000	3981228.325000	insufficient_order_stat_support	1.145426	0.057768	0	complete	noisy	inconclusive	p80_p20_1.2990_gt_1.1500;block_median_ratio_1.1454_gt_1.1000;drift_0.0578_gt_0.0300
quicheperf	idle_footprint	syscall	loopback	16	server_rss_delta_bytes_per_connection	work			20	5	125440.000000	124160.000000	128000.000000	0.030612	123596.800000	128000.000000	1.035626	135193.600000	135838.720000	insufficient_order_stat_support	1.060825	0.003077	0	complete	tail_insufficient	publishable	
quicheperf	idle_footprint	iouring	loopback	16	server_rss_delta_bytes_per_connection	work			20	5	84864.000000	84224.000000	92672.000000	0.099548	82534.400000	92928.000000	1.125931	93286.400000	96926.720000	insufficient_order_stat_support	1.125581	-0.020741	1	complete	noisy	inconclusive	p50_ci_width_0.0995_gt_0.0500;block_median_ratio_1.1256_gt_1.1000;outliers_1
quicheperf	close_reset_cleanup	syscall	loopback	16	streams_per_second	duration	2000		20	5	75079.750000	74557.750000	75675.500000	0.014888	72732.200000	76072.000000	1.045919	72456.700000	71958.865000	insufficient_order_stat_support	1.030603	0.001107	0	complete	tail_insufficient	publishable	
quicheperf	close_reset_cleanup	iouring	loopback	16	streams_per_second	duration	2000		20	5	52788.000000	52323.000000	53214.750000	0.016893	50968.400000	53727.200000	1.054128	48907.400000	47511.725000	insufficient_order_stat_support	1.027616	-0.008380	0	complete	tail_insufficient	publishable	
picoperf	download	syscall	loopback	1	throughput_gbps	duration	2000		20	5	8.906486	8.827499	9.132400	0.034234	8.750835	9.134913	1.043890	8.739561	8.631714	insufficient_order_stat_support	1.036477	-0.014566	0	complete	noisy	inconclusive	p50_ci_width_0.0342_gt_0.0300
picoperf	download	iouring	loopback	1	throughput_gbps	duration	2000		20	5	9.690742	9.599148	9.836706	0.024514	9.450261	9.932423	1.051021	9.405859	9.352155	insufficient_order_stat_support	1.040957	-0.000644	0	complete	tail_insufficient	publishable	
picoperf	upload	syscall	loopback	2	throughput_gbps	duration	2000		20	5	15.823322	15.782749	15.848952	0.004184	15.637369	15.949634	1.019969	15.480080	15.343899	insufficient_order_stat_support	1.010982	0.001854	0	complete	tail_insufficient	publishable	
picoperf	upload	iouring	loopback	2	throughput_gbps	duration	2000		20	5	14.549216	14.432848	14.710930	0.019113	14.401208	14.726307	1.022574	14.227492	14.142371	insufficient_order_stat_support	1.029173	-0.009364	0	complete	tail_insufficient	publishable	
picoperf	connect	syscall	loopback	16	connections_per_second	work		8	20	5	296.534223	290.463905	303.226104	0.043038	282.279852	303.563998	1.075401	280.593423	270.872536	insufficient_order_stat_support	1.047642	0.022851	0	complete	tail_insufficient	publishable	
picoperf	connect	iouring	loopback	16	connections_per_second	work		8	20	5	270.184885	264.766841	283.150241	0.068040	263.085704	284.375804	1.080925	261.909702	254.663570	insufficient_order_stat_support	1.074425	-0.013872	0	complete	noisy	inconclusive	p50_ci_width_0.0680_gt_0.0500
picoperf	reqresp	syscall	loopback	16	requests_per_second	duration	2000		20	5	59097.500000	58317.000000	59352.500000	0.017522	57643.100000	59591.600000	1.033803	57357.650000	57182.645000	insufficient_order_stat_support	1.024706	0.004942	0	complete	tail_insufficient	publishable	
picoperf	reqresp	iouring	loopback	8	requests_per_second	duration	2000		20	5	30699.250000	30281.000000	31148.500000	0.028258	30193.000000	31266.600000	1.035558	29893.950000	29141.370000	insufficient_order_stat_support	1.034833	0.000307	0	complete	tail_insufficient	publishable	
picoperf	stream_churn	syscall	loopback	16	streams_per_second	duration	2000		20	5	48480.000000	47520.000000	51190.000000	0.075701	47269.600000	51312.800000	1.085535	43890.400000	41331.160000	insufficient_order_stat_support	1.123218	0.052485	0	complete	noisy	inconclusive	p50_ci_width_0.0757_gt_0.0500;block_median_ratio_1.1232_gt_1.1000;drift_0.0525_gt_0.0300
picoperf	stream_churn	iouring	loopback	16	streams_per_second	duration	2000		20	5	45686.000000	45112.000000	45750.000000	0.013965	45002.400000	46098.400000	1.024354	44723.600000	44605.880000	insufficient_order_stat_support	1.028007	0.007916	0	complete	tail_insufficient	publishable	
picoperf	multistream_download	syscall	loopback	16	throughput_gbps	duration	2000		20	5	0.546475	0.544303	0.549876	0.010198	0.543844	0.552074	1.015134	0.542012	0.540154	insufficient_order_stat_support	1.017090	0.005008	0	complete	tail_insufficient	publishable	
picoperf	multistream_download	iouring	loopback	16	throughput_gbps	duration	2000		20	5	0.672515	0.671620	0.673922	0.003424	0.669738	0.676002	1.009352	0.667843	0.661022	insufficient_order_stat_support	1.013212	-0.006652	0	complete	tail_insufficient	publishable	
picoperf	multistream_upload	syscall	loopback	16	throughput_gbps	duration	2000		20	5	0.591317	0.589634	0.592612	0.005037	0.586228	0.600605	1.024524	0.580462	0.580090	insufficient_order_stat_support	1.010551	0.007005	0	complete	tail_insufficient	publishable	
picoperf	multistream_upload	iouring	loopback	16	throughput_gbps	duration	2000		20	5	0.592580	0.591870	0.593991	0.003578	0.589600	0.595079	1.009292	0.585742	0.583984	insufficient_order_stat_support	1.004823	0.001185	0	complete	tail_insufficient	publishable	
picoperf	bidi	syscall	loopback	16	throughput_gbps	duration	2000		20	5	0.223152	0.221122	0.231535	0.046661	0.215100	0.234270	1.089121	0.212452	0.206156	insufficient_order_stat_support	1.068856	-0.034428	0	complete	noisy	inconclusive	p50_ci_width_0.0467_gt_0.0300;drift_-0.0344_gt_0.0300
picoperf	bidi	iouring	loopback	16	throughput_gbps	duration	2000		20	5	0.258150	0.254892	0.258555	0.014191	0.233631	0.275371	1.178656	0.230969	0.225520	insufficient_order_stat_support	1.101731	0.038441	0	complete	noisy	inconclusive	p80_p20_1.1787_gt_1.1500;block_median_ratio_1.1017_gt_1.1000;drift_0.0384_gt_0.0300
picoperf	small_payload_pps	syscall	loopback	16	messages_per_second	duration	2000		20	5	49594.000000	49280.000000	51072.000000	0.036133	48161.600000	51199.200000	1.063071	47894.400000	46922.760000	insufficient_order_stat_support	1.050382	-0.022520	0	complete	tail_insufficient	publishable	
picoperf	small_payload_pps	iouring	loopback	16	messages_per_second	duration	2000		20	5	45910.000000	45420.000000	46410.000000	0.021564	45080.800000	46524.000000	1.032014	44847.600000	44231.640000	insufficient_order_stat_support	1.030528	0.001177	0	complete	tail_insufficient	publishable	
picoperf	loss_recovery	syscall	loopback	1	throughput_gbps	duration	5000		20	5	7.589778	7.444678	7.611442	0.021972	7.201764	7.705150	1.069898	6.989919	6.896274	insufficient_order_stat_support	1.028001	0.012041	0	complete	tail_insufficient	publishable	
picoperf	loss_recovery	iouring	loopback	1	throughput_gbps	duration	5000		20	5	7.174883	6.897017	7.249373	0.049110	6.870690	7.291175	1.061200	6.782773	6.625622	insufficient_order_stat_support	1.062236	0.015867	0	complete	tail_insufficient	publishable	
picoperf	flow_control	syscall	loopback	1	throughput_gbps	duration	2000		20	5	9.686089	9.489780	9.771656	0.029101	9.471390	9.944152	1.049915	9.320625	9.205929	insufficient_order_stat_support	1.038226	0.004483	0	complete	tail_insufficient	publishable	
picoperf	flow_control	iouring	loopback	1	throughput_gbps	duration	2000		20	5	9.579541	9.522621	9.656568	0.013983	9.438134	9.923609	1.051438	9.377359	9.283252	insufficient_order_stat_support	1.025801	-0.010571	0	complete	tail_insufficient	publishable	
picoperf	resumed_connect	syscall	loopback	2	connections_per_second	work		64	20	5	388.360530	381.655378	403.692352	0.056744	383.057740	412.127781	1.075889	375.012731	363.488175	insufficient_order_stat_support	1.120023	0.009464	0	complete	noisy	inconclusive	p50_ci_width_0.0567_gt_0.0500;block_median_ratio_1.1200_gt_1.1000
picoperf	resumed_connect	iouring	loopback	4	connections_per_second	work		32	20	5	401.604717	356.104973	418.876919	0.156303	348.399409	444.163036	1.274867	330.038900	325.788981	insufficient_order_stat_support	1.259438	-0.014950	0	complete	noisy	inconclusive	p50_ci_width_0.1563_gt_0.0500;p80_p20_1.2749_gt_1.1500;block_median_ratio_1.2594_gt_1.1000
picoperf	zero_rtt_reqresp	syscall	loopback	16	requests_per_second	duration	2000		20	5	56002.750000	55671.500000	56419.000000	0.013348	54637.900000	57230.900000	1.047458	53626.200000	53171.205000	insufficient_order_stat_support	1.044873	-0.012191	0	complete	tail_insufficient	publishable	
picoperf	zero_rtt_reqresp	iouring	loopback	8	requests_per_second	duration	2000		20	5	30601.750000	30360.500000	30893.000000	0.017401	29888.700000	31636.900000	1.058490	29702.000000	29510.165000	insufficient_order_stat_support	1.034398	0.000338	0	complete	tail_insufficient	publishable	
picoperf	datagram	syscall	loopback	1	datagrams_per_second	duration	2000		20	5	71990.500000	71385.750000	72521.000000	0.015769	69465.800000	77922.400000	1.121738	68153.250000	65497.710000	insufficient_order_stat_support	1.072116	-0.036436	0	complete	noisy	inconclusive	drift_-0.0364_gt_0.0300
picoperf	datagram	iouring	loopback	1	datagrams_per_second	duration	2000		20	5	91122.500000	89678.000000	94384.500000	0.051650	87954.700000	95412.500000	1.084791	83556.550000	80252.965000	insufficient_order_stat_support	1.074852	-0.006568	0	complete	noisy	inconclusive	p50_ci_width_0.0517_gt_0.0500
picoperf	idle_footprint	syscall	loopback	16	server_rss_delta_bytes_per_connection	work			20	5	135424.000000	134656.000000	135936.000000	0.009452	129587.200000	136704.000000	1.054919	140800.000000	144348.160000	insufficient_order_stat_support	1.048544	0.002844	0	complete	tail_insufficient	publishable	
picoperf	idle_footprint	iouring	loopback	16	server_rss_delta_bytes_per_connection	work			20	5	93056.000000	92416.000000	93952.000000	0.016506	91238.400000	100403.200000	1.100449	105753.600000	107020.800000	insufficient_order_stat_support	1.078947	-0.014276	0	complete	tail_insufficient	publishable	
picoperf	close_reset_cleanup	syscall	loopback	16	streams_per_second	duration	2000		20	5	49276.000000	48144.000000	50416.000000	0.046108	47567.200000	51515.200000	1.082998	47000.800000	42527.800000	insufficient_order_stat_support	1.073930	0.020120	0	complete	tail_insufficient	publishable	
picoperf	close_reset_cleanup	iouring	loopback	16	streams_per_second	duration	2000		20	5	45716.000000	45402.000000	46252.000000	0.018593	45123.200000	46452.800000	1.029466	44743.600000	44055.640000	insufficient_order_stat_support	1.029930	-0.008568	0	complete	tail_insufficient	publishable	
quinnperf	download	syscall	loopback	2	throughput_gbps	duration	2000		20	5	6.695362	6.675537	6.766208	0.013542	6.600321	6.856159	1.038761	6.478700	6.392596	insufficient_order_stat_support	1.018312	-0.010736	0	complete	tail_insufficient	publishable	
quinnperf	download	iouring	loopback	2	throughput_gbps	duration	2000		20	5	6.870274	6.805263	6.878134	0.010607	6.733535	6.941771	1.030925	6.673084	6.643305	insufficient_order_stat_support	1.017749	0.003072	0	complete	tail_insufficient	publishable	
quinnperf	upload	syscall	loopback	1	throughput_gbps	duration	2000		20	5	3.450073	3.432975	3.469228	0.010508	3.424594	3.489240	1.018877	3.420490	3.389557	insufficient_order_stat_support	1.022488	0.013939	0	complete	tail_insufficient	publishable	
quinnperf	upload	iouring	loopback	1	throughput_gbps	duration	2000		20	5	4.247289	4.246620	4.247727	0.000261	4.222944	4.302547	1.018850	4.198918	4.188969	insufficient_order_stat_support	1.006600	-0.002801	0	complete	tail_insufficient	publishable	
quinnperf	connect	syscall	loopback	8	connections_per_second	work		16	20	5	302.179879	291.779794	307.610354	0.052388	285.737024	321.788966	1.126172	276.959399	274.145063	insufficient_order_stat_support	1.088007	-0.020776	0	complete	noisy	inconclusive	p50_ci_width_0.0524_gt_0.0500
quinnperf	connect	iouring	loopback	16	connections_per_second	work		8	20	5	274.843466	272.774907	279.935369	0.026053	269.763404	289.551449	1.073353	268.827495	253.717120	insufficient_order_stat_support	1.041013	0.014285	0	complete	tail_insufficient	publishable	
quinnperf	reqresp	syscall	loopback	2	requests_per_second	duration	2000		20	5	51031.250000	51015.250000	51123.000000	0.002111	50088.300000	51995.300000	1.038073	49881.950000	49711.670000	insufficient_order_stat_support	1.017296	-0.006666	0	complete	tail_insufficient	publishable	
quinnperf	reqresp	iouring	loopback	1	requests_per_second	duration	2000		20	5	32764.750000	32764.500000	32765.000000	0.000015	32764.500000	32765.000000	1.000015	32764.500000	32764.500000	insufficient_order_stat_support	1.000015	-0.000004	0	complete	tail_insufficient	publishable	
quinnperf	stream_churn	syscall	loopback	2	streams_per_second	duration	2000		20	5	52025.500000	50758.250000	52964.000000	0.042397	50620.000000	53086.300000	1.048722	50412.800000	49684.520000	insufficient_order_stat_support	1.050215	-0.003863	0	complete	tail_insufficient	publishable	
quinnperf	stream_churn	iouring	loopback	1	streams_per_second	duration	2000		20	5	32765.000000	32764.500000	32765.500000	0.000031	32764.500000	32765.500000	1.000031	32764.500000	32764.500000	insufficient_order_stat_support	1.000031	0.000008	0	complete	tail_insufficient	publishable	
quinnperf	multistream_download	syscall	loopback	2	throughput_gbps	duration	2000		20	5	6.438752	6.349860	6.484584	0.020924	6.345858	6.496142	1.023682	6.332031	6.306445	insufficient_order_stat_support	1.029210	-0.015993	0	complete	tail_insufficient	publishable	
quinnperf	multistream_download	iouring	loopback	2	throughput_gbps	duration	2000		20	5	6.669714	6.594307	6.688136	0.014068	6.576106	6.758031	1.027665	6.516757	6.462927	insufficient_order_stat_support	1.023642	-0.001020	0	complete	tail_insufficient	publishable	
quinnperf	multistream_upload	syscall	loopback	16	throughput_gbps	duration	2000		20	5	1.534066	1.530921	1.539310	0.005468	1.528405	1.539310	1.007135	1.524630	1.523780	insufficient_order_stat_support	1.006509	-0.000683	0	complete	tail_insufficient	publishable	
quinnperf	multistream_upload	iouring	loopback	16	throughput_gbps	duration	2000		20	5	1.533018	1.530921	1.537737	0.004446	1.530502	1.539729	1.006029	1.526622	1.525678	insufficient_order_stat_support	1.004452	0.003594	0	complete	tail_insufficient	publishable	
quinnperf	bidi	syscall	loopback	1	throughput_gbps	duration	2000		20	5	4.612374	4.595700	4.641002	0.009822	4.549336	4.680047	1.028732	4.520614	4.473992	insufficient_order_stat_support	1.025259	0.009896	0	complete	tail_insufficient	publishable	
quinnperf	bidi	iouring	loopback	1	throughput_gbps	duration	2000		20	5	5.316893	5.273132	5.352980	0.015018	5.271205	5.404556	1.025298	5.246163	5.154747	insufficient_order_stat_support	1.023142	-0.006391	0	complete	tail_insufficient	publishable	
quinnperf	small_payload_pps	syscall	loopback	2	messages_per_second	duration	2000		20	5	52510.750000	52159.500000	52917.750000	0.014440	51700.900000	53266.200000	1.030276	51623.700000	50964.720000	insufficient_order_stat_support	1.020450	-0.011443	0	complete	tail_insufficient	publishable	
quinnperf	small_payload_pps	iouring	loopback	1	messages_per_second	duration	2000		20	5	32764.750000	32764.500000	32765.000000	0.000015	32764.500000	32765.500000	1.000031	32764.500000	32764.500000	insufficient_order_stat_support	1.000023	-0.000011	0	complete	tail_insufficient	publishable	
quinnperf	loss_recovery	syscall	loopback	2	throughput_gbps	duration	5000		20	5	6.525654	6.508407	6.591781	0.012776	6.416460	6.677808	1.040731	6.367265	6.279321	insufficient_order_stat_support	1.018538	-0.001072	0	complete	tail_insufficient	publishable	
quinnperf	loss_recovery	iouring	loopback	4	throughput_gbps	duration	5000		20	5	6.543605	6.523967	6.613998	0.013759	6.475793	6.614827	1.021470	6.460864	6.441590	insufficient_order_stat_support	1.017938	0.002390	0	complete	tail_insufficient	publishable	
quinnperf	flow_control	syscall	loopback	2	throughput_gbps	duration	2000		20	5	5.212619	5.176372	5.273921	0.018714	5.137312	5.325453	1.036622	5.115556	5.029921	insufficient_order_stat_support	1.030846	-0.008662	0	complete	tail_insufficient	publishable	
quinnperf	flow_control	iouring	loopback	2	throughput_gbps	duration	2000		20	5	5.326770	5.319942	5.335265	0.002877	5.289464	5.374808	1.016135	5.270913	5.262891	insufficient_order_stat_support	1.010439	0.001432	0	complete	tail_insufficient	publishable	
quinnperf	resumed_connect	syscall	loopback	16	connections_per_second	work		2	20	5	14.413419	14.360031	14.455702	0.006638	14.326149	14.499305	1.012087	14.309945	14.285591	insufficient_order_stat_support	1.007800	0.003683	0	complete	tail_insufficient	publishable	
quinnperf	resumed_connect	iouring	loopback	16	connections_per_second	work		2	20	5	14.937794	14.891604	14.946916	0.003703	14.881097	14.972719	1.006157	14.818833	14.798484	insufficient_order_stat_support	1.007745	0.002289	0	complete	tail_insufficient	publishable	
quinnperf	zero_rtt_reqresp	syscall	loopback	1	requests_per_second	duration	2000		20	5	32765.000000	32764.500000	32765.000000	0.000015	32764.500000	32765.000000	1.000015	32764.500000	32764.500000	insufficient_order_stat_support	1.000015	0.000011	0	complete	tail_insufficient	publishable	
quinnperf	zero_rtt_reqresp	iouring	loopback	1	requests_per_second	duration	2000		20	5	32764.750000	32764.500000	32765.000000	0.000015	32764.500000	32765.000000	1.000015	32764.500000	32764.500000	insufficient_order_stat_support	1.000015	0.000000	0	complete	tail_insufficient	publishable	
quinnperf	datagram	syscall	loopback	4	datagrams_per_second	duration	2000		20	5	3504773.000000	3493875.750000	3531873.250000	0.010842	3480821.500000	3547237.400000	1.019081	3476106.300000	3468649.620000	insufficient_order_stat_support	1.012439	-0.007118	0	complete	tail_insufficient	publishable	
quinnperf	datagram	iouring	loopback	4	datagrams_per_second	duration	2000		20	5	3296997.250000	3264728.500000	3364181.500000	0.030165	3244664.000000	3382110.300000	1.042361	3207451.300000	3054184.990000	insufficient_order_stat_support	1.037605	0.008380	0	complete	tail_insufficient	publishable	
quinnperf	idle_footprint	syscall	loopback	16	server_rss_delta_bytes_per_connection	work			20	5	80896.000000	72064.000000	82688.000000	0.131329	70195.200000	82995.200000	1.182349	86528.000000	90467.840000	insufficient_order_stat_support	1.224074	0.074105	0	complete	noisy	inconclusive	p50_ci_width_0.1313_gt_0.0500;p80_p20_1.1823_gt_1.1500;block_median_ratio_1.2241_gt_1.1000;drift_0.0741_gt_0.0300
quinnperf	idle_footprint	iouring	loopback	16	server_rss_delta_bytes_per_connection	work			20	5	90496.000000	84224.000000	98816.000000	0.161245	83558.400000	99840.000000	1.194853	100377.600000	101437.440000	insufficient_order_stat_support	1.182927	0.022001	0	complete	noisy	inconclusive	p50_ci_width_0.1612_gt_0.0500;p80_p20_1.1949_gt_1.1500;block_median_ratio_1.1829_gt_1.1000
quinnperf	close_reset_cleanup	syscall	loopback	2	streams_per_second	duration	2000		20	5	51519.000000	50930.000000	52418.000000	0.028883	50523.800000	52970.700000	1.048431	50232.700000	49928.950000	insufficient_order_stat_support	1.045530	-0.024207	0	complete	tail_insufficient	publishable	
quinnperf	close_reset_cleanup	iouring	loopback	2	streams_per_second	duration	2000		20	5	54645.250000	52807.500000	55314.500000	0.045878	52695.300000	56866.800000	1.079163	52577.550000	52232.490000	insufficient_order_stat_support	1.054308	-0.006605	0	complete	tail_insufficient	publishable	
noqperf	download	syscall	loopback	2	throughput_gbps	duration	2000		20	5	5.386795	5.345708	5.410367	0.012003	5.265507	5.485535	1.041787	5.254018	5.239883	insufficient_order_stat_support	1.018303	0.010712	0	complete	tail_insufficient	publishable	
noqperf	download	iouring	loopback	2	throughput_gbps	duration	2000		20	5	5.498447	5.492773	5.513962	0.003854	5.480760	5.545155	1.011749	5.451288	5.409274	insufficient_order_stat_support	1.006422	0.000716	0	complete	tail_insufficient	publishable	
noqperf	upload	syscall	loopback	1	throughput_gbps	duration	2000		20	5	2.862236	2.862236	2.866321	0.001427	2.854177	2.887177	1.011562	2.828317	2.792605	insufficient_order_stat_support	1.003815	-0.002313	0	complete	tail_insufficient	publishable	
noqperf	upload	iouring	loopback	1	throughput_gbps	duration	2000		20	5	3.423858	3.422830	3.433040	0.002982	3.397939	3.449484	1.015170	3.390146	3.339424	insufficient_order_stat_support	1.006426	0.004239	0	complete	tail_insufficient	publishable	
noqperf	connect	syscall	loopback	8	connections_per_second	work		16	20	5	305.874992	302.661366	306.455811	0.012405	285.605560	327.171500	1.145536	283.544102	262.462943	insufficient_order_stat_support	1.098720	-0.053795	0	complete	noisy	inconclusive	drift_-0.0538_gt_0.0300
noqperf	connect	iouring	loopback	16	connections_per_second	work		8	20	5	276.724679	267.618277	281.786335	0.051199	266.346453	282.752027	1.061595	260.511024	255.612159	insufficient_order_stat_support	1.084178	0.042558	0	complete	noisy	inconclusive	p50_ci_width_0.0512_gt_0.0500;drift_0.0426_gt_0.0300
noqperf	reqresp	syscall	loopback	1	requests_per_second	duration	2000		20	5	32764.500000	32764.500000	32764.500000	0.000000	32764.500000	32765.000000	1.000015	32764.500000	32764.500000	insufficient_order_stat_support	1.000008	-0.000004	0	complete	tail_insufficient	publishable	
noqperf	reqresp	iouring	loopback	1	requests_per_second	duration	2000		20	5	32765.000000	32764.500000	32765.000000	0.000015	32764.500000	32765.500000	1.000031	32764.500000	32764.500000	insufficient_order_stat_support	1.000023	-0.000004	0	complete	tail_insufficient	publishable	
noqperf	stream_churn	syscall	loopback	2	streams_per_second	duration	2000		20	5	44055.500000	43924.000000	44103.000000	0.004063	43235.500000	44560.800000	1.030653	42808.450000	42737.890000	insufficient_order_stat_support	1.014838	-0.000239	0	complete	tail_insufficient	publishable	
noqperf	stream_churn	iouring	loopback	1	streams_per_second	duration	2000		20	5	32765.000000	32764.500000	32765.000000	0.000015	32764.500000	32765.000000	1.000015	32764.500000	32764.500000	insufficient_order_stat_support	1.000023	-0.000019	0	complete	tail_insufficient	publishable	
noqperf	multistream_download	syscall	loopback	2	throughput_gbps	duration	2000		20	5	5.299551	5.226050	5.319930	0.017715	5.186987	5.335512	1.028634	5.172574	5.163763	insufficient_order_stat_support	1.023158	-0.005909	0	complete	tail_insufficient	publishable	
noqperf	multistream_download	iouring	loopback	2	throughput_gbps	duration	2000		20	5	5.368531	5.329301	5.401505	0.013449	5.300175	5.414410	1.021553	5.286578	5.271628	insufficient_order_stat_support	1.019473	-0.008083	0	complete	tail_insufficient	publishable	
noqperf	multistream_upload	syscall	loopback	8	throughput_gbps	duration	2000		20	5	0.767558	0.761266	0.771752	0.013662	0.760847	0.771752	1.014333	0.758750	0.753276	insufficient_order_stat_support	1.019390	-0.004087	0	complete	tail_insufficient	publishable	
noqperf	multistream_upload	iouring	loopback	8	throughput_gbps	duration	2000		20	5	0.767558	0.767558	0.767558	0.000000	0.761266	0.767977	1.008816	0.757806	0.749030	insufficient_order_stat_support	1.008265	-0.002733	0	complete	tail_insufficient	publishable	
noqperf	bidi	syscall	loopback	1	throughput_gbps	duration	2000		20	5	3.856375	3.837994	3.893363	0.014358	3.782010	3.936721	1.040907	3.742712	3.703613	insufficient_order_stat_support	1.040457	0.000244	0	complete	tail_insufficient	publishable	
noqperf	bidi	iouring	loopback	1	throughput_gbps	duration	2000		20	5	4.385600	4.291297	4.387766	0.021997	4.287627	4.460892	1.040410	4.273511	4.214703	insufficient_order_stat_support	1.032232	0.008627	0	complete	tail_insufficient	publishable	
noqperf	small_payload_pps	syscall	loopback	2	messages_per_second	duration	2000		20	5	44582.750000	44263.750000	45192.000000	0.020821	44026.900000	45239.100000	1.027533	43484.050000	43249.690000	insufficient_order_stat_support	1.021112	-0.010440	0	complete	tail_insufficient	publishable	
noqperf	small_payload_pps	iouring	loopback	1	messages_per_second	duration	2000		20	5	32765.000000	32764.750000	32765.250000	0.000015	32764.500000	32765.100000	1.000018	32764.500000	32764.500000	insufficient_order_stat_support	1.000023	0.000000	0	complete	tail_insufficient	publishable	
noqperf	loss_recovery	syscall	loopback	2	throughput_gbps	duration	5000		20	5	5.102222	5.085224	5.106462	0.004163	5.042304	5.119992	1.015407	5.031483	5.020877	insufficient_order_stat_support	1.007574	0.003799	0	complete	tail_insufficient	publishable	
noqperf	loss_recovery	iouring	loopback	2	throughput_gbps	duration	5000		20	5	4.967051	4.959479	4.972971	0.002716	4.950359	5.002351	1.010503	4.939889	4.897363	insufficient_order_stat_support	1.009427	0.002569	0	complete	tail_insufficient	publishable	
noqperf	flow_control	syscall	loopback	2	throughput_gbps	duration	2000		20	5	4.225389	4.194485	4.256488	0.014674	4.168802	4.309048	1.033642	4.156878	4.124253	insufficient_order_stat_support	1.025667	0.019901	0	complete	tail_insufficient	publishable	
noqperf	flow_control	iouring	loopback	2	throughput_gbps	duration	2000		20	5	4.319797	4.298362	4.378222	0.018487	4.290768	4.405729	1.026793	4.270710	4.220794	insufficient_order_stat_support	1.018887	0.010326	0	complete	tail_insufficient	publishable	
noqperf	resumed_connect	syscall	loopback	16	connections_per_second	work		2	20	5	14.431365	14.414941	14.471425	0.003914	14.407295	14.484799	1.005380	14.394767	14.296903	insufficient_order_stat_support	1.004383	0.000787	0	complete	tail_insufficient	publishable	
noqperf	resumed_connect	iouring	loopback	16	connections_per_second	work		2	20	5	14.966822	14.914633	15.010525	0.006407	14.890920	15.008449	1.007893	14.877989	14.807238	insufficient_order_stat_support	1.007806	0.001548	0	complete	tail_insufficient	publishable	
noqperf	zero_rtt_reqresp	syscall	loopback	1	requests_per_second	duration	2000		20	5	32764.750000	32764.500000	32765.000000	0.000015	32764.500000	32765.000000	1.000015	32764.500000	32764.500000	insufficient_order_stat_support	1.000023	-0.000008	0	complete	tail_insufficient	publishable	
noqperf	zero_rtt_reqresp	iouring	loopback	1	requests_per_second	duration	2000		20	5	32764.500000	32764.500000	32764.750000	0.000008	32764.500000	32765.000000	1.000015	32764.500000	32764.500000	insufficient_order_stat_support	1.000008	0.000004	0	complete	tail_insufficient	publishable	
noqperf	datagram	syscall	loopback	4	datagrams_per_second	duration	2000		20	5	2772331.000000	2764472.000000	2779425.000000	0.005394	2746399.600000	2784624.600000	1.013918	2734675.500000	2720516.070000	insufficient_order_stat_support	1.007664	-0.003597	0	complete	tail_insufficient	publishable	
noqperf	datagram	iouring	loopback	4	datagrams_per_second	duration	2000		20	5	2642925.500000	2599772.500000	2660031.750000	0.022800	2590239.900000	2677831.200000	1.033816	2563678.450000	2523965.635000	insufficient_order_stat_support	1.028795	-0.002712	0	complete	tail_insufficient	publishable	
noqperf	idle_footprint	syscall	loopback	16	server_rss_delta_bytes_per_connection	work			20	5	113920.000000	112896.000000	121856.000000	0.078652	109158.400000	124620.800000	1.141651	130918.400000	132876.800000	insufficient_order_stat_support	1.141040	0.016816	0	complete	noisy	inconclusive	p50_ci_width_0.0787_gt_0.0500;block_median_ratio_1.1410_gt_1.1000
noqperf	idle_footprint	iouring	loopback	16	server_rss_delta_bytes_per_connection	work			20	5	141696.000000	135936.000000	145280.000000	0.065944	134041.600000	147097.600000	1.097403	152166.400000	154124.800000	insufficient_order_stat_support	1.089695	0.055399	0	complete	noisy	inconclusive	p50_ci_width_0.0659_gt_0.0500;drift_0.0554_gt_0.0300
noqperf	close_reset_cleanup	syscall	loopback	2	streams_per_second	duration	2000		20	5	43988.250000	43763.000000	44379.000000	0.014004	43666.700000	44744.500000	1.024682	43370.350000	42950.905000	insufficient_order_stat_support	1.019290	-0.000659	0	complete	tail_insufficient	publishable	
noqperf	close_reset_cleanup	iouring	loopback	1	streams_per_second	duration	2000		20	5	32764.500000	32764.500000	32765.000000	0.000015	32764.500000	32765.000000	1.000015	32764.500000	32764.500000	insufficient_order_stat_support	1.000015	-0.000008	0	complete	tail_insufficient	publishable	
tquicperf	download	syscall	loopback	1	throughput_gbps	duration	2000		20	5	8.599656	8.534728	8.756929	0.025838	8.476550	8.796022	1.037689	8.421730	8.378620	insufficient_order_stat_support	1.035750	0.001127	0	complete	tail_insufficient	publishable	
tquicperf	download	iouring	loopback	1	throughput_gbps	duration	2000		20	5	8.871873	8.661126	9.090872	0.048439	8.458412	9.121776	1.078426	8.349207	8.010520	insufficient_order_stat_support	1.054277	0.024267	0	complete	noisy	inconclusive	p50_ci_width_0.0484_gt_0.0300
tquicperf	upload	syscall	loopback	16	throughput_gbps	duration	2000		20	5	14.251444	14.113956	14.403446	0.020313	14.108734	14.515332	1.028819	14.026603	13.871887	insufficient_order_stat_support	1.028680	0.002171	0	complete	tail_insufficient	publishable	
tquicperf	upload	iouring	loopback	4	throughput_gbps	duration	2000		20	5	12.096529	12.093841	12.098478	0.000383	11.962835	12.127655	1.013778	11.960718	11.851959	insufficient_order_stat_support	1.011395	0.000113	9	complete	noisy	inconclusive	outliers_9
tquicperf	connect	syscall	loopback	16	connections_per_second	work		8	20	5	300.440243	295.741520	303.038015	0.024286	285.520136	308.187108	1.079388	281.594986	280.706581	insufficient_order_stat_support	1.064542	-0.003302	0	complete	tail_insufficient	publishable	
tquicperf	connect	iouring	loopback	16	connections_per_second	work		8	20	5	274.999622	272.654096	276.981848	0.015737	271.389970	278.733160	1.027058	270.273637	261.775633	insufficient_order_stat_support	1.020561	0.015784	0	complete	tail_insufficient	publishable	
tquicperf	reqresp	syscall	loopback	16	requests_per_second	duration	2000		20	5	155043.250000	154589.750000	156092.000000	0.009689	154018.600000	156506.200000	1.016151	152706.550000	152640.445000	insufficient_order_stat_support	1.016094	-0.005284	0	complete	tail_insufficient	publishable	
tquicperf	reqresp	iouring	loopback	16	requests_per_second	duration	2000		20	5	153124.000000	152921.750000	153382.750000	0.003011	151916.600000	154200.700000	1.015035	151605.600000	149234.460000	insufficient_order_stat_support	1.005881	0.000546	0	complete	tail_insufficient	publishable	
tquicperf	stream_churn	syscall	loopback	16	streams_per_second	duration	2000		20	5	178272.000000	177570.000000	179464.000000	0.010624	176608.000000	180984.800000	1.024783	175498.000000	174451.480000	insufficient_order_stat_support	1.015473	-0.009609	0	complete	tail_insufficient	publishable	
tquicperf	stream_churn	iouring	loopback	16	streams_per_second	duration	2000		20	5	176678.000000	175702.250000	177986.000000	0.012926	175589.200000	178067.200000	1.014112	173001.200000	172607.360000	insufficient_order_stat_support	1.021922	-0.005341	0	complete	tail_insufficient	publishable	
tquicperf	multistream_download	syscall	loopback	2	throughput_gbps	duration	2000		20	5	10.049245	9.808006	10.225691	0.041564	9.637360	10.298835	1.068636	9.381189	8.770556	insufficient_order_stat_support	1.056058	-0.008156	0	complete	noisy	inconclusive	p50_ci_width_0.0416_gt_0.0300
tquicperf	multistream_download	iouring	loopback	1	throughput_gbps	duration	2000		20	5	8.555343	8.258861	8.800959	0.063364	8.248438	8.953468	1.085474	8.202381	8.179928	insufficient_order_stat_support	1.087006	0.023186	0	complete	noisy	inconclusive	p50_ci_width_0.0634_gt_0.0300
tquicperf	multistream_upload	syscall	loopback	2	throughput_gbps	duration	2000		20	5	14.157874	14.076084	14.210302	0.009480	14.011492	14.282444	1.019338	13.240998	13.233826	insufficient_order_stat_support	1.015793	-0.004152	0	complete	tail_insufficient	publishable	
tquicperf	multistream_upload	iouring	loopback	2	throughput_gbps	duration	2000		20	5	12.769559	12.706644	12.807308	0.007883	12.619822	12.889935	1.021404	12.470505	12.060176	insufficient_order_stat_support	1.010401	-0.004760	0	complete	tail_insufficient	publishable	
tquicperf	bidi	syscall	loopback	4	throughput_gbps	duration	2000		20	5	11.223257	11.186209	11.400118	0.019059	10.994610	11.551671	1.050667	10.869958	10.477372	insufficient_order_stat_support	1.034335	0.017205	0	complete	tail_insufficient	publishable	
tquicperf	bidi	iouring	loopback	4	throughput_gbps	duration	2000		20	5	10.280824	10.252402	10.351542	0.009643	10.061416	10.439623	1.037590	9.834385	9.823060	insufficient_order_stat_support	1.014496	-0.000255	0	complete	tail_insufficient	publishable	
tquicperf	small_payload_pps	syscall	loopback	16	messages_per_second	duration	2000		20	5	176604.000000	175778.000000	178252.000000	0.014009	174742.400000	179134.400000	1.025134	172126.400000	171082.760000	insufficient_order_stat_support	1.020323	-0.000142	0	complete	tail_insufficient	publishable	
tquicperf	small_payload_pps	iouring	loopback	16	messages_per_second	duration	2000		20	5	174458.500000	174124.000000	175082.000000	0.005491	172240.800000	176380.400000	1.024034	169260.900000	168849.240000	insufficient_order_stat_support	1.019709	0.011192	0	complete	tail_insufficient	publishable	
tquicperf	loss_recovery	syscall	loopback	2	throughput_gbps	duration	5000		20	5	8.979878	8.919639	9.136350	0.024133	8.880321	9.213359	1.037503	8.857012	8.798956	insufficient_order_stat_support	1.033851	-0.008087	0	complete	tail_insufficient	publishable	
tquicperf	loss_recovery	iouring	loopback	2	throughput_gbps	duration	5000		20	5	8.791515	8.736829	8.914043	0.020157	8.696332	9.016850	1.036857	8.627203	8.526719	insufficient_order_stat_support	1.029360	0.013633	0	complete	tail_insufficient	publishable	
tquicperf	flow_control	syscall	loopback	16	throughput_gbps	duration	2000		20	5	7.942835	7.913199	8.064395	0.019036	7.735062	8.079160	1.044485	7.646547	7.401690	insufficient_order_stat_support	1.040396	0.003785	0	complete	tail_insufficient	publishable	
tquicperf	flow_control	iouring	loopback	16	throughput_gbps	duration	2000		20	5	8.102019	8.041287	8.110732	0.008571	7.854643	8.180950	1.041543	7.698897	7.620310	insufficient_order_stat_support	1.015201	-0.007663	0	complete	tail_insufficient	publishable	
tquicperf	resumed_connect	syscall	loopback	16	connections_per_second	work		8	20	5	215.799802	212.166775	218.659422	0.030086	211.163250	221.332555	1.048158	210.215374	207.772807	insufficient_order_stat_support	1.041332	0.006167	0	complete	tail_insufficient	publishable	
tquicperf	resumed_connect	iouring	loopback	8	connections_per_second	work		16	20	5	182.469992	174.414240	184.576944	0.055695	173.780838	190.478443	1.096084	172.758989	169.292804	insufficient_order_stat_support	1.086883	-0.047821	0	complete	noisy	inconclusive	p50_ci_width_0.0557_gt_0.0500;drift_-0.0478_gt_0.0300
tquicperf	zero_rtt_reqresp	syscall	loopback	16	requests_per_second	duration	2000		20	5	154448.000000	153446.000000	155044.750000	0.010351	152155.400000	155156.900000	1.019727	151728.150000	150309.705000	insufficient_order_stat_support	1.014460	-0.005139	0	complete	tail_insufficient	publishable	
tquicperf	zero_rtt_reqresp	iouring	loopback	16	requests_per_second	duration	2000		20	5	152698.000000	151977.500000	154381.000000	0.015740	150924.400000	153567.400000	1.017512	150103.950000	149197.245000	insufficient_order_stat_support	1.026192	-0.016213	0	complete	tail_insufficient	publishable	
tquicperf	datagram	syscall	loopback	2	datagrams_per_second	duration	2000		20	5	887032.250000	882741.750000	888803.000000	0.006833	860080.700000	909343.900000	1.057277	833949.500000	812362.325000	insufficient_order_stat_support	1.010040	-0.003436	0	complete	tail_insufficient	publishable	
tquicperf	datagram	iouring	loopback	2	datagrams_per_second	duration	2000		20	5	839445.500000	831998.250000	849091.500000	0.020363	817104.800000	850753.100000	1.041180	811718.750000	774656.165000	insufficient_order_stat_support	1.031259	-0.017362	0	complete	tail_insufficient	publishable	
tquicperf	idle_footprint	syscall	loopback	16	server_rss_delta_bytes_per_connection	work			20	5	146560.000000	145664.000000	148736.000000	0.020961	145356.800000	155443.200000	1.069391	161203.200000	164474.880000	insufficient_order_stat_support	1.107339	0.001730	0	complete	noisy	inconclusive	block_median_ratio_1.1073_gt_1.1000
tquicperf	idle_footprint	iouring	loopback	16	server_rss_delta_bytes_per_connection	work			20	5	115072.000000	112128.000000	115840.000000	0.032258	104960.000000	119603.200000	1.139512	120755.200000	125685.760000	insufficient_order_stat_support	1.089202	-0.037850	0	complete	noisy	inconclusive	drift_-0.0378_gt_0.0300
tquicperf	close_reset_cleanup	syscall	loopback	16	streams_per_second	duration	2000		20	5	178364.000000	177908.000000	180940.000000	0.016999	177045.000000	181009.000000	1.022390	176090.000000	175037.360000	insufficient_order_stat_support	1.019032	-0.002740	0	complete	tail_insufficient	publishable	
tquicperf	close_reset_cleanup	iouring	loopback	16	streams_per_second	duration	2000		20	5	177026.000000	175472.000000	178664.000000	0.018031	175076.800000	178944.000000	1.022089	173336.000000	172229.720000	insufficient_order_stat_support	1.026320	0.009904	0	complete	tail_insufficient	publishable	
quiczigperf	download	syscall	loopback	1	throughput_gbps	duration	2000		20	5	10.375135	10.139730	10.531653	0.037775	10.086882	10.689603	1.059753	9.976676	9.944590	insufficient_order_stat_support	1.044944	-0.011202	0	complete	noisy	inconclusive	p50_ci_width_0.0378_gt_0.0300
quiczigperf	download	iouring	loopback	1	throughput_gbps	duration	2000		20	5	10.462691	10.450108	10.499391	0.004710	10.338750	10.597958	1.025071	10.237457	10.018137	insufficient_order_stat_support	1.017236	0.001229	0	complete	tail_insufficient	publishable	
quiczigperf	upload	syscall	loopback	1	throughput_gbps	duration	2000		20	5	10.642417	10.604651	10.736370	0.012377	10.412779	10.935180	1.050169	10.289457	10.110559	insufficient_order_stat_support	1.031712	-0.013280	0	complete	tail_insufficient	publishable	
quiczigperf	upload	iouring	loopback	1	throughput_gbps	duration	2000		20	5	10.639901	10.563355	10.735321	0.016162	10.413411	10.866813	1.043540	10.360855	9.950697	insufficient_order_stat_support	1.024912	0.000398	0	complete	tail_insufficient	publishable	
quiczigperf	connect	syscall	loopback	8	connections_per_second	work		16	20	5	286.083448	279.875498	286.083448	0.021700	271.751607	296.267363	1.090214	265.024785	249.259545	insufficient_order_stat_support	1.026214	-0.005466	0	complete	tail_insufficient	publishable	
quiczigperf	connect	iouring	loopback	16	connections_per_second	work		8	20	5	266.934016	263.528233	269.840933	0.023649	260.603175	278.190703	1.067488	254.842411	248.726416	insufficient_order_stat_support	1.030451	-0.017016	0	complete	tail_insufficient	publishable	
quiczigperf	reqresp	syscall	loopback	4	requests_per_second	duration	2000		20	5	3704.000000	3698.750000	3719.000000	0.005467	3686.800000	3733.200000	1.012585	3663.450000	3648.825000	insufficient_order_stat_support	1.006425	-0.000574	0	complete	tail_insufficient	publishable	
quiczigperf	reqresp	iouring	loopback	4	requests_per_second	duration	2000		20	5	3715.500000	3712.500000	3720.250000	0.002086	3703.000000	3750.500000	1.012827	3698.500000	3696.475000	insufficient_order_stat_support	1.005253	0.002556	0	complete	tail_insufficient	publishable	
quiczigperf	stream_churn	syscall	loopback	4	streams_per_second	duration	2000		20	5	3869.000000	3857.500000	3887.250000	0.007689	3824.600000	3889.700000	1.017021	3820.250000	3782.765000	insufficient_order_stat_support	1.013267	-0.002197	0	complete	tail_insufficient	publishable	
quiczigperf	stream_churn	iouring	loopback	4	streams_per_second	duration	2000		20	5	3894.250000	3867.750000	3904.000000	0.009309	3854.900000	3919.500000	1.016758	3848.550000	3827.895000	insufficient_order_stat_support	1.010536	-0.002381	0	complete	tail_insufficient	publishable	
quiczigperf	multistream_download	syscall	loopback	1	throughput_gbps	duration	2000		20	5	3.166176	3.129999	3.175613	0.014406	3.129370	3.183687	1.017357	3.117101	3.085393	insufficient_order_stat_support	1.016952	-0.005158	0	complete	tail_insufficient	publishable	
quiczigperf	multistream_download	iouring	loopback	1	throughput_gbps	duration	2000		20	5	3.167224	3.152019	3.170370	0.005794	3.138179	3.177185	1.012430	3.124651	3.118611	insufficient_order_stat_support	1.010191	0.003075	0	complete	tail_insufficient	publishable	
quiczigperf	multistream_upload	syscall	loopback	4	throughput_gbps	duration	2000		20	5	9.392095	9.348579	9.418310	0.007424	9.340295	9.431312	1.009745	9.328657	9.297608	insufficient_order_stat_support	1.010220	-0.000808	0	complete	tail_insufficient	publishable	
quiczigperf	multistream_upload	iouring	loopback	4	throughput_gbps	duration	2000		20	5	8.976335	8.906605	8.996258	0.009988	8.896119	9.016076	1.013484	8.874308	8.830237	insufficient_order_stat_support	1.017964	-0.007002	0	complete	tail_insufficient	publishable	
quiczigperf	bidi	syscall	loopback	1	throughput_gbps	duration	2000		20	5	5.286396	5.239734	5.306843	0.012695	5.234701	5.317582	1.015833	5.201204	5.150614	insufficient_order_stat_support	1.018002	-0.007784	0	complete	tail_insufficient	publishable	
quiczigperf	bidi	iouring	loopback	1	throughput_gbps	duration	2000		20	5	5.274862	5.257650	5.311262	0.010164	5.242059	5.333344	1.017414	5.224972	5.173066	insufficient_order_stat_support	1.014273	0.005399	0	complete	tail_insufficient	publishable	
quiczigperf	small_payload_pps	syscall	loopback	8	messages_per_second	duration	2000		20	5	3936.000000	3931.500000	3962.000000	0.007749	3921.600000	3966.000000	1.011322	3903.600000	3881.370000	insufficient_order_stat_support	1.009348	-0.003733	0	complete	tail_insufficient	publishable	
quiczigperf	small_payload_pps	iouring	loopback	8	messages_per_second	duration	2000		20	5	3938.000000	3936.000000	3962.750000	0.006793	3933.000000	3968.000000	1.008899	3931.150000	3906.850000	insufficient_order_stat_support	1.011120	-0.001548	0	complete	tail_insufficient	publishable	
quiczigperf	loss_recovery	syscall	loopback	1	throughput_gbps	duration	5000		20	5	9.393958	8.797989	9.909551	0.118327	8.457600	9.933053	1.174453	8.367640	8.262901	insufficient_order_stat_support	1.149881	-0.050097	0	complete	noisy	inconclusive	p50_ci_width_0.1183_gt_0.0800;p80_p20_1.1745_gt_1.1500;block_median_ratio_1.1499_gt_1.1000;drift_-0.0501_gt_0.0300
quiczigperf	loss_recovery	iouring	loopback	1	throughput_gbps	duration	5000		20	5	9.628566	9.453554	9.758188	0.031639	9.456132	9.785732	1.034856	9.433700	9.154927	insufficient_order_stat_support	1.037914	0.002950	0	complete	tail_insufficient	publishable	
quiczigperf	flow_control	syscall	loopback	2	throughput_gbps	duration	2000		20	5	8.470081	8.373008	8.635894	0.031037	8.284317	8.742762	1.055339	8.155843	8.100967	insufficient_order_stat_support	1.043178	0.011732	0	complete	tail_insufficient	publishable	
quiczigperf	flow_control	iouring	loopback	2	throughput_gbps	duration	2000		20	5	8.434462	8.359397	8.674730	0.037386	8.257139	8.735968	1.057990	8.237277	8.174953	insufficient_order_stat_support	1.042958	0.011580	0	complete	tail_insufficient	publishable	
quiczigperf	resumed_connect	syscall	loopback	16	connections_per_second	work		2	20	5	14.110829	14.021666	14.284508	0.018627	14.016319	14.395003	1.027017	13.969395	13.784002	insufficient_order_stat_support	1.024762	0.007122	0	complete	tail_insufficient	publishable	
quiczigperf	resumed_connect	iouring	loopback	16	connections_per_second	work		2	20	5	14.581590	14.492413	14.852339	0.024684	14.484515	14.866052	1.026341	14.425841	14.089199	insufficient_order_stat_support	1.025797	0.014140	0	complete	tail_insufficient	publishable	
quiczigperf	zero_rtt_reqresp	syscall	loopback	4	requests_per_second	duration	2000		20	5	3663.750000	3653.500000	3671.500000	0.004913	3647.400000	3681.100000	1.009239	3636.100000	3618.730000	insufficient_order_stat_support	1.005889	0.001366	0	complete	tail_insufficient	publishable	
quiczigperf	zero_rtt_reqresp	iouring	loopback	4	requests_per_second	duration	2000		20	5	3666.500000	3652.500000	3676.000000	0.006409	3653.700000	3685.900000	1.008813	3647.600000	3643.595000	insufficient_order_stat_support	1.009523	0.000341	0	complete	tail_insufficient	publishable	
quiczigperf	datagram	syscall	loopback	2	datagrams_per_second	duration	2000		20	5	3553603.000000	3475111.000000	3633353.500000	0.044530	3442595.200000	3719183.800000	1.080343	3418734.150000	3403750.230000	insufficient_order_stat_support	1.052068	-0.019899	0	complete	tail_insufficient	publishable	
quiczigperf	datagram	iouring	loopback	2	datagrams_per_second	duration	2000		20	5	3459619.750000	3454390.500000	3486540.000000	0.009293	3422746.100000	3535736.200000	1.033012	3367573.050000	3339850.575000	insufficient_order_stat_support	1.030800	-0.008337	0	complete	tail_insufficient	publishable	
quiczigperf	idle_footprint	syscall	loopback	16	server_rss_delta_bytes_per_connection	work			20	5	464384.000000	461312.000000	464640.000000	0.007166	444416.000000	464640.000000	1.045507	464665.600000	464896.000000	insufficient_order_stat_support	1.025996	-0.022314	6	complete	noisy	inconclusive	outliers_6
quiczigperf	idle_footprint	iouring	loopback	16	server_rss_delta_bytes_per_connection	work			20	5	470144.000000	451456.000000	470784.000000	0.041111	451174.400000	471808.000000	1.045733	472064.000000	472064.000000	insufficient_order_stat_support	1.045416	0.030873	0	complete	noisy	inconclusive	drift_0.0309_gt_0.0300
quiczigperf	close_reset_cleanup	syscall	loopback	4	streams_per_second	duration	2000		20	5	3835.000000	3827.500000	3874.500000	0.012256	3821.800000	3876.600000	1.014339	3794.150000	3786.095000	insufficient_order_stat_support	1.014325	0.007290	0	complete	tail_insufficient	publishable	
quiczigperf	close_reset_cleanup	iouring	loopback	8	streams_per_second	duration	2000		20	5	3936.000000	3936.000000	3945.000000	0.002287	3932.400000	3968.000000	1.009053	3928.000000	3924.760000	insufficient_order_stat_support	1.004702	0.000571	0	complete	tail_insufficient	publishable	
mvfstperf	download	syscall	loopback	1	throughput_gbps	duration	2000		20	5	7.482661	7.384413	7.520706	0.018214	7.177055	7.640208	1.064532	6.852759	6.795569	insufficient_order_stat_support	1.032718	0.003784	0	complete	tail_insufficient	publishable	
mvfstperf	download	iouring	loopback	2	throughput_gbps	duration	2000		20	5	7.586037	7.535158	7.657819	0.016169	7.276908	7.704326	1.058736	6.849298	6.735466	insufficient_order_stat_support	1.036941	-0.009183	0	complete	tail_insufficient	publishable	
mvfstperf	upload	syscall	loopback	8	throughput_gbps	duration	2000		20	5	8.247589	8.217685	8.269209	0.006247	8.196748	8.301220	1.012746	8.115492	8.087827	insufficient_order_stat_support	1.008633	0.000603	0	complete	tail_insufficient	publishable	
mvfstperf	upload	iouring	loopback	8	throughput_gbps	duration	2000		20	5	7.770770	7.633270	7.889455	0.032968	6.955958	8.045091	1.156576	6.831885	6.326801	insufficient_order_stat_support	1.083430	0.013608	0	complete	noisy	inconclusive	p50_ci_width_0.0330_gt_0.0300;p80_p20_1.1566_gt_1.1500
mvfstperf	connect	syscall	loopback	16	connections_per_second	work		8	20	5	261.264648	254.764925	263.415835	0.033112	248.475416	270.860271	1.090089	242.791992	241.022794	insufficient_order_stat_support	1.062772	0.027655	0	complete	tail_insufficient	publishable	
mvfstperf	connect	iouring	loopback	16	connections_per_second	work		8	20	5	254.387263	244.896998	254.814931	0.038988	244.230665	261.134799	1.069214	241.868505	238.530125	insufficient_order_stat_support	1.062985	0.036379	0	complete	noisy	inconclusive	drift_0.0364_gt_0.0300
mvfstperf	reqresp	syscall	loopback	16	requests_per_second	duration	2000		20	5	11070.250000	10967.500000	11097.750000	0.011766	10954.000000	11182.400000	1.020851	10944.000000	10840.320000	insufficient_order_stat_support	1.015873	-0.006128	0	complete	tail_insufficient	publishable	
mvfstperf	reqresp	iouring	loopback	16	requests_per_second	duration	2000		20	5	10708.750000	10624.000000	10799.500000	0.016388	10320.400000	10822.100000	1.048612	9855.650000	9850.880000	insufficient_order_stat_support	1.051994	0.013402	0	complete	tail_insufficient	publishable	
mvfstperf	stream_churn	syscall	loopback	16	streams_per_second	duration	2000		20	5	11067.000000	11008.000000	11088.000000	0.007229	10944.400000	11134.400000	1.017360	10895.300000	10768.220000	insufficient_order_stat_support	1.010204	-0.003284	0	complete	tail_insufficient	publishable	
mvfstperf	stream_churn	iouring	loopback	16	streams_per_second	duration	2000		20	5	10824.750000	10286.750000	10880.000000	0.054805	10167.200000	11018.500000	1.083730	9920.000000	9816.320000	insufficient_order_stat_support	1.098023	0.045391	0	complete	noisy	inconclusive	p50_ci_width_0.0548_gt_0.0500;drift_0.0454_gt_0.0300
mvfstperf	multistream_download	syscall	loopback	4	throughput_gbps	duration	2000		20	5	6.120225	6.091048	6.131422	0.006597	6.030520	6.203785	1.028731	6.005665	5.795538	insufficient_order_stat_support	1.013100	0.012265	0	complete	tail_insufficient	publishable	
mvfstperf	multistream_download	iouring	loopback	16	throughput_gbps	duration	2000		20	5	5.956594	5.880505	5.999353	0.019952	5.865773	6.016843	1.025755	5.859155	5.797936	insufficient_order_stat_support	1.026616	-0.007289	0	complete	tail_insufficient	publishable	
mvfstperf	multistream_upload	syscall	loopback	16	throughput_gbps	duration	2000		20	5	7.879000	7.858028	7.902069	0.005590	7.801406	8.002732	1.025806	7.769529	7.513498	insufficient_order_stat_support	1.020206	-0.003593	0	complete	tail_insufficient	publishable	
mvfstperf	multistream_upload	iouring	loopback	16	throughput_gbps	duration	2000		20	5	6.927417	6.878659	6.947340	0.009914	6.848459	6.996099	1.021558	6.844265	6.823126	insufficient_order_stat_support	1.012733	-0.001174	0	complete	tail_insufficient	publishable	
mvfstperf	bidi	syscall	loopback	4	throughput_gbps	duration	2000		20	5	7.406184	7.346323	7.432444	0.011628	7.333093	7.476985	1.019622	7.293494	7.250476	insufficient_order_stat_support	1.015648	0.002703	0	complete	tail_insufficient	publishable	
mvfstperf	bidi	iouring	loopback	4	throughput_gbps	duration	2000		20	5	7.191818	7.165968	7.214294	0.006720	7.126242	7.258508	1.018560	7.093658	7.042311	insufficient_order_stat_support	1.015736	-0.011357	0	complete	tail_insufficient	publishable	
mvfstperf	small_payload_pps	syscall	loopback	16	messages_per_second	duration	2000		20	5	11136.000000	10979.500000	11205.000000	0.020250	10972.400000	11213.200000	1.021946	10878.950000	10836.290000	insufficient_order_stat_support	1.028148	0.000372	0	complete	tail_insufficient	publishable	
mvfstperf	small_payload_pps	iouring	loopback	16	messages_per_second	duration	2000		20	5	10656.000000	10368.000000	10840.000000	0.044294	10291.200000	10846.800000	1.053988	9974.800000	9759.160000	insufficient_order_stat_support	1.050697	0.001927	0	complete	tail_insufficient	publishable	
mvfstperf	loss_recovery	syscall	loopback	16	throughput_gbps	duration	5000		20	5	7.425966	7.356535	7.581282	0.030265	7.276463	7.657061	1.052305	7.190903	7.077180	insufficient_order_stat_support	1.037431	0.013262	0	complete	tail_insufficient	publishable	
mvfstperf	loss_recovery	iouring	loopback	16	throughput_gbps	duration	5000		20	5	7.502546	7.453200	7.532426	0.010560	7.315117	7.579384	1.036126	7.274382	7.064860	insufficient_order_stat_support	1.015269	0.001508	0	complete	tail_insufficient	publishable	
mvfstperf	flow_control	syscall	loopback	2	throughput_gbps	duration	2000		20	5	6.659187	6.578121	6.701678	0.018554	6.320062	6.779116	1.072634	6.015487	5.874874	insufficient_order_stat_support	1.033890	-0.006750	0	complete	tail_insufficient	publishable	
mvfstperf	flow_control	iouring	loopback	4	throughput_gbps	duration	2000		20	5	6.652826	6.594458	6.720717	0.018978	6.282018	6.768555	1.077449	6.022670	5.971402	insufficient_order_stat_support	1.021507	-0.003511	0	complete	tail_insufficient	publishable	
mvfstperf	resumed_connect	syscall	loopback	4	connections_per_second	work		32	20	5	289.168104	265.343968	310.817464	0.157256	264.370287	308.366659	1.166420	259.251586	248.098066	insufficient_order_stat_support	1.226971	-0.066563	0	complete	noisy	inconclusive	p50_ci_width_0.1573_gt_0.0500;p80_p20_1.1664_gt_1.1500;block_median_ratio_1.2270_gt_1.1000;drift_-0.0666_gt_0.0300
mvfstperf	resumed_connect	iouring	loopback	2	connections_per_second	work		64	20	5	264.268143	260.707337	267.331047	0.025064	257.936699	271.234310	1.051554	254.987368	253.917717	insufficient_order_stat_support	1.053159	-0.013228	0	complete	tail_insufficient	publishable	
mvfstperf	zero_rtt_reqresp	syscall	loopback	16	requests_per_second	duration	2000		20	5	10880.000000	10877.750000	10885.250000	0.000689	10741.300000	10948.800000	1.019318	10694.600000	10585.610000	insufficient_order_stat_support	1.011961	-0.004664	0	complete	tail_insufficient	publishable	
mvfstperf	zero_rtt_reqresp	iouring	loopback	16	requests_per_second	duration	2000		20	5	10527.000000	10498.000000	10529.250000	0.002969	10236.800000	10624.000000	1.037824	10129.700000	9626.600000	insufficient_order_stat_support	1.015308	0.000963	0	complete	tail_insufficient	publishable	
mvfstperf	datagram	syscall	loopback	16	datagrams_per_second	duration	2000		20	5	74796.500000	71161.750000	77107.750000	0.079496	65114.000000	80716.600000	1.239620	61151.150000	51604.940000	insufficient_order_stat_support	1.098987	0.090880	0	complete	noisy	inconclusive	p50_ci_width_0.0795_gt_0.0500;p80_p20_1.2396_gt_1.1500;drift_0.0909_gt_0.0300
mvfstperf	datagram	iouring	loopback	1	datagrams_per_second	duration	2000		20	5	379325.750000	378570.500000	381891.000000	0.008754	370076.900000	391447.700000	1.057747	328096.500000	18504.735000	insufficient_order_stat_support	1.025697	-0.014970	2	complete	noisy	inconclusive	outliers_2
mvfstperf	idle_footprint	syscall	loopback	16	server_rss_delta_bytes_per_connection	work			20	5	278528.000000	275712.000000	285184.000000	0.034007	272128.000000	285952.000000	1.050800	288051.200000	289134.080000	insufficient_order_stat_support	1.037209	-0.014393	0	complete	tail_insufficient	publishable	
mvfstperf	idle_footprint	iouring	loopback	16	server_rss_delta_bytes_per_connection	work			20	5	235520.000000	234112.000000	239872.000000	0.024457	232652.800000	241664.000000	1.038732	245862.400000	248028.160000	insufficient_order_stat_support	1.026244	0.021579	0	complete	tail_insufficient	publishable	
mvfstperf	close_reset_cleanup	syscall	loopback	16	streams_per_second	duration	2000		20	5	11022.000000	11008.000000	11072.000000	0.005807	11001.700000	11137.600000	1.012353	10944.000000	10840.320000	insufficient_order_stat_support	1.010402	0.003740	0	complete	tail_insufficient	publishable	
mvfstperf	close_reset_cleanup	iouring	loopback	16	streams_per_second	duration	2000		20	5	10798.250000	10473.750000	10944.000000	0.043549	10409.200000	10986.000000	1.055413	10099.200000	9880.320000	insufficient_order_stat_support	1.072863	-0.017904	0	complete	tail_insufficient	publishable	
ngtcp2perf	download	syscall	loopback	1	throughput_gbps	duration	2000		20	5	18.227434	17.413756	18.820913	0.077200	16.996565	18.928185	1.113648	16.844955	16.296638	insufficient_order_stat_support	1.121802	0.044446	0	complete	noisy	inconclusive	p50_ci_width_0.0772_gt_0.0300;block_median_ratio_1.1218_gt_1.1000;drift_0.0444_gt_0.0300
ngtcp2perf	download	iouring	loopback	4	throughput_gbps	duration	2000		20	5	16.719807	16.354756	16.980649	0.037434	16.309646	17.329318	1.062520	16.023303	15.807672	insufficient_order_stat_support	1.055829	-0.017877	0	complete	noisy	inconclusive	p50_ci_width_0.0374_gt_0.0300
ngtcp2perf	upload	syscall	loopback	2	throughput_gbps	duration	2000		20	5	31.047352	30.509954	31.154459	0.020759	29.331738	31.355699	1.069002	27.761202	27.220813	insufficient_order_stat_support	1.039782	-0.004184	0	complete	tail_insufficient	publishable	
ngtcp2perf	upload	iouring	loopback	2	throughput_gbps	duration	2000		20	5	22.269845	22.042885	22.316019	0.012265	21.243194	22.686447	1.067940	20.210064	19.955098	insufficient_order_stat_support	1.012875	-0.010992	0	complete	tail_insufficient	publishable	
ngtcp2perf	connect	syscall	loopback	16	connections_per_second	work		8	20	5	112.772161	112.495919	114.307739	0.016066	111.919552	114.851598	1.026198	111.507638	108.625817	insufficient_order_stat_support	1.018499	0.002348	0	complete	tail_insufficient	publishable	
ngtcp2perf	connect	iouring	loopback	16	connections_per_second	work		8	20	5	115.897967	111.389530	119.079215	0.066349	111.280669	119.385372	1.072831	110.075749	106.059865	insufficient_order_stat_support	1.088451	-0.045369	0	complete	noisy	inconclusive	p50_ci_width_0.0663_gt_0.0500;drift_-0.0454_gt_0.0300
ngtcp2perf	reqresp	syscall	loopback	16	requests_per_second	duration	2000		20	5	51386.000000	50672.500000	52555.000000	0.036634	50421.600000	52634.400000	1.043886	50134.800000	49229.220000	insufficient_order_stat_support	1.046591	-0.013648	0	complete	tail_insufficient	publishable	
ngtcp2perf	reqresp	iouring	loopback	16	requests_per_second	duration	2000		20	5	44244.500000	44011.000000	44586.000000	0.012996	43378.300000	44887.000000	1.034780	43102.550000	42546.260000	insufficient_order_stat_support	1.019860	-0.012695	0	complete	tail_insufficient	publishable	
ngtcp2perf	stream_churn	syscall	loopback	16	streams_per_second	duration	2000		20	5	52478.250000	52158.000000	53048.000000	0.016959	51561.700000	53072.000000	1.029291	50793.200000	50258.690000	insufficient_order_stat_support	1.019071	-0.006138	0	complete	tail_insufficient	publishable	
ngtcp2perf	stream_churn	iouring	loopback	16	streams_per_second	duration	2000		20	5	42407.250000	42271.500000	42655.750000	0.009061	41954.900000	42828.800000	1.020830	41823.300000	41008.395000	insufficient_order_stat_support	1.011704	-0.006489	0	complete	tail_insufficient	publishable	
ngtcp2perf	multistream_download	syscall	loopback	1	throughput_gbps	duration	2000		20	5	16.459255	16.208107	16.728337	0.031607	15.898892	17.364411	1.092177	15.730946	15.645561	insufficient_order_stat_support	1.036897	-0.005555	0	complete	noisy	inconclusive	p50_ci_width_0.0316_gt_0.0300
ngtcp2perf	multistream_download	iouring	loopback	4	throughput_gbps	duration	2000		20	5	16.581695	16.453040	16.746833	0.017718	16.111621	16.907648	1.049407	15.733874	15.309832	insufficient_order_stat_support	1.049067	-0.019131	0	complete	tail_insufficient	publishable	
ngtcp2perf	multistream_upload	syscall	loopback	4	throughput_gbps	duration	2000		20	5	24.815739	24.688039	25.035587	0.014005	24.120790	25.135400	1.042064	23.325685	23.125661	insufficient_order_stat_support	1.022063	-0.011772	0	complete	tail_insufficient	publishable	
ngtcp2perf	multistream_upload	iouring	loopback	2	throughput_gbps	duration	2000		20	5	18.761039	18.607577	18.780655	0.009225	18.466832	19.041740	1.031132	18.368515	18.225947	insufficient_order_stat_support	1.013021	-0.009525	0	complete	tail_insufficient	publishable	
ngtcp2perf	bidi	syscall	loopback	4	throughput_gbps	duration	2000		20	5	20.503228	20.354352	20.761858	0.019875	19.811557	21.210345	1.070605	19.430063	18.393667	insufficient_order_stat_support	1.026983	-0.011987	0	complete	tail_insufficient	publishable	
ngtcp2perf	bidi	iouring	loopback	4	throughput_gbps	duration	2000		20	5	18.633702	18.579065	18.943213	0.019542	18.435862	19.433382	1.054108	17.931960	17.768645	insufficient_order_stat_support	1.022809	0.011849	0	complete	tail_insufficient	publishable	
ngtcp2perf	small_payload_pps	syscall	loopback	16	messages_per_second	duration	2000		20	5	52724.250000	52542.250000	53282.000000	0.014031	52317.600000	53308.000000	1.018931	51915.600000	50390.640000	insufficient_order_stat_support	1.016237	0.001824	0	complete	tail_insufficient	publishable	
ngtcp2perf	small_payload_pps	iouring	loopback	16	messages_per_second	duration	2000		20	5	42998.000000	42743.250000	43266.750000	0.012175	42253.200000	43295.700000	1.024673	41952.700000	41631.895000	insufficient_order_stat_support	1.016066	-0.007943	0	complete	tail_insufficient	publishable	
ngtcp2perf	loss_recovery	syscall	loopback	2	throughput_gbps	duration	5000		20	5	17.378521	17.126065	17.561864	0.025077	16.795031	17.759650	1.057435	16.687061	16.447522	insufficient_order_stat_support	1.041087	0.017442	0	complete	tail_insufficient	publishable	
ngtcp2perf	loss_recovery	iouring	loopback	8	throughput_gbps	duration	5000		20	5	16.691094	16.610277	16.793551	0.010980	16.405087	16.895949	1.029921	16.208007	15.880944	insufficient_order_stat_support	1.020502	-0.003717	0	complete	tail_insufficient	publishable	
ngtcp2perf	flow_control	syscall	loopback	4	throughput_gbps	duration	2000		20	5	15.600013	15.389316	15.749984	0.023120	14.975614	16.053852	1.072000	14.319036	13.983757	insufficient_order_stat_support	1.051275	0.015167	0	complete	tail_insufficient	publishable	
ngtcp2perf	flow_control	iouring	loopback	8	throughput_gbps	duration	2000		20	5	14.794552	14.760108	14.835775	0.005115	14.289066	15.136109	1.059279	14.109063	13.662592	insufficient_order_stat_support	1.024702	-0.001040	0	complete	tail_insufficient	publishable	
ngtcp2perf	resumed_connect	syscall	loopback	16	connections_per_second	work		8	20	5	112.242537	111.628646	112.606183	0.008709	110.751196	114.597535	1.034730	108.783168	108.402727	insufficient_order_stat_support	1.019952	0.003345	0	complete	tail_insufficient	publishable	
ngtcp2perf	resumed_connect	iouring	loopback	16	connections_per_second	work		8	20	5	113.838521	112.860092	114.607242	0.015348	111.088896	115.279061	1.037719	108.830682	107.675026	insufficient_order_stat_support	1.018852	-0.017665	0	complete	tail_insufficient	publishable	
ngtcp2perf	zero_rtt_reqresp	syscall	loopback	16	requests_per_second	duration	2000		20	5	45569.250000	45349.500000	45640.250000	0.006380	44959.400000	45738.400000	1.017327	44301.150000	43771.320000	insufficient_order_stat_support	1.009306	0.005116	0	complete	tail_insufficient	publishable	
ngtcp2perf	zero_rtt_reqresp	iouring	loopback	16	requests_per_second	duration	2000		20	5	41830.750000	41701.500000	41939.000000	0.005678	41042.800000	42518.600000	1.035958	40053.050000	39995.630000	insufficient_order_stat_support	1.017218	-0.010009	0	complete	tail_insufficient	publishable	
ngtcp2perf	datagram	syscall	loopback	4	datagrams_per_second	duration	2000		20	5	1498893.250000	1483381.750000	1508890.250000	0.017018	1356633.200000	1519980.100000	1.120406	1345201.700000	1316809.265000	insufficient_order_stat_support	1.032059	-0.004305	0	complete	tail_insufficient	publishable	
ngtcp2perf	datagram	iouring	loopback	1	datagrams_per_second	duration	2000		20	5	1369468.250000	1334440.750000	1408435.750000	0.054032	1325091.100000	1426883.000000	1.076819	1315466.350000	1288234.240000	insufficient_order_stat_support	1.092646	-0.036266	0	complete	noisy	inconclusive	p50_ci_width_0.0540_gt_0.0500;drift_-0.0363_gt_0.0300
ngtcp2perf	idle_footprint	syscall	loopback	16	server_rss_delta_bytes_per_connection	work			20	5	110336.000000	105600.000000	113408.000000	0.070766	105062.400000	118630.400000	1.129142	120883.200000	121966.080000	insufficient_order_stat_support	1.117139	0.019678	0	complete	noisy	inconclusive	p50_ci_width_0.0708_gt_0.0500;block_median_ratio_1.1171_gt_1.1000
ngtcp2perf	idle_footprint	iouring	loopback	16	server_rss_delta_bytes_per_connection	work			20	5	76544.000000	75520.000000	78080.000000	0.033445	74905.600000	78643.200000	1.049897	86092.800000	88028.160000	insufficient_order_stat_support	1.071307	0.026072	0	complete	tail_insufficient	publishable	
ngtcp2perf	close_reset_cleanup	syscall	loopback	16	streams_per_second	duration	2000		20	5	52912.000000	52524.000000	53302.000000	0.014704	52278.400000	53476.000000	1.022908	50078.450000	49895.615000	insufficient_order_stat_support	1.020580	-0.010489	0	complete	tail_insufficient	publishable	
ngtcp2perf	close_reset_cleanup	iouring	loopback	16	streams_per_second	duration	2000		20	5	42285.000000	42175.750000	42374.000000	0.004688	41522.700000	42441.700000	1.022132	41115.850000	40862.275000	insufficient_order_stat_support	1.012084	-0.003738	0	complete	tail_insufficient	publishable	
